city_index,osm_id,name,street,number,x,z,height,route_distance,nearest_station,near_route,skyline_candidate,lidar,coverage,unresolved,osm_material,osm_colour,facade_source,renderer_exclusion,map_source
96,w108240979,Wabash-Randolph Parking Garage,East Randolph Street,20-32,-201.7,1.0,53.5,171.2,0,1,0,1,1.0,0,,,,,https://www.openstreetmap.org/way/108240979
3099,w211450613,,,,238.9,13.5,18.5,233.4,15,1,0,1,1.0,0,,,,,https://www.openstreetmap.org/way/211450613
3893,w210671717,Crain Communications Building,North Michigan Avenue,150,-46.9,-1.6,177.5,27.7,20,1,1,1,1.0,0,,,"en.wikipedia.org/wiki/Crain_Communications_Building: 582 ft (177 m), 39 floors, slanted 'cut' top split by a gap ('Diamond Building')",,https://www.openstreetmap.org/way/210671717
369,w147400427,,East Randolph Street,72,-81.2,-9.5,27.5,73.6,20,1,0,1,1.0,0,,,,,https://www.openstreetmap.org/way/147400427
368,w147400425,,East Randolph Street,66,-92.1,-3.6,29.0,85.3,20,1,0,1,1.0,0,,,,,https://www.openstreetmap.org/way/147400425
365,w147400408,,East Randolph Street,62,-103.2,-7.7,17.0,98.0,20,1,0,1,1.0,0,,,,,https://www.openstreetmap.org/way/147400408
366,w147400412,Parkline,East Randolph Street,50,-125.1,-4.9,18.0,109.9,20,1,0,1,1.0,0,,,,,https://www.openstreetmap.org/way/147400412
3138,w234499258,Millennium Station/Pedway,North Michigan Avenue,151,50.9,42.0,167.0,13.0,45,1,1,1,1.0,0,,,,,https://www.openstreetmap.org/way/234499258
3124,w231382219,,,,-20.2,65.6,4.0,18.7,70,1,0,1,1.0,0,,,,,https://www.openstreetmap.org/way/231382219
3142,w234847963,Northwest Exelon Pavilion / Millennium Park Information Center,East Randolph Street,151,168.1,79.2,20.0,161.1,70,1,0,1,1.0,0,,,,,https://www.openstreetmap.org/way/234847963
3140,w234847961,Northeast Exelon Pavilion,East Randolph Street,201,244.5,78.9,22.5,239.6,70,1,0,1,1.0,0,,,,,https://www.openstreetmap.org/way/234847961
3141,w234847962,Joan W. and Irving B. Harris Theater for Music and Dance,East Randolph Street,205,215.2,88.2,27.0,172.7,80,1,0,1,1.0,0,,,,,https://www.openstreetmap.org/way/234847962
3121,w231253695,Millennium Monument,,,48.2,85.9,14.0,35.8,90,1,0,1,1.0,0,,,,,https://www.openstreetmap.org/way/231253695
3139,w234847842,McDonald's Cycle Center,East Randolph Street,239,272.1,95.1,23.5,266.1,90,1,0,1,1.0,0,,,,,https://www.openstreetmap.org/way/234847842
3825,w147397547,The Heritage at Millennium Park,North Garland Court,130,-107.7,75.3,194.5,87.3,130,1,1,1,1.0,0,,,,,https://www.openstreetmap.org/way/147397547
158,w126978545,Jay Pritzker Pavilion,North Columbus Drive,100,207.7,145.1,34.0,161.2,135,1,0,1,1.0,0,,,en.wikipedia.org/wiki/Jay_Pritzker_Pavilion: brushed stainless steel ribbon headdress; shape from USGS LiDAR,,https://www.openstreetmap.org/way/126978545
3730,r15899437,Chicago Cultural Center,East Washington Street,78,-52.1,104.2,39.5,24.7,155,1,0,1,1.0,0,stone,tan,"en.wikipedia.org/wiki/Chicago_Cultural_Center: 32 m, Bedford Blue Limestone on granite, two stained-glass domes set symmetrically atop the two wings",,https://www.openstreetmap.org/relation/15899437
3478,w764598207,,,,184.0,157.0,31.0,175.4,155,1,0,1,1.0,0,,,,,https://www.openstreetmap.org/way/764598207
3480,w764598209,,,,230.3,157.6,39.5,224.1,155,1,0,1,1.0,0,,,,,https://www.openstreetmap.org/way/764598209
339,w147397544,Garland Building,North Wabash Avenue,111,-111.6,155.2,90.0,87.2,160,1,1,1,1.0,0,,,,,https://www.openstreetmap.org/way/147397544
3787,w114824291,Macy's,North State Street,101-137,-218.4,107.0,88.0,166.4,160,1,1,1,1.0,0,,,,,https://www.openstreetmap.org/way/114824291
3479,w764598208,,,,242.9,164.3,36.5,234.2,170,1,0,1,1.0,0,,,,,https://www.openstreetmap.org/way/764598208
3477,w764598206,,,,174.4,167.8,17.5,165.9,175,1,0,1,1.0,0,,,,,https://www.openstreetmap.org/way/764598206
112,w124865461,"Staypineapple, An Iconic Hotel, The Loop",West Washington Street,1,-315.2,197.3,63.0,304.2,190,1,0,1,1.0,0,,,"https://www.architecture.org/online-resources/buildings-of-chicago/reliance-building: glass and white terra cotta. HABS ILL-1029 https://tile.loc.gov/storage-services/master/pnp/habshaer/il/il0000/il0041/data/il0041data.pdf: 55 ft 10 in by 84 ft 10 in, 200 ft architectural height, projecting Chicago windows, Gothic terra cotta and granite. Historic footprint is OSM w124865461 (1 West Washington, addr:housename Reliance Building); w145625877 has a Reliance alias but covers the larger neighboring footprint. Corrected 2026-10-03.",,https://www.openstreetmap.org/way/124865461
407,w147776392,Primark,North State Street,35,-234.8,201.2,22.5,221.8,210,1,0,1,1.0,0,,,,,https://www.openstreetmap.org/way/147776392
159,w126982630,Michigan Boulevard Building,North Michigan Avenue,30,-47.0,207.8,91.5,24.0,215,1,1,1,1.0,0,,white,,,https://www.openstreetmap.org/way/126982630
3128,w234052883,,,,-17.2,226.5,4.0,15.7,225,1,0,1,1.0,0,,,,,https://www.openstreetmap.org/way/234052883
111,w124865459,Pittsfield Building,East Washington Street,55,-115.7,205.7,163.0,85.4,225,1,1,1,0.9512,0,,,"en.wikipedia.org/wiki/Pittsfield_Building: 38 storeys, roof 168 m, setbacks",,https://www.openstreetmap.org/way/124865459
282,w145625876,33 North Dearborn Building,North Dearborn Street,33,-389.6,217.8,104.0,380.2,225,1,1,1,1.0,0,,,,,https://www.openstreetmap.org/way/145625876
1522,w210671718,,North Michigan Avenue,11,74.8,234.5,18.5,67.4,230,1,0,1,1.0,0,,,,,https://www.openstreetmap.org/way/210671718
408,w147776393,25 East Washington,East Washington Street,25,-188.7,209.1,95.0,165.0,230,1,1,1,0.9837,0,,,,,https://www.openstreetmap.org/way/147776393
179,w137060274,Cloud Gate,,,87.7,234.7,17.0,80.4,235,1,0,1,1.0,0,,gray,,,https://www.openstreetmap.org/way/137060274
375,w147476145,Wabash Jewelers Mall,North Wabash Avenue,17,-110.2,234.6,95.0,85.1,245,1,1,1,1.0,0,,,,,https://www.openstreetmap.org/way/147476145
409,w147776394,Stevens Building,North State Street,17,-199.6,240.5,96.0,164.9,245,1,1,1,1.0,0,,,,,https://www.openstreetmap.org/way/147776394
3565,w1175466069,Stevens Building,North State Street,17,-238.6,229.5,94.0,222.9,245,1,1,1,1.0,0,,,,,https://www.openstreetmap.org/way/1175466069
283,w145625877,Reliance Building,North State Street,20,-341.4,220.9,102.0,305.1,245,1,1,1,1.0,0,,,,,https://www.openstreetmap.org/way/145625877
143,w124873932,State-Madison Building,North Dearborn Street,1,-361.0,273.8,104.5,305.2,250,1,1,1,1.0,0,,,,,https://www.openstreetmap.org/way/124873932
162,w126982634,20 North Michigan,North Michigan Avenue,20,-49.9,234.7,58.5,23.7,260,1,0,1,1.0,0,,brown,,,https://www.openstreetmap.org/way/126982634
373,w147476140,,North Wabash Avenue,11,-109.9,251.8,41.5,84.8,260,1,0,1,1.0,0,,,,,https://www.openstreetmap.org/way/147476140
372,w147476136,,North Wabash Avenue,9,-109.8,265.0,39.0,84.7,270,1,0,1,1.0,0,,,,,https://www.openstreetmap.org/way/147476136
371,w147476135,,North Wabash Avenue,5,-109.7,280.1,70.5,84.7,275,1,0,1,1.0,0,,,,,https://www.openstreetmap.org/way/147476135
160,w126982631,Six North Michigan,North Michigan Avenue,6,-48.5,274.0,86.5,23.6,285,1,1,1,1.0,0,,tan,"chicagology / archiseek: pyramid and statue removed 1947, now 282 ft (86 m)",,https://www.openstreetmap.org/way/126982631
411,w147776396,,North Wabash Avenue,2,-191.9,272.3,92.5,164.1,290,1,1,1,1.0,0,,,,,https://www.openstreetmap.org/way/147776396
410,w147776395,One North State Street,North State Street,1,-230.9,268.6,94.0,209.9,290,1,1,1,0.997,0,,,,,https://www.openstreetmap.org/way/147776395
3573,w1175853281,,,,-144.3,258.4,15.0,139.8,320,1,0,1,1.0,0,,,,,https://www.openstreetmap.org/way/1175853281
3572,w1175853280,,,,-156.3,239.1,18.5,150.5,320,1,0,1,1.0,0,,,,,https://www.openstreetmap.org/way/1175853280
149,w124873939,Willoughby Tower,South Michigan Avenue,8,-41.1,325.0,135.5,21.9,335,1,1,1,1.0,0,,tan,"chicagoarchitecture.info / commercialcafe: 134 m, 38 storeys, neo-gothic, variegated Indiana limestone, first two floors granite",,https://www.openstreetmap.org/way/124873939
378,w147476156,Chicago Athletic Association,East Madison Street,71-73,-66.8,326.8,85.0,60.5,335,1,1,1,1.0,0,,,,,https://www.openstreetmap.org/way/147476156
379,w147478105,Mallers Building,South Wabash Avenue,5,-109.0,331.6,87.5,80.5,335,1,1,1,1.0,0,,,,,https://www.openstreetmap.org/way/147478105
405,w147613457,Chicago Building,West Madison Street,7,-313.2,327.4,73.5,294.3,335,1,0,1,1.0,0,,,,,https://www.openstreetmap.org/way/147613457
154,w126945440,Crown Fountain,,,53.6,343.2,17.0,50.2,340,1,0,1,1.0,0,,,en.wikipedia.org/wiki/Crown_Fountain: two 50 ft glass-brick towers with LED screens,,https://www.openstreetmap.org/way/126945440
435,w148164130,Heyworth Building,East Madison Street,29,-185.3,325.5,86.5,162.9,340,1,1,1,1.0,0,,,,,https://www.openstreetmap.org/way/148164130
3571,w1175853245,Saks Off 5th,South State Street,6,-303.4,340.2,66.0,295.4,345,1,0,1,1.0,0,,,,,https://www.openstreetmap.org/way/1175853245
380,w147478106,Jewelers Building,South Wabash Avenue,15,-95.9,351.6,52.0,80.2,355,1,0,1,1.0,0,,,,,https://www.openstreetmap.org/way/147478106
377,w147476152,Chicago Athletic Association Hotel,South Michigan Avenue,12,-51.5,347.3,92.5,21.5,360,1,1,1,1.0,0,,tan,"Library of Congress HABS IL-935: Venetian Gothic, patterned brick and carved limestone",,https://www.openstreetmap.org/way/147476152
426,w148164105,Silversmith Hotel Chicago Downtown,South Wabash Avenue,10,-189.5,355.5,86.0,162.2,365,1,1,1,1.0,0,,,,,https://www.openstreetmap.org/way/148164105
424,w148164098,Haskell Building,South Wabash Avenue,18,-185.1,368.1,46.0,162.1,375,1,0,1,1.0,0,,,,,https://www.openstreetmap.org/way/148164098
107,w124865450,Gage Building,South Michigan Avenue,18,-45.9,370.2,58.0,21.3,380,1,0,1,1.0,0,,tan,,,https://www.openstreetmap.org/way/124865450
163,w126982636,,South Michigan Avenue,24,-45.8,388.8,56.5,21.3,380,1,0,1,1.0,0,,brown,,,https://www.openstreetmap.org/way/126982636
120,w124865479,One South Dearborn,South Dearborn Street,1,-359.1,345.4,177.0,336.5,380,1,1,1,1.0,0,,,,,https://www.openstreetmap.org/way/124865479
432,w148164123,Barker Building,South Wabash Avenue,22,-185.9,381.9,29.0,161.9,385,1,0,1,1.0,0,,,,,https://www.openstreetmap.org/way/148164123
398,w147613448,,South State Street,6-20,-312.6,354.8,65.5,294.8,385,1,0,1,1.0,0,,,,,https://www.openstreetmap.org/way/147613448
155,w126945441,Crown Fountain,,,55.1,394.6,17.0,51.8,395,1,0,1,1.0,0,,,en.wikipedia.org/wiki/Crown_Fountain: two 50 ft glass-brick towers with LED screens,,https://www.openstreetmap.org/way/126945441
3828,w147478372,Legacy at Millennium Park,South Wabash Avenue,21-39,-90.6,388.9,252.0,77.7,395,1,1,1,1.0,0,,,,,https://www.openstreetmap.org/way/147478372
434,w148164127,J.P. Atwater,South Wabash Avenue,28,-185.7,394.1,52.5,161.6,400,1,0,1,1.0,0,,,,,https://www.openstreetmap.org/way/148164127
428,w148164109,Sullivan Center,South State Street,1,-246.5,363.0,68.0,209.5,400,1,0,1,0.9984,0,,,,,https://www.openstreetmap.org/way/148164109
404,w147613456,,South State Street,26-28,-316.3,392.1,35.0,294.4,400,1,0,1,1.0,0,,,,,https://www.openstreetmap.org/way/147613456
164,w126982639,,South Michigan Avenue,30,-45.6,405.2,56.0,21.2,410,1,0,1,1.0,0,,lightbrown,,,https://www.openstreetmap.org/way/126982639
425,w148164102,,South Wabash Avenue,30,-190.2,405.8,77.5,161.1,410,1,0,1,1.0,0,,,,,https://www.openstreetmap.org/way/148164102
157,w126977944,Southeast Exelon Pavilion,East Monroe Drive,238,246.8,415.9,14.5,242.8,410,1,0,1,1.0,0,,,,,https://www.openstreetmap.org/way/126977944
156,w126977943,Southwest Exelon Pavilion,East Monroe Drive,,176.4,416.8,10.5,172.7,415,1,0,1,1.0,0,,,,,https://www.openstreetmap.org/way/126977943
400,w147613451,,South State Street,32-34,-312.1,405.4,85.5,294.1,415,1,1,1,1.0,0,,,,,https://www.openstreetmap.org/way/147613451
161,w126982632,University Club of Chicago,East Monroe Street,76,-50.5,422.5,69.0,20.9,430,1,0,1,1.0,0,,tan,"Wikipedia / chistockimages: collegiate Gothic, Bedford limestone",,https://www.openstreetmap.org/way/126982632
381,w147478374,Sharp Building,South Wabash Avenue,37,-104.0,417.5,71.5,78.2,435,1,0,1,0.9968,0,,,,,https://www.openstreetmap.org/way/147478374
431,w148164116,Sullivan Center,South Wabash Avenue,36,-201.5,417.4,74.0,160.5,435,1,0,1,1.0,0,,,,,https://www.openstreetmap.org/way/148164116
423,w148164096,,South State Street,39,-250.3,430.4,71.5,237.7,435,1,0,1,1.0,0,,,,,https://www.openstreetmap.org/way/148164096
267,w145203367,Majestic Building,West Monroe Street,16-22,-342.4,422.0,86.0,331.6,435,1,1,1,1.0,0,,,,,https://www.openstreetmap.org/way/145203367
266,w145203366,Inland Steel Building,West Monroe Street,30,-376.9,418.9,103.0,364.3,435,1,1,1,1.0,0,,,,,https://www.openstreetmap.org/way/145203366
403,w147613455,North American Building,South State Street,36,-315.7,424.5,91.5,293.7,440,1,1,1,1.0,0,,,,,https://www.openstreetmap.org/way/147613455
3481,w765245584,,,,74.4,466.0,15.0,72.2,455,1,0,1,1.0,0,,,,,https://www.openstreetmap.org/way/765245584
3954,w1425669058,Ryan Lerning Center,,,229.6,477.9,25.5,191.3,465,1,0,1,1.0,0,,,,,https://www.openstreetmap.org/way/1425669058
385,w147489620,Goddard Building,East Monroe Street,27,-171.3,462.6,84.0,160.6,470,1,1,1,1.0,0,brick,,,,https://www.openstreetmap.org/way/147489620
280,w145498713,Monroe Building,South Michigan Avenue,104,-41.2,463.9,74.0,19.1,480,1,0,1,1.0,0,cement_block,lightgrey,"Pritzker Military Museum: 16 storeys, multi-toned terra cotta and granite, gabled roof and dormers of green Spanish tiles",,https://www.openstreetmap.org/way/145498713
279,w145498712,Macclean Center,South Michigan Avenue,112,-46.5,491.0,78.0,20.4,500,1,0,1,1.0,0,stone,lightgrey,,,https://www.openstreetmap.org/way/145498712
406,w147613458,Amalgamated Bank,South State Street,100,-311.0,481.1,54.0,292.5,500,1,0,1,1.0,0,,,,,https://www.openstreetmap.org/way/147613458
278,w145498711,Lakeview Buidling,South Michigan Avenue,116,-46.0,510.2,76.5,20.2,515,1,0,1,1.0,0,limestone,lightgrey,,,https://www.openstreetmap.org/way/145498711
396,w147613445,,South State Street,114,-313.6,507.4,36.0,292.2,515,1,0,1,1.0,0,,,,,https://www.openstreetmap.org/way/147613445
401,w147613453,Singer Building,South State Street,120,-309.6,516.8,51.0,292.1,520,1,0,1,1.0,0,,,,,https://www.openstreetmap.org/way/147613453
121,w124865481,33 West Monroe,West Monroe Street,33,-367.0,491.8,117.0,334.2,520,1,1,1,1.0,0,,,,,https://www.openstreetmap.org/way/124865481
3829,w147489619,The Palmer House Hilton,East Monroe Street,17,-207.1,504.6,102.0,159.7,535,1,1,1,1.0,0,,,,,https://www.openstreetmap.org/way/147489619
390,w147489625,,South State Street,127,-232.6,539.3,85.0,215.8,545,1,1,1,1.0,0,cement_block,,,,https://www.openstreetmap.org/way/147489625
3484,w765296577,Fullerton Hall,,,59.8,562.3,21.5,46.3,550,1,0,1,1.0,0,,,,,https://www.openstreetmap.org/way/765296577
388,w147489623,Baskin Building,South State Street,133,-239.5,550.0,33.0,217.9,555,1,0,1,1.0,0,concrete,,,,https://www.openstreetmap.org/way/147489623
3574,w1175866417,55 East Monroe Self Park,,,-83.4,524.9,172.5,76.8,565,1,1,1,1.0,0,metal_plates,,,,https://www.openstreetmap.org/way/1175866417
3768,w64391613,Mid-Continental Plaza,East Monroe Street,55,-102.5,504.4,181.0,76.8,565,1,1,1,1.0,0,,,,,https://www.openstreetmap.org/way/64391613
3483,w765296570,World's Congress Auxiliary Building,,,59.3,583.7,26.5,28.6,570,1,0,1,1.0,0,,,,,https://www.openstreetmap.org/way/765296570
3960,r15953438,122 South Michigan,South Michigan Avenue,122,-49.0,554.3,93.0,18.6,575,1,1,1,0.9728,0,,,"en.wikipedia.org/wiki/Peoples_Gas_Building: 21 storeys, 81 m",,https://www.openstreetmap.org/relation/15953438
386,w147489621,The Alfred,East Adams Street,30,-183.2,558.1,61.0,159.3,575,1,0,1,1.0,0,brick,,,,https://www.openstreetmap.org/way/147489621
391,w147489626,,East Adams Street,24,-195.5,568.5,59.0,189.0,575,1,0,1,1.0,0,plastered,,,,https://www.openstreetmap.org/way/147489626
389,w147489624,,East Adams Street,20,-207.2,564.6,12.5,200.0,580,1,0,1,1.0,0,cement_block,,,,https://www.openstreetmap.org/way/147489624
387,w147489622,Thermal Chicago Cooling Plant,South State Street,137,-231.7,567.5,42.0,215.6,580,1,0,1,1.0,0,concrete,,,,https://www.openstreetmap.org/way/147489622
3815,w145625874,Citadel Center,South Dearborn Street,131,-363.2,553.1,176.0,292.5,585,1,1,1,1.0,0,,,,,https://www.openstreetmap.org/way/145625874
3485,w765296578,Ryerson & Burnham Libraries,South Michigan Avenue,111,57.8,601.4,24.0,47.0,590,1,0,1,1.0,0,,,,,https://www.openstreetmap.org/way/765296578
3732,r15910908,,,,-143.9,589.7,15.5,132.2,595,1,0,1,1.0,0,,,,,https://www.openstreetmap.org/relation/15910908
3305,w510011094,,,,-108.9,606.5,19.0,99.7,605,1,0,1,1.0,0,,,,,https://www.openstreetmap.org/way/510011094
397,w147613447,Century Building,South State Street,202,-305.7,611.0,75.5,290.2,615,1,0,1,1.0,0,,,,,https://www.openstreetmap.org/way/147613447
275,w145493033,Chapin & Gore Building,East Adams Street,63-67,-87.6,611.9,36.5,75.1,620,1,0,1,1.0,0,,,,,https://www.openstreetmap.org/way/145493033
131,w124873918,Borg-Warner Building,South Michigan Avenue,200,-43.8,610.8,91.0,17.6,625,1,1,1,1.0,0,glass,lightblue,,,https://www.openstreetmap.org/way/124873918
399,w147613449,,West Adams Street,17,-333.0,616.3,21.0,320.8,625,1,0,1,1.0,0,,,,,https://www.openstreetmap.org/way/147613449
419,w148043655,Home Federal Building,East Adams Street,11,-234.1,617.8,71.5,216.1,630,1,0,1,1.0,0,,,,,https://www.openstreetmap.org/way/148043655
402,w147613454,,West Adams Street,27,-353.3,616.3,68.0,344.8,630,1,0,1,1.0,0,,,,,https://www.openstreetmap.org/way/147613454
277,w145498709,Adams-Wabash Self Park,East Adams Street,17,-181.4,623.1,47.0,158.0,635,1,0,1,1.0,0,,,,,https://www.openstreetmap.org/way/145498709
3613,w1182074521,,,,-349.6,635.8,17.5,340.6,640,1,0,1,1.0,0,,,,,https://www.openstreetmap.org/way/1182074521
414,w148043643,,South Wabash Avenue,214-216,-180.5,641.7,42.0,157.7,645,1,0,1,1.0,0,,,,,https://www.openstreetmap.org/way/148043643
393,w147613442,Consumers Building,South State Street,220,-317.9,639.7,89.5,289.7,655,1,1,1,1.0,0,,,,,https://www.openstreetmap.org/way/147613442
274,w145493030,Symphony Center,South Michigan Avenue,220,-68.6,651.7,84.0,17.1,660,1,1,1,1.0,0,,lightbrown,"cso.org: deep pink brick with white limestone quoins and lintels, Georgian",,https://www.openstreetmap.org/way/145493030
142,w124873931,Railway Exchange Building,South Michigan Avenue,224-226,-37.3,693.7,82.0,17.0,670,1,1,1,1.0,0,,tan,"en.wikipedia.org/wiki/Railway_Exchange_Building_(Chicago): 17 storeys, white-glazed terracotta, illuminated Motorola roof sign since 2012",,https://www.openstreetmap.org/way/124873931
412,w148043640,,South Wabash Avenue,226,-181.4,675.7,45.5,157.5,670,1,0,1,1.0,0,,,,,https://www.openstreetmap.org/way/148043640
416,w148043648,McClurg Building,South Wabash Avenue,218-224,-186.0,656.6,46.0,157.5,670,1,0,1,1.0,0,,,,,https://www.openstreetmap.org/way/148043648
420,w148043657,,South Wabash Avenue,228,-185.0,689.6,44.0,157.8,670,1,0,1,1.0,0,,,,,https://www.openstreetmap.org/way/148043657
264,w145203361,Richard M. and Maggie C. Daley Building,East Jackson Boulevard,14,-240.4,700.8,94.0,214.7,670,1,1,1,1.0,0,,,,,https://www.openstreetmap.org/way/145203361
421,w148043660,,South State Street,213-227,-237.4,651.4,41.0,214.8,670,1,0,1,1.0,0,,,,,https://www.openstreetmap.org/way/148043660
413,w148043641,Downtown Islamic Center,South State Street,231,-241.8,679.0,28.0,216.9,670,1,0,1,1.0,0,,,,,https://www.openstreetmap.org/way/148043641
392,w147613441,Benson & Rixon Building,South State Street,230,-298.8,679.4,33.0,289.6,670,1,0,1,1.0,0,,,,,https://www.openstreetmap.org/way/147613441
1494,w210671542,,West Jackson Boulevard,10,-304.2,704.1,35.0,290.0,670,1,0,1,1.0,0,,,,,https://www.openstreetmap.org/way/210671542
394,w147613443,,West Quincy Street,11-19,-326.0,690.7,35.5,319.8,670,1,0,1,1.0,0,,,,,https://www.openstreetmap.org/way/147613443
41,w73693773,Dirksen Federal Building and US Courthouse,South Dearborn Street,219,-381.5,673.5,125.5,360.8,670,1,1,1,1.0,0,,,,,https://www.openstreetmap.org/way/73693773
5,w35601477,Computing and Digital Media Center,South Wabash Avenue,243,-105.1,700.4,58.0,75.4,675,1,0,1,1.0,0,,,,,https://www.openstreetmap.org/way/35601477
415,w148043647,Wabash Food And Liquor,South Wabash Avenue,234,-168.8,699.7,40.5,158.6,675,1,0,1,1.0,0,,,,,https://www.openstreetmap.org/way/148043647
417,w148043650,Steger Building,East Jackson Boulevard,28,-178.0,708.9,85.5,159.7,675,1,1,1,1.0,0,,,,,https://www.openstreetmap.org/way/148043650
3614,w1182086850,HERO Coffee Bar,East Jackson Boulevard,22,-189.8,700.8,71.5,188.4,675,1,0,1,0.9286,0,,,,,https://www.openstreetmap.org/way/1182086850
418,w148043652,Gibbons Building,East Jackson Boulevard,20,-200.7,708.2,72.0,194.9,675,1,0,1,1.0,0,,,,,https://www.openstreetmap.org/way/148043652
395,w147613444,,West Jackson Boulevard,14-18,-326.8,707.6,32.0,320.9,675,1,0,1,1.0,0,,,,,https://www.openstreetmap.org/way/147613444
48,w73736266,John Marshall Law School,South State Street,300,-307.4,764.8,65.5,297.2,680,1,0,1,1.0,0,,,,,https://www.openstreetmap.org/way/73736266
53,w73744823,Building 681,West Jackson Boulevard,19,-335.1,758.4,21.0,326.4,680,1,0,1,1.0,0,,,,,https://www.openstreetmap.org/way/73744823
51,w73744638,,West Jackson Boulevard,33,-385.3,752.9,26.0,379.5,680,1,0,1,1.0,0,,,,,https://www.openstreetmap.org/way/73744638
40,w73685403,The Standard Club,South Plymouth Court,320,-382.7,792.5,58.0,382.4,680,1,0,1,1.0,0,,,,,https://www.openstreetmap.org/way/73685403
7,w35601479,Lewis Center,East Jackson Boulevard,25,-184.5,757.5,76.5,168.2,685,1,0,1,1.0,0,,,,,https://www.openstreetmap.org/way/35601479
265,w145203362,O'Malley Place,East Jackson Boulevard,23,-200.8,753.2,68.5,199.6,685,1,0,1,1.0,0,,,,,https://www.openstreetmap.org/way/145203362
6,w35601478,DePaul Center,East Jackson Boulevard,1,-234.2,793.6,63.0,226.3,685,1,0,1,1.0,0,,,,,https://www.openstreetmap.org/way/35601478
52,w73744743,Building 680,South Plymouth Court,315,-336.9,781.5,36.0,337.2,685,1,0,1,1.0,0,,,,,https://www.openstreetmap.org/way/73744743
39,w73683576,Chicago Bar Assocication Building,South Plymouth Court,321,-336.7,799.5,76.0,341.4,685,1,0,1,1.0,0,,,,,https://www.openstreetmap.org/way/73683576
38,w73672919,Fisher Building,South Dearborn Street,343,-381.4,845.5,83.0,398.2,685,1,1,1,1.0,0,,,,,https://www.openstreetmap.org/way/73672919
54,w73747639,Pancho's Rooftop Cantina,South Plymouth Court,327,-333.6,815.2,76.0,347.9,690,1,0,1,1.0,0,,,,,https://www.openstreetmap.org/way/73747639
55,w73747822,,South Plymouth Court,331,-334.6,830.8,15.5,351.7,690,1,0,1,1.0,0,,,,,https://www.openstreetmap.org/way/73747822
3822,w147078399,55 East Jackson,East Jackson Boulevard,55,-91.5,762.3,105.5,87.6,695,1,1,1,1.0,0,,,,,https://www.openstreetmap.org/way/147078399
3944,w1176837096,,,,-354.5,876.7,71.5,371.1,695,1,0,1,1.0,0,,,,,https://www.openstreetmap.org/way/1176837096
2,w28292694,Harold Washington Library Center,South State Street,400,-319.7,954.8,55.5,350.9,700,1,0,1,1.0,0,,,,,https://www.openstreetmap.org/way/28292694
3588,w1176838192,,,,-198.8,866.3,11.5,258.6,705,1,0,1,1.0,0,,,,,https://www.openstreetmap.org/way/1176838192
3587,w1176838191,,,,-200.6,877.5,11.5,263.2,705,1,0,1,1.0,0,,,,,https://www.openstreetmap.org/way/1176838191
140,w124873929,One Congress Center,South State Street,401,-236.7,936.1,47.0,286.8,705,1,0,1,1.0,0,,,,,https://www.openstreetmap.org/way/124873929
3733,r17414022,Metropolitan Tower,South Michigan Avenue,310,-35.6,763.9,138.5,42.8,710,1,1,1,0.967,0,,tan,"en.wikipedia.org/wiki/Metropolitan_Tower_(Chicago): 145 m incl. crown, limestone, 40 ft zinc-coated stainless pyramid, 20 ft glass beehive lit deep blue",,https://www.openstreetmap.org/relation/17414022
3792,w124865485,333 South Wabash,South Wabash Avenue,333,-97.9,823.6,188.0,120.1,710,1,1,1,1.0,0,,,,,https://www.openstreetmap.org/way/124865485
3635,w1268693043,,,,-143.3,907.7,10.5,251.3,715,1,0,1,1.0,0,,,,,https://www.openstreetmap.org/way/1268693043
301,w147077316,,South Wabash Avenue,418,-174.8,938.3,17.5,278.9,715,1,0,1,1.0,0,,,,,https://www.openstreetmap.org/way/147077316
302,w147077318,HI Chicago,East Ida B. Wells Drive,24,-182.1,993.6,35.0,318.3,720,1,0,1,1.0,0,,,,,https://www.openstreetmap.org/way/147077318
147,w124873937,University Center,South State Street,525,-232.6,1090.6,66.0,400.1,720,1,0,1,1.0,0,,,,,https://www.openstreetmap.org/way/124873937
504,w149119620,University Center,South State Street,525,-240.5,1086.0,66.0,400.1,720,1,0,1,1.0,0,,,,,https://www.openstreetmap.org/way/149119620
3482,w765257247,,,,61.8,710.7,6.5,3.6,725,1,0,1,1.0,0,,,,authored route clearance,https://www.openstreetmap.org/way/765257247
276,w145493037,,South Michigan Avenue,316,-48.9,795.6,92.5,80.8,725,1,1,1,1.0,0,,tan,,,https://www.openstreetmap.org/way/145493037
269,w145204661,The Buckingham,East Van Buren Street,59,-84.6,893.8,96.5,190.6,725,1,1,1,1.0,0,,,,,https://www.openstreetmap.org/way/145204661
144,w124873933,Columbia College,East Ida B. Wells Drive,33,-180.8,1042.8,38.5,355.8,725,1,0,1,1.0,0,,,,,https://www.openstreetmap.org/way/124873933
138,w124873926,McCormick Building,South Michigan Avenue,332-338,-46.4,824.3,88.0,94.8,730,1,1,1,0.9927,0,,beige,,,https://www.openstreetmap.org/way/124873926
182,w143274999,Roosevelt University Wabash Building,South Wabash Avenue,425,-104.9,937.5,144.0,228.2,730,1,1,1,1.0,0,,,,,https://www.openstreetmap.org/way/143274999
1526,w210671732,Metra Entry,,,-6.7,851.0,3.5,135.4,735,1,0,1,1.0,0,,,,,https://www.openstreetmap.org/way/210671732
150,w124873940,Chicago Club,South Michigan Avenue,414,-34.0,887.2,50.0,165.0,735,1,0,1,1.0,0,brick,brown,,,https://www.openstreetmap.org/way/124873940
3636,w1269032994,Auditorium Theatre,East Ida B. Wells Drive,50,-82.6,982.1,73.5,243.1,735,1,0,1,1.0,0,,,,,https://www.openstreetmap.org/way/1269032994
295,w147077308,Auditorium Parking,South Wabash Avenue,525,-88.8,1057.3,19.0,319.6,735,1,0,1,1.0,0,,,,,https://www.openstreetmap.org/way/147077308
303,w147077320,Lillan and Larry Goodman Center,South Wabash Avenue,501,-104.8,1049.9,19.0,333.7,735,1,0,1,1.0,0,,,,,https://www.openstreetmap.org/way/147077320
3486,w765547593,Relish Chicago Hot Dogs,South Michigan Avenue,315,34.6,748.8,4.0,25.3,740,1,0,1,1.0,0,,,,,https://www.openstreetmap.org/way/765547593
268,w145204660,Fine Arts Building Annex,South Michigan Avenue,408,-37.5,907.4,50.0,188.1,740,1,0,1,1.0,0,,,,,https://www.openstreetmap.org/way/145204660
135,w124873922,Fine Arts Building,South Michigan Avenue,410-412,-38.1,927.8,51.5,197.0,740,1,0,1,1.0,0,stone,tan,,,https://www.openstreetmap.org/way/124873922
130,w124873917,Auditorium Building,South Michigan Avenue,430,-50.9,974.7,75.0,229.8,740,1,0,1,1.0,0,stone,tan,,,https://www.openstreetmap.org/way/124873917
3821,w147077307,Congress Plaza Hotel,South Michigan Avenue,520,-42.7,1098.2,61.5,304.9,745,1,0,1,1.0,0,,,,,https://www.openstreetmap.org/way/147077307
1530,w210671759,,,,106.8,1053.8,25.0,327.9,795,1,0,1,1.0,0,,,,,https://www.openstreetmap.org/way/210671759
3487,w765782837,,,,106.8,956.3,14.5,231.8,800,1,0,1,1.0,0,,,,,https://www.openstreetmap.org/way/765782837
1529,w210671758,,,,105.2,961.6,25.0,237.6,800,1,0,1,1.0,0,,,,,https://www.openstreetmap.org/way/210671758
3146,w235977276,Van Buren Street Station,East Van Buren Street,132,100.5,865.1,18.5,87.2,805,1,0,1,1.0,0,,,,,https://www.openstreetmap.org/way/235977276
3488,w765782838,,,,108.4,1058.9,25.0,334.5,805,1,0,1,1.0,0,,,,,https://www.openstreetmap.org/way/765782838
801,w199560762,Metra Jackson Substation,East Jackson Drive,144,147.2,679.6,5.0,17.9,840,1,0,1,1.0,0,,,,,https://www.openstreetmap.org/way/199560762
3955,r1870546,The Art Institute of Chicago,South Michigan Avenue,111,167.0,550.1,26.5,13.1,905,1,0,1,1.0,0,,,,,https://www.openstreetmap.org/relation/1870546
3686,w1425661250,,South Columbus Drive,280,241.2,662.6,21.5,16.6,915,1,0,1,1.0,0,,,,,https://www.openstreetmap.org/way/1425661250
3174,w283892909,Chicago Stock Exchange Arch,,,266.6,458.9,11.5,258.0,980,1,0,1,1.0,0,,,,,https://www.openstreetmap.org/way/283892909
1504,w210671695,James C. Petrillo Music Shell,South Columbus Drive,251,357.5,663.0,12.0,39.9,1060,1,0,1,1.0,0,,,,,https://www.openstreetmap.org/way/210671695
3357,w561883768,Buckingham North Comfort Station,,,423.0,892.4,7.5,167.4,1120,1,0,1,1.0,0,,,,,https://www.openstreetmap.org/way/561883768
533,w149987562,Buckingham South Comfort Station,,,426.9,1111.1,7.0,385.5,1120,1,0,1,1.0,0,,,,,https://www.openstreetmap.org/way/149987562
3356,w561883764,Fountain Cafe,,,472.6,891.7,6.5,167.6,1170,1,0,1,1.0,0,,,,,https://www.openstreetmap.org/way/561883764
532,w149987521,Bobtail Ice Cream & Coffee,South Lake Shore Drive,462,476.8,1110.0,6.5,385.4,1170,1,0,1,1.0,0,,,,,https://www.openstreetmap.org/way/149987521
3461,w763100743,Pump House,,,482.0,1035.1,3.5,317.8,1180,1,0,1,1.0,0,,,,,https://www.openstreetmap.org/way/763100743
3235,w395681262,Queen's Landing Concession,,,660.5,1036.5,2.0,340.6,1250,1,0,1,1.0,0,,,,,https://www.openstreetmap.org/way/395681262
3622,w1254746901,,,,655.7,468.5,2.0,62.9,1515,1,0,1,1.0,0,,,,,https://www.openstreetmap.org/way/1254746901
3144,w235553155,,,,661.5,465.2,2.0,62.5,1520,1,0,1,1.0,0,,,,,https://www.openstreetmap.org/way/235553155
3621,w1254746900,,,,656.0,463.6,2.0,62.5,1520,1,0,1,1.0,0,,,,,https://www.openstreetmap.org/way/1254746900
3490,w768577586,,,,622.4,445.8,4.0,28.4,1535,1,0,1,1.0,0,,,,,https://www.openstreetmap.org/way/768577586
3145,w235553157,,,,672.5,445.1,2.0,75.2,1560,1,0,1,1.0,0,,,,,https://www.openstreetmap.org/way/235553157
3193,w317693515,,,,387.5,341.9,6.5,211.0,1580,1,0,1,1.0,0,,,,,https://www.openstreetmap.org/way/317693515
3468,w764217979,,,,533.5,357.6,18.5,69.0,1605,1,0,1,1.0,0,,,,,https://www.openstreetmap.org/way/764217979
3192,w317693513,,,,496.3,340.0,9.0,106.4,1605,1,0,1,1.0,0,,,,,https://www.openstreetmap.org/way/317693513
3087,w210969079,Chicago Yacht Club - Monroe Station,East Monroe Street,400,690.7,401.3,7.0,67.4,1610,1,0,1,1.0,0,,,,,https://www.openstreetmap.org/way/210969079
3221,w360946235,,,,457.8,329.9,9.0,150.2,1610,1,0,1,1.0,0,,,,,https://www.openstreetmap.org/way/360946235
3472,w764239338,,,,465.6,295.1,13.0,149.7,1645,1,0,1,1.0,0,,,,,https://www.openstreetmap.org/way/764239338
3462,w764177810,,,,386.1,268.7,11.0,231.0,1645,1,0,1,1.0,0,,,,,https://www.openstreetmap.org/way/764177810
3467,w764177825,,,,496.1,265.8,7.5,126.7,1670,1,0,1,1.0,0,,,,,https://www.openstreetmap.org/way/764177825
3463,w764177813,,,,385.0,195.4,11.5,255.2,1685,1,0,1,1.0,0,,,,,https://www.openstreetmap.org/way/764177813
3466,w764177822,,,,493.9,193.4,8.0,158.1,1710,1,0,1,1.0,0,,,,,https://www.openstreetmap.org/way/764177822
3464,w764177816,,,,383.7,122.3,12.5,289.1,1710,1,0,1,1.0,0,,,,,https://www.openstreetmap.org/way/764177816
3308,w524270343,,,,423.1,139.8,17.5,246.6,1715,1,0,1,1.0,0,,,,,https://www.openstreetmap.org/way/524270343
3470,w764227079,,,,457.9,110.7,10.5,238.0,1735,1,0,1,1.0,0,,,,,https://www.openstreetmap.org/way/764227079
3465,w764177819,,,,492.8,120.2,11.0,200.0,1740,1,0,1,1.0,0,,,,,https://www.openstreetmap.org/way/764177819
3471,w764227084,,East Randolph Street,337,437.5,75.8,14.0,270.9,1740,1,0,1,1.0,0,,,,,https://www.openstreetmap.org/way/764227084
3469,w764227071,Maggie Daley Park Fieldhouse,East Randolph Street,337,445.7,91.8,13.0,233.3,1750,1,0,1,1.0,0,,,,,https://www.openstreetmap.org/way/764227071
3473,w764388361,,,,550.0,63.8,22.5,196.0,1810,1,0,1,1.0,0,,,,,https://www.openstreetmap.org/way/764388361
3779,w95486949,340 on the Park,East Randolph Street,340,467.3,-0.9,224.5,281.8,1810,1,1,1,1.0,0,,,,,https://www.openstreetmap.org/way/95486949
3387,w681204172,,,,574.2,70.5,25.5,170.2,1815,1,0,1,1.0,0,,,,,https://www.openstreetmap.org/way/681204172
3597,w1178497724,,,,550.2,-11.2,129.5,226.2,1840,1,1,1,1.0,0,,,,,https://www.openstreetmap.org/way/1178497724
3778,w95486940,The Buckingham,East Randolph Street,360,539.5,-1.5,134.5,234.1,1840,1,1,1,1.0,0,glass,#A69E93,,,https://www.openstreetmap.org/way/95486940
3474,w764388362,,,,605.9,61.9,22.5,155.0,1845,1,0,1,1.0,0,,,,,https://www.openstreetmap.org/way/764388362
249,w144697863,,,,606.7,-43.6,26.0,226.2,1885,1,0,1,1.0,0,,,,,https://www.openstreetmap.org/way/144697863
3780,w95486950,Outer Drive East,East Randolph Street,400,655.5,-1.0,122.0,135.4,1915,1,1,1,1.0,0,,,,,https://www.openstreetmap.org/way/95486950
3619,w1254728360,,,,946.4,124.4,0.5,109.8,2005,1,0,1,1.0,0,,,,,https://www.openstreetmap.org/way/1254728360
3620,w1254728362,,,,947.1,99.6,2.5,99.6,2015,1,0,1,1.0,0,,,,,https://www.openstreetmap.org/way/1254728362
562,w151974782,Columbia Yacht Club,North Lake Shore Drive,111,1031.9,95.8,23.0,125.9,2020,1,0,1,0.9934,0,,,,,https://www.openstreetmap.org/way/151974782
3088,w210969082,Randolph Street Comfort Station,,,920.6,65.0,8.5,63.6,2025,1,0,1,1.0,0,,,,,https://www.openstreetmap.org/way/210969082
3654,w1277616052,,,,922.2,-10.9,3.0,59.9,2095,1,0,1,1.0,0,,,,,https://www.openstreetmap.org/way/1277616052
3781,w95486952,Harbor Point,North Harbor Drive,155,794.1,-19.3,172.5,36.6,2100,1,1,1,1.0,0,glass,#152024,,,https://www.openstreetmap.org/way/95486952
3161,w273873249,,East Benton Place,409,614.8,-64.1,17.5,243.2,2115,1,0,1,1.0,0,brick,,,,https://www.openstreetmap.org/way/273873249
3782,w95486955,North Harbor Tower,North Harbor Drive,175,739.6,-71.4,171.0,109.8,2120,1,1,1,1.0,0,glass,#FDF6CC,,,https://www.openstreetmap.org/way/95486955
3168,w273873257,,East Benton Place,427,674.7,-64.9,16.5,183.4,2120,1,0,1,1.0,0,brick,,,,https://www.openstreetmap.org/way/273873257
3169,w273873260,Benton Place Parkhomes,,,629.4,-65.7,18.0,183.4,2120,1,0,1,1.0,0,,,,,https://www.openstreetmap.org/way/273873260
3167,w273873256,,East Benton Place,425,666.1,-64.8,16.0,192.1,2120,1,0,1,1.0,0,brick,,,,https://www.openstreetmap.org/way/273873256
3166,w273873255,,East Benton Place,423,657.4,-64.7,17.5,200.7,2120,1,0,1,1.0,0,brick,,,,https://www.openstreetmap.org/way/273873255
3165,w273873254,,East Benton Place,421,648.9,-64.6,17.0,209.5,2120,1,0,1,1.0,0,brick,,,,https://www.openstreetmap.org/way/273873254
3164,w273873253,,East Benton Place,419,640.5,-64.5,18.0,217.5,2120,1,0,1,1.0,0,brick,,,,https://www.openstreetmap.org/way/273873253
3163,w273873252,,East Benton Place,415,631.9,-64.4,17.5,226.2,2120,1,0,1,1.0,0,brick,,,,https://www.openstreetmap.org/way/273873252
3162,w273873250,,East Benton Place,411,623.4,-64.2,17.5,234.6,2120,1,0,1,1.0,0,brick,,,,https://www.openstreetmap.org/way/273873250
422,w148043662,Westshore Drive Parkhomes,,,693.6,-89.5,30.5,158.5,2125,1,0,1,1.0,0,,,,,https://www.openstreetmap.org/way/148043662
3604,w1178538680,,North Harbor Drive,175,700.5,-63.2,29.5,158.5,2125,1,0,1,1.0,0,brick,,,,https://www.openstreetmap.org/way/1178538680
3603,w1178533809,,North Westshore Drive,201,691.3,-63.3,28.5,165.9,2125,1,0,1,1.0,0,brick,,,,https://www.openstreetmap.org/way/1178533809
3476,w764398445,,,,765.0,-64.9,15.5,87.9,2130,1,0,1,0.9881,0,,,,,https://www.openstreetmap.org/way/764398445
3605,w1178538681,,North Harbor Drive,176,700.3,-72.1,29.5,159.3,2135,1,0,1,1.0,0,brick,,,,https://www.openstreetmap.org/way/1178538681
3602,w1178533808,,North Westshore Drive,199,691.1,-71.7,28.5,166.7,2135,1,0,1,1.0,0,brick,,,,https://www.openstreetmap.org/way/1178533808
3606,w1178538682,,North Harbor Drive,178,700.2,-80.7,30.5,160.1,2140,1,0,1,1.0,0,brick,,,,https://www.openstreetmap.org/way/1178538682
3601,w1178533807,,North Westshore Drive,197,691.9,-80.6,28.5,167.4,2140,1,0,1,1.0,0,brick,,,,https://www.openstreetmap.org/way/1178533807
3475,w764398444,,,,758.9,-83.1,163.0,91.4,2145,1,1,1,0.9655,0,,,,,https://www.openstreetmap.org/way/764398444
3607,w1178538683,,North Harbor Drive,190,700.0,-94.2,30.5,160.8,2150,1,0,1,1.0,0,brick,,,,https://www.openstreetmap.org/way/1178538683
3599,w1178533805,,North Westshore Drive,195,690.7,-89.3,28.5,168.1,2150,1,0,1,1.0,0,brick,,,,https://www.openstreetmap.org/way/1178533805
90,w95486959,The Parkshore,North Harbor Drive,195,800.8,-97.7,174.0,36.8,2160,1,1,1,1.0,0,glass,,,,https://www.openstreetmap.org/way/95486959
3600,w1178533806,,North Westshore Drive,193,690.5,-98.9,28.5,169.0,2160,1,0,1,1.0,0,brick,,,,https://www.openstreetmap.org/way/1178533806
3608,w1178538684,,North Harbor Drive,192,699.7,-107.7,29.0,162.5,2170,1,0,1,1.0,0,brick,,,,https://www.openstreetmap.org/way/1178538684
3598,w1178533804,,North Westshore Drive,191,690.3,-107.2,28.5,169.7,2170,1,0,1,1.0,0,brick,,,,https://www.openstreetmap.org/way/1178533804
3596,w1178483418,North Harbor Tower,,,739.9,-108.8,15.0,115.8,2180,1,0,1,1.0,0,,,,,https://www.openstreetmap.org/way/1178483418
3415,w723250169,Cirrus,North Harbor Drive,211,810.3,-169.2,3.0,41.5,2225,1,0,1,1.0,0,glass,,,,https://www.openstreetmap.org/way/723250169
564,w151974817,,North Lake Shore Drive,200,945.0,-154.3,5.5,68.1,2230,1,0,1,1.0,0,,,,,https://www.openstreetmap.org/way/151974817
3066,w210969054,Chicago Marine Safety Station,North Breakwater Access,250,1177.6,-317.1,11.5,297.2,2355,1,0,1,1.0,0,,,,,https://www.openstreetmap.org/way/210969054
3089,w210969096,,,,1108.1,-347.3,2.0,244.7,2360,1,0,1,1.0,0,,,,,https://www.openstreetmap.org/way/210969096
3450,w751729659,,,,1089.5,-554.0,12.0,335.6,2385,1,0,1,1.0,0,,,,,https://www.openstreetmap.org/way/751729659
3713,w1554602671,,,,880.3,-350.3,11.5,48.6,2390,1,0,1,1.0,0,,,,,https://www.openstreetmap.org/way/1554602671
3720,w1554602680,,,,875.8,-354.0,24.5,47.6,2395,1,0,1,1.0,0,,,,,https://www.openstreetmap.org/way/1554602680
3447,w751520451,F.D.R. Memorial SE Bridgehouse,North Lake Shore Drive,,875.8,-360.2,24.5,52.9,2395,1,0,1,1.0,0,,,,,https://www.openstreetmap.org/way/751520451
3681,w1361811960,,,,921.6,-482.5,7.5,173.4,2400,1,0,1,1.0,0,,,,,https://www.openstreetmap.org/way/1361811960
3716,w1554602674,F.D.R. Memorial NE Bridgehouse,North Lake Shore Drive,,873.7,-447.7,24.5,134.0,2405,1,0,1,1.0,0,,,,,https://www.openstreetmap.org/way/1554602674
3723,w1554602683,,,,873.6,-454.2,11.5,140.9,2405,1,0,1,1.0,0,,,,,https://www.openstreetmap.org/way/1554602683
3717,w1554602675,,,,878.1,-458.5,11.5,146.1,2405,1,0,1,1.0,0,,,,,https://www.openstreetmap.org/way/1554602675
3714,w1554602672,Bridge Powerhouse,,,853.6,-361.4,24.5,30.7,2410,1,0,1,1.0,0,,,,,https://www.openstreetmap.org/way/1554602672
3721,w1554602681,,,,834.2,-353.2,24.5,34.0,2415,1,0,1,1.0,0,,,,,https://www.openstreetmap.org/way/1554602681
3318,w542088682,F.D.R. Memorial SW Bridgehouse,North Lake Shore Drive,,834.9,-359.3,24.5,40.1,2415,1,0,1,1.0,0,,,,,https://www.openstreetmap.org/way/542088682
3719,w1554602677,Bridge Powerhouse,,,853.4,-446.5,24.5,122.2,2420,1,0,1,1.0,0,,,,,https://www.openstreetmap.org/way/1554602677
3722,w1554602682,,,,831.6,-453.1,24.5,135.0,2420,1,0,1,1.0,0,,,,,https://www.openstreetmap.org/way/1554602682
3712,w1554602670,,,,826.4,-351.3,9.5,33.3,2425,1,0,1,1.0,0,,,,,https://www.openstreetmap.org/way/1554602670
3715,w1554602673,F.D.R. Memorial NW Bridgehouse,North Lake Shore Drive,,833.0,-447.0,24.5,126.9,2425,1,0,1,1.0,0,,,,,https://www.openstreetmap.org/way/1554602673
3718,w1554602676,,,,824.3,-454.3,10.5,135.8,2435,1,0,1,1.0,0,,,,,https://www.openstreetmap.org/way/1554602676
3594,w1178481525,,,,772.5,-228.3,15.0,87.8,2465,1,0,1,1.0,0,,,,,https://www.openstreetmap.org/way/1178481525
3414,w723250168,Cascade,East Waterside Drive,455,743.3,-194.7,7.5,97.7,2485,1,0,1,1.0,0,glass,,,,https://www.openstreetmap.org/way/723250168
3680,w1361811949,400 Lake Shore - North Tower,North Water Street,462,785.2,-564.6,261.2,227.5,2490,1,1,0,,0,,,"https://www.related.com/press-releases/2026-07-21/related-midwest-completes-crown-installation-400-lake-shore-drive: exterior and crown complete July 2026, 857 ft total height, 72 stories, glass curtain wall and tiered setbacks",,https://www.openstreetmap.org/way/1361811949
783,w173328352,North Pier Tower,North Lake Shore Drive,474,797.8,-671.8,180.0,331.8,2490,1,1,1,1.0,0,,,,,https://www.openstreetmap.org/way/173328352
787,w173328373,500 North Lake Shore Drive,North Lake Shore Drive,500,804.9,-742.9,151.5,391.9,2490,1,1,1,0.997,0,,,,,https://www.openstreetmap.org/way/173328373
86,w95486951,The Chandler,East Wacker Drive,455,744.9,-260.3,134.0,45.4,2495,1,1,1,1.0,0,glass,,,,https://www.openstreetmap.org/way/95486951
3631,w1268337032,,,,725.1,-335.1,4.0,11.4,2515,1,0,1,1.0,0,,,,,https://www.openstreetmap.org/way/1268337032
784,w173328354,,East North Water Street,456,736.2,-564.5,12.5,219.8,2515,1,0,1,1.0,0,,,,,https://www.openstreetmap.org/way/173328354
3302,w509906353,One Bennett Park,East Grand Avenue,451,721.1,-747.3,138.5,392.0,2520,1,1,1,1.0,0,,,,,https://www.openstreetmap.org/way/509906353
3086,w210969074,,East North Water Street,448,720.7,-550.0,12.5,220.5,2525,1,0,1,1.0,0,,,,,https://www.openstreetmap.org/way/210969074
3630,w1268337031,,,,707.9,-336.9,2.5,13.1,2530,1,0,1,1.0,0,,,,,https://www.openstreetmap.org/way/1268337031
3084,w210969072,,East North Water Street,446,714.2,-549.9,12.5,220.5,2530,1,0,1,1.0,0,,,,,https://www.openstreetmap.org/way/210969072
3080,w210969068,,East North Water Street,442,704.8,-548.8,12.5,220.4,2535,1,0,1,1.0,0,,,,,https://www.openstreetmap.org/way/210969068
3082,w210969070,,East North Water Street,444,709.2,-548.9,12.5,220.4,2535,1,0,1,1.0,0,,,,,https://www.openstreetmap.org/way/210969070
3078,w210969066,,East North Water Street,440,699.4,-550.6,12.5,220.4,2540,1,0,1,1.0,0,,,,,https://www.openstreetmap.org/way/210969066
775,w173328324,,East North Water Street,436,705.3,-578.7,12.5,249.5,2540,1,0,1,1.0,0,,,,,https://www.openstreetmap.org/way/173328324
3076,w210969064,,East North Water Street,438,692.3,-549.3,12.5,220.5,2545,1,0,1,1.0,0,,,,,https://www.openstreetmap.org/way/210969064
3632,w1268337033,,,,689.1,-337.6,4.5,14.4,2550,1,0,1,1.0,0,,,,,https://www.openstreetmap.org/way/1268337033
778,w173328336,,East North Water Street,430,674.1,-563.6,12.5,219.8,2555,1,0,1,1.0,0,,,,,https://www.openstreetmap.org/way/173328336
91,w95486961,The Lancaster,North Westshore Drive,201,689.4,-152.3,97.0,133.1,2570,1,1,1,1.0,0,glass,,,,https://www.openstreetmap.org/way/95486961
3625,w1267469772,,,,661.5,-633.1,0.5,309.8,2570,1,0,1,1.0,0,,,,,https://www.openstreetmap.org/way/1267469772
3595,w1178481579,,,,676.2,-212.4,13.0,99.0,2580,1,0,1,1.0,0,,,,,https://www.openstreetmap.org/way/1178481579
779,w173328339,,East North Water Street,424,648.4,-562.9,12.5,219.9,2580,1,0,1,1.0,0,,,,,https://www.openstreetmap.org/way/173328339
3498,w859922724,,,,645.2,-340.9,9.0,18.9,2595,1,0,1,1.0,0,,,,,https://www.openstreetmap.org/way/859922724
92,w95486968,The Regatta,East Wacker Drive,425,679.1,-267.2,159.0,37.5,2600,1,1,1,1.0,0,glass,,,,https://www.openstreetmap.org/way/95486968
3072,w210969060,,East North Water Street,420,631.9,-547.8,12.5,220.8,2600,1,0,1,1.0,0,,,,,https://www.openstreetmap.org/way/210969060
3497,w859922723,,,,634.3,-341.6,10.0,19.8,2605,1,0,1,1.0,0,,,,,https://www.openstreetmap.org/way/859922723
782,w173328349,,East North Water Street,408,615.7,-576.8,12.5,250.3,2605,1,0,1,1.0,0,,,,,https://www.openstreetmap.org/way/173328349
3071,w210969059,,East North Water Street,418,625.4,-547.7,12.5,220.9,2610,1,0,1,1.0,0,,,,,https://www.openstreetmap.org/way/210969059
88,w95486956,The Shoreham,East South Water Street,400,640.3,-213.9,137.0,93.4,2615,1,1,1,1.0,0,,,,,https://www.openstreetmap.org/way/95486956
3070,w210969058,,East North Water Street,416,619.8,-546.6,12.5,220.9,2615,1,0,1,1.0,0,,,,,https://www.openstreetmap.org/way/210969058
3068,w210969056,,East North Water Street,412,610.4,-548.4,12.5,220.9,2625,1,0,1,1.0,0,,,,,https://www.openstreetmap.org/way/210969056
3069,w210969057,,East North Water Street,414,615.3,-546.5,12.5,220.9,2625,1,0,1,1.0,0,,,,,https://www.openstreetmap.org/way/210969057
3160,w273873248,,East Benton Place,403,606.3,-64.0,17.0,247.7,2640,1,0,1,1.0,0,brick,,,,https://www.openstreetmap.org/way/273873248
3932,w508759901,Riverview Condominiums,East North Water Street,401-445,650.6,-478.8,120.0,137.5,2645,1,1,1,1.0,0,,,,,https://www.openstreetmap.org/way/508759901
3067,w210969055,,East North Water Street,410,603.3,-547.0,12.5,220.9,2645,1,0,1,1.0,0,,,,,https://www.openstreetmap.org/way/210969055
3159,w273873247,,East Benton Place,401,597.7,-63.9,17.0,247.7,2645,1,0,1,1.0,0,brick,,,,https://www.openstreetmap.org/way/273873247
3931,w464802811,St. Regis Chicago,East Wacker Drive,375,591.6,-272.8,99.0,23.7,2655,1,1,1,1.0,0,glass,#1278a0,,,https://www.openstreetmap.org/way/464802811
3073,w210969061,,North McClurg Court,433,586.0,-541.4,12.5,219.5,2675,1,0,1,1.0,0,,,,,https://www.openstreetmap.org/way/210969061
3074,w210969062,,North McClurg Court,435,585.8,-547.4,12.5,225.2,2675,1,0,1,1.0,0,,,,,https://www.openstreetmap.org/way/210969062
3075,w210969063,,North McClurg Court,437,585.7,-553.8,12.5,231.4,2675,1,0,1,1.0,0,,,,,https://www.openstreetmap.org/way/210969063
3077,w210969065,,North McClurg Court,439,584.7,-559.2,12.5,237.8,2675,1,0,1,1.0,0,,,,,https://www.openstreetmap.org/way/210969065
3079,w210969067,,North McClurg Court,441,584.6,-563.8,12.5,242.3,2675,1,0,1,1.0,0,,,,,https://www.openstreetmap.org/way/210969067
3081,w210969069,,North McClurg Court,443,585.3,-569.4,12.5,247.1,2675,1,0,1,1.0,0,,,,,https://www.openstreetmap.org/way/210969069
85,w95486945,The Tides,East South Water Street,360,524.9,-211.8,150.5,96.2,2680,1,1,1,1.0,0,,,,,https://www.openstreetmap.org/way/95486945
84,w95486938,The Village Market,East Benton Place,333,507.5,-48.7,21.5,246.6,2680,1,0,1,1.0,0,,,,,https://www.openstreetmap.org/way/95486938
3083,w210969071,,North McClurg Court,445,585.1,-575.8,12.5,253.3,2680,1,0,1,1.0,0,,,,,https://www.openstreetmap.org/way/210969071
3085,w210969073,,North McClurg Court,447,585.0,-581.8,12.5,259.8,2680,1,0,1,1.0,0,,,,,https://www.openstreetmap.org/way/210969073
780,w173328340,River East Arts Center,East Illinois Street,435,671.8,-658.5,45.0,324.6,2680,1,0,1,1.0,0,,,,,https://www.openstreetmap.org/way/173328340
785,w173328363,Parkview West,East Illinois Street,400,592.2,-740.2,153.0,388.5,2700,1,1,1,1.0,0,,,,,https://www.openstreetmap.org/way/173328363
3309,w526820387,,East Wacker Drive,355,512.6,-276.0,154.5,25.4,2710,1,1,1,1.0,0,,,,,https://www.openstreetmap.org/way/526820387
3882,w188171184,Cityfront Place,North McClurg Court,400,526.9,-494.3,119.5,140.7,2730,1,1,1,1.0,0,,,,,https://www.openstreetmap.org/way/188171184
3553,w1165302175,,,,457.1,-15.0,119.0,300.9,2735,1,1,1,1.0,0,,,,,https://www.openstreetmap.org/way/1165302175
3919,w235391301,The Coast at Lakeshore East,East Wacker Drive,345,471.7,-269.3,155.0,27.5,2740,1,1,1,1.0,0,,,,,https://www.openstreetmap.org/way/235391301
3143,w235391302,,East South Water Street,350,467.4,-209.2,47.0,106.4,2740,1,0,1,1.0,0,,,,,https://www.openstreetmap.org/way/235391302
773,w173328313,Cityview,North McClurg Court,440,528.1,-580.9,39.0,210.0,2775,1,0,1,1.0,0,,,,,https://www.openstreetmap.org/way/173328313
771,w173328309,River East Center,East Illinois Street,350,515.9,-738.3,197.5,386.3,2775,1,1,1,1.0,0,,,,,https://www.openstreetmap.org/way/173328309
3238,w401242194,,North McClurg Court,440-480,527.4,-615.0,33.5,266.9,2785,1,0,1,1.0,0,,,,,https://www.openstreetmap.org/way/401242194
772,w173328312,Cityview,North McClurg Court,480,529.1,-643.9,39.5,301.5,2785,1,0,1,1.0,0,,,,,https://www.openstreetmap.org/way/173328312
87,w95486953,,,,406.6,-246.5,25.0,68.3,2800,1,0,1,1.0,0,,,,,https://www.openstreetmap.org/way/95486953
3949,w1178533812,Aqua Parkhomes,,,417.0,-163.6,26.0,133.6,2805,1,0,1,1.0,0,,,,,https://www.openstreetmap.org/way/1178533812
3784,w95486962,Aqua,North Columbus Drive,225,364.8,-199.7,263.5,114.7,2810,1,1,1,1.0,0,,,,,https://www.openstreetmap.org/way/95486962
3783,w95486960,Blue Cross-Blue Shield Tower,East Randolph Street,300,371.8,-11.3,239.0,300.7,2820,1,1,1,1.0,0,,,,,https://www.openstreetmap.org/way/95486960
3785,w95486966,Swissotel Chicago,East Wacker Drive,323,411.2,-284.3,143.0,26.8,2840,1,1,1,1.0,0,,,,,https://www.openstreetmap.org/way/95486966
3382,w641291399,,,,423.0,-666.9,70.5,319.7,2850,1,0,1,1.0,0,,,,,https://www.openstreetmap.org/way/641291399
3959,r15937049,"Radisson Blu Aqua Hotel, Chicago",North Columbus Drive,221,353.8,-190.6,263.5,131.3,2855,1,1,1,1.0,0,,,,,https://www.openstreetmap.org/relation/15937049
3204,w330309810,,,,432.8,-561.0,174.0,201.7,2855,1,1,1,1.0,0,,,,,https://www.openstreetmap.org/way/330309810
3205,w330309811,Loews Chicago Downtown,North Park Drive,455,435.0,-551.4,174.0,201.7,2855,1,1,1,1.0,0,,,,,https://www.openstreetmap.org/way/330309811
3112,w220467875,Chicago Fire Department Engine Company 13,North Columbus Drive,259,357.8,-234.3,124.5,92.8,2865,1,1,1,1.0,0,,,,,https://www.openstreetmap.org/way/220467875
789,w178933815,River East Center,East Illinois Street,302-322,512.1,-732.7,197.5,371.1,2865,1,1,1,1.0,0,,,,,https://www.openstreetmap.org/way/178933815
3218,w351479126,,North Park Drive,465,417.4,-670.1,116.5,295.2,2870,1,1,1,1.0,0,,,,,https://www.openstreetmap.org/way/351479126
89,w95486958,303 East Wacker,East Wacker Drive,303,341.7,-280.2,127.5,25.1,2885,1,1,1,1.0,0,,,,,https://www.openstreetmap.org/way/95486958
3883,w188171430,Sheraton Grand Chicago,East North Water Street,301,402.1,-477.5,107.5,118.6,2900,1,1,1,1.0,0,,,,,https://www.openstreetmap.org/way/188171430
3298,w509026426,William P. Fahey Bridgehouse,North Columbus Drive,,333.7,-381.3,13.0,35.1,2920,1,0,1,1.0,0,,,,,https://www.openstreetmap.org/way/509026426
247,w144697853,Fairmont Hotel Chicago,North Columbus Drive,200,267.1,-143.1,142.0,182.2,2930,1,1,1,1.0,0,,,,,https://www.openstreetmap.org/way/144697853
776,w173328328,Embassy Suites by Hilton Chicago Downtown Magnificent Mile,North Columbus Drive,511,386.3,-740.5,86.5,362.6,2945,1,1,1,1.0,0,,,,,https://www.openstreetmap.org/way/173328328
3148,w236665247,,,,236.4,-178.5,175.5,157.0,2950,1,1,1,1.0,0,,,,,https://www.openstreetmap.org/way/236665247
250,w144697864,Park Millennium,North Columbus Drive,222,238.9,-198.4,176.0,141.8,2955,1,1,1,1.0,0,,,,,https://www.openstreetmap.org/way/144697864
254,w144710193,Columbus Plaza,East Wacker Drive,233,264.3,-313.6,151.5,23.2,2960,1,1,1,1.0,0,,,,,https://www.openstreetmap.org/way/144710193
248,w144697856,Lakeshore Athletic Club,North Stetson Avenue,211,203.5,-150.2,42.5,185.3,2985,1,0,1,0.9911,0,,,,,https://www.openstreetmap.org/way/144697856
3609,w1178693753,,East Lower Wacker Drive,233,275.6,-382.4,9.5,22.2,2990,1,0,1,1.0,0,,,,,https://www.openstreetmap.org/way/1178693753
3446,w751520441,,,,223.9,-387.5,8.0,18.0,3010,1,0,1,1.0,0,,,,,https://www.openstreetmap.org/way/751520441
3860,w153567403,NBC Tower,North Columbus Drive,454,277.5,-566.4,178.0,180.8,3040,1,1,1,1.0,0,,,,,https://www.openstreetmap.org/way/153567403
3861,w153567408,,North Cityfront Plaza Drive,455,299.9,-577.6,178.0,179.5,3045,1,1,1,1.0,0,,,,,https://www.openstreetmap.org/way/153567408
3801,w132001018,,,,296.9,-734.4,128.0,337.2,3050,1,1,1,1.0,0,,,,,https://www.openstreetmap.org/way/132001018
3812,w145203364,The Fairbanks at Cityfront Place,East Illinois Street,280,296.1,-734.4,128.0,358.9,3055,1,1,1,1.0,0,,,,,https://www.openstreetmap.org/way/145203364
3610,w1178793325,,,,191.8,-394.2,0.5,20.2,3060,1,0,1,1.0,0,,,,,https://www.openstreetmap.org/way/1178793325
3190,w310094889,Optima Center 2,East Illinois Street,220,251.2,-717.9,168.0,330.3,3070,1,1,1,1.0,0,,,,,https://www.openstreetmap.org/way/310094889
613,w153561213,University of Chicago Gleacher Center,North Cityfront Plaza Drive,411,168.5,-535.6,41.5,122.9,3080,1,0,1,1.0,0,,,,,https://www.openstreetmap.org/way/153561213
3220,w357501101,Optima Signature,East Illinois Street,220,223.9,-742.9,237.0,352.6,3090,1,1,1,1.0,0,,,,,https://www.openstreetmap.org/way/357501101
3920,w235920251,Hyatt Regency Chicago,East Wacker Drive,151,181.0,-296.6,123.0,23.3,3095,1,1,1,0.9995,0,,,,,https://www.openstreetmap.org/way/235920251
737,w159919746,,East Grand Avenue,215,194.3,-749.6,60.0,358.6,3095,1,0,1,1.0,0,,,,,https://www.openstreetmap.org/way/159919746
738,w159919752,,East Grand Avenue,205,163.9,-749.1,34.0,355.5,3110,1,0,1,1.0,0,,,,,https://www.openstreetmap.org/way/159919752
739,w159919753,Ronald McDonald House,East Grand Avenue,211,179.0,-749.4,61.5,356.2,3110,1,0,1,1.0,0,,,,,https://www.openstreetmap.org/way/159919753
616,w153567401,Optima Center Chicago,East Illinois Street,200,171.7,-710.2,134.5,318.9,3115,1,1,1,1.0,0,,,,,https://www.openstreetmap.org/way/153567401
628,w153735901,,East Grand Avenue,201,156.6,-748.9,6.0,354.9,3115,1,0,1,1.0,0,,,,,https://www.openstreetmap.org/way/153735901
168,w127107027,Equitable Building,North Michigan Avenue,401,116.8,-535.5,149.0,124.7,3155,1,1,1,1.0,0,,#878262,,,https://www.openstreetmap.org/way/127107027
627,w153735897,Avenue East,East Illinois Street,160,114.8,-712.2,94.5,315.5,3160,1,1,1,1.0,0,,,,,https://www.openstreetmap.org/way/153735897
626,w153735896,,East Grand Avenue,161,113.6,-745.0,33.5,351.6,3160,1,0,1,1.0,0,,,,,https://www.openstreetmap.org/way/153735896
252,w144710189,One Illinois Center,East Wacker Drive,111,64.3,-326.3,132.0,17.1,3165,1,1,1,1.0,0,,,,,https://www.openstreetmap.org/way/144710189
3392,w685480593,Apple Store,North Michigan Avenue,401,73.1,-519.0,53.5,121.5,3195,1,0,1,1.0,0,,,,,https://www.openstreetmap.org/way/685480593
3445,w751520413,,,,63.4,-400.2,4.0,16.4,3210,1,0,1,1.0,0,,,,separate landmark proximity,https://www.openstreetmap.org/way/751520413
3847,w150407241,Tribune Tower,North Michigan Avenue,435,67.1,-632.6,159.0,223.2,3210,1,1,1,1.0,0,,,"en.wikipedia.org/wiki/Tribune_Tower: 141 m, neo-Gothic limestone, light tan, floodlit at night",,https://www.openstreetmap.org/way/150407241
3862,w153735900,InterContinental Chicago Hotel,North Michigan Avenue,505,54.8,-729.2,150.5,312.5,3220,1,1,1,1.0,0,,,,,https://www.openstreetmap.org/way/153735900
3441,w751165457,DuSable Bridgehouse,North Michigan Avenue,,26.4,-491.0,20.5,105.1,3225,1,0,1,1.0,0,,,,,https://www.openstreetmap.org/way/751165457
2387,w210680060,Michigan Terrace Condos,North Michigan Avenue,535,68.9,-795.4,103.0,401.6,3225,1,1,1,1.0,0,,,,,https://www.openstreetmap.org/way/210680060
3297,w509026425,DuSable Bridgehouse,North Michigan Avenue,,11.5,-406.3,20.5,20.0,3235,1,0,1,1.0,0,,,,,https://www.openstreetmap.org/way/509026425
360,w147399567,London Guarantee Building,North Michigan Avenue,360,-51.6,-352.7,109.0,0.0,3315,1,1,1,1.0,0,,,"en.wikipedia.org/wiki/London_Guarantee_Building: neoclassical, crown a classical cupola modelled after the Stockholm Stadshus / Choragic Monument of Lysicrates",authored route clearance,https://www.openstreetmap.org/way/147399567
807,w205087670,State-Kinzie-Wabash Self Park,North State Street,401,-224.2,-518.6,39.0,185.6,3355,1,0,1,1.0,0,,,,,https://www.openstreetmap.org/way/205087670
630,w153966967,,East Hubbard Street,11,-251.2,-561.2,37.0,236.2,3360,1,0,1,1.0,0,,,,,https://www.openstreetmap.org/way/153966967
633,w153966978,Law Bulletin Building,North State Street,415,-273.9,-560.6,35.0,244.8,3360,1,0,1,1.0,0,,,,,https://www.openstreetmap.org/way/153966978
656,w154412236,,West Hubbard Street,6,-318.8,-607.0,37.0,319.4,3360,1,0,1,1.0,0,,,,,https://www.openstreetmap.org/way/154412236
584,w153291626,,North State Street,444,-325.4,-651.6,25.5,346.2,3360,1,0,1,1.0,0,,,,,https://www.openstreetmap.org/way/153291626
587,w153291631,,West Illinois Street,11,-340.7,-648.6,25.0,360.2,3360,1,0,1,1.0,0,,,,,https://www.openstreetmap.org/way/153291631
3771,w64594680,Trump International Hotel & Tower Chicago,North Wabash Avenue,401,-173.9,-453.4,420.0,95.1,3365,1,1,1,1.0,0,glass,#84A7B5,,,https://www.openstreetmap.org/way/64594680
639,w154079704,,North State Street,416,-316.2,-567.7,19.5,289.8,3365,1,0,1,1.0,0,,,,,https://www.openstreetmap.org/way/154079704
649,w154412226,,West Hubbard Street,10-18,-351.1,-612.4,24.5,334.4,3365,1,0,1,1.0,0,,,,,https://www.openstreetmap.org/way/154412226
642,w154079707,,,,-355.6,-652.2,13.0,369.4,3365,1,0,1,1.0,0,,,,,https://www.openstreetmap.org/way/154079707
635,w154079699,Macano Corps- Architechs,West Illinois Street,21,-370.0,-648.2,39.0,381.2,3365,1,0,1,1.0,0,,,,,https://www.openstreetmap.org/way/154079699
591,w153291636,Hampton Inn & Suites Chicago - Downtown,West Illinois Street,33,-397.6,-647.7,43.0,385.6,3365,1,0,1,1.0,0,,,,,https://www.openstreetmap.org/way/153291636
637,w154079702,,North State Street,412-414,-315.8,-552.2,17.5,278.1,3370,1,0,1,1.0,0,,,,,https://www.openstreetmap.org/way/154079702
644,w154079709,Mother Hubbard's Sports Pub,West Hubbard Street,5,-327.7,-559.2,23.5,286.3,3370,1,0,1,1.0,0,,,,,https://www.openstreetmap.org/way/154079709
645,w154079710,,West Hubbard Street,9-15,-345.5,-558.8,24.5,294.4,3370,1,0,1,1.0,0,,,,,https://www.openstreetmap.org/way/154079710
655,w154412235,,West Hubbard Street,20,-369.4,-611.9,22.0,355.0,3370,1,0,1,1.0,0,,,,,https://www.openstreetmap.org/way/154412235
657,w154412240,,West Hubbard Street,22,-378.5,-611.7,22.5,359.3,3370,1,0,1,1.0,0,,,,,https://www.openstreetmap.org/way/154412240
598,w153320983,,North State Street,400,-321.6,-523.0,36.0,252.6,3375,1,0,1,1.0,0,,,,,https://www.openstreetmap.org/way/153320983
21,w64596068,330 North Wabash,North Wabash Avenue,330,-264.8,-429.1,216.5,131.7,3405,1,1,1,1.0,0,glass,black,,,https://www.openstreetmap.org/way/64596068
3442,w751499058,Irv Kupcinet Bridgehouse,North Wabash Avenue,,-234.1,-370.8,15.5,109.4,3415,1,0,1,1.0,0,,,,,https://www.openstreetmap.org/way/751499058
3443,w751499071,Irv Kupcinet Bridgehouse,North Wabash Avenue,,-202.3,-298.4,15.0,40.8,3465,1,0,1,1.0,0,,,,,https://www.openstreetmap.org/way/751499071
3444,w751499087,Coco Bar,,,-195.1,-281.6,14.0,20.1,3475,1,0,1,1.0,0,,,,,https://www.openstreetmap.org/way/751499087
3793,w124865488,35 East Wacker,East Wacker Drive,35,-198.3,-192.6,163.5,24.4,3535,1,1,1,1.0,0,,,"https://webapps1.chicago.gov/landmarksweb/web/landmarkdetails.htm?counter=2&lanId=1233: terra cotta cladding. Decorative details remain open. https://chistockimages.com/building/jewelers-building/: cream-coloured cladding. Ivory encodes the published cream category, not a measured photographic colour.",,https://www.openstreetmap.org/way/124865488
333,w147397536,,North Wabash Avenue,180,-189.1,-69.4,50.5,144.1,3545,1,0,1,1.0,0,,,,,https://www.openstreetmap.org/way/147397536
124,w124865486,Harold Washington College,East Lake Street,30,-210.3,-138.8,52.5,73.8,3550,1,0,1,1.0,0,,,,,https://www.openstreetmap.org/way/124865486
3765,w64389514,Kemper Building,East Wacker Drive,1,-250.8,-190.0,164.5,20.3,3565,1,1,1,1.0,0,,,,,https://www.openstreetmap.org/way/64389514
255,w144846550,CTA East Lake Substation,East Lake Street,10,-245.8,-146.3,96.0,72.3,3565,1,1,1,0.988,0,,,,,https://www.openstreetmap.org/way/144846550
257,w144846553,The Wit Hotel,North State Street,201,-266.9,-140.0,97.5,72.3,3565,1,1,1,1.0,0,,,,,https://www.openstreetmap.org/way/144846553
132,w124873919,Chicago Theatre,North State Street,175,-245.9,-70.0,37.5,139.7,3565,1,0,1,1.0,0,,,,,https://www.openstreetmap.org/way/124873919
141,w124873930,Page Brothers Building,North State Street,177-191,-265.1,-77.5,36.0,139.7,3565,1,0,1,1.0,0,,,,,https://www.openstreetmap.org/way/124873930
3798,w124873943,Joffrey Tower,East Randolph Street,8,-257.2,-4.5,127.0,204.0,3565,1,1,1,1.0,0,,,,,https://www.openstreetmap.org/way/124873943
3437,w747184084,Bataan-Corregidor Memorial Bridgehouse,North State Street,,-279.0,-270.9,11.0,34.5,3585,1,0,1,1.0,0,,,,,https://www.openstreetmap.org/way/747184084
271,w145208574,Art Institute Dormitory,North State Street,150,-331.7,2.8,84.0,221.6,3615,1,1,1,1.0,0,,,,,https://www.openstreetmap.org/way/145208574
272,w145208576,Butler Building,North State Street,162,-326.5,-17.6,74.5,200.0,3625,1,0,1,1.0,0,,,,,https://www.openstreetmap.org/way/145208576
3810,w144846552,Renaissance Chicago Downtown Hotel,West Wacker Drive,1,-332.5,-189.7,129.0,19.7,3630,1,1,1,1.0,0,,,,,https://www.openstreetmap.org/way/144846552
3593,w1177963192,ABC TV Studios,North State Street,190,-348.0,-57.5,36.5,158.4,3640,1,0,1,1.0,0,,,,,https://www.openstreetmap.org/way/1177963192
3811,w145203363,The Masonic Building,West Randolph Street,24-32,-370.0,-3.8,90.5,200.3,3655,1,1,1,1.0,0,,,,,https://www.openstreetmap.org/way/145203363
636,w154079701,,West Hubbard Street,25,-388.6,-557.9,22.5,308.6,3700,1,0,1,1.0,0,,,,,https://www.openstreetmap.org/way/154079701
646,w154079711,,West Hubbard Street,29,-397.8,-557.7,23.5,308.4,3705,1,0,1,1.0,0,,,,,https://www.openstreetmap.org/way/154079711
153,w124873944,Theater District Self Park,North Dearborn Street,181,-394.4,-66.1,42.5,140.2,3715,1,0,1,1.0,0,,,,,https://www.openstreetmap.org/way/124873944
3591,w1177923721,House of Blues,North Dearborn Street,329,-389.5,-385.6,34.0,136.5,3720,1,0,1,1.0,0,,,,,https://www.openstreetmap.org/way/1177923721
3549,w1124269167,,North Dearborn Street,431,-411.8,-611.0,12.0,361.9,3725,1,0,1,1.0,0,,,,,https://www.openstreetmap.org/way/1124269167
3814,w145208575,Goodman Theatre Center,North Dearborn Street,170,-448.7,-19.9,32.0,140.3,3740,1,0,1,1.0,0,,,,,https://www.openstreetmap.org/way/145208575
3945,w1177727287,200 N Dearborn,North Dearborn Street,200,-453.8,-141.9,137.0,70.1,3750,1,1,1,0.9926,0,,,,,https://www.openstreetmap.org/way/1177727287
126,w124865490,55 West Wacker,West Wacker Drive,55,-459.2,-194.6,83.5,20.5,3780,1,1,1,1.0,0,,,,,https://www.openstreetmap.org/way/124865490
341,w147397548,201 North Clark,North Clark Street,201,-495.9,-137.4,20.5,70.5,3780,1,0,1,1.0,0,,,,,https://www.openstreetmap.org/way/147397548
596,w153320977,Te'Jay's Adult Books,West Hubbard Street,53,-475.7,-556.7,10.5,307.0,3785,1,0,1,1.0,0,,,,,https://www.openstreetmap.org/way/153320977
599,w153320984,,West Hubbard Street,59,-485.5,-556.5,13.0,306.8,3795,1,0,1,1.0,0,,,,,https://www.openstreetmap.org/way/153320984
3855,w153320986,353 North Clark,North Clark Street,353,-477.5,-459.7,192.5,204.2,3800,1,1,1,1.0,0,glass,#84A6B5,,,https://www.openstreetmap.org/way/153320986
647,w154412222,Court House Square,West Hubbard Street,54,-467.9,-613.0,50.5,358.9,3810,1,0,1,1.0,0,,,,,https://www.openstreetmap.org/way/154412222
3228,w381783834,,,,-526.8,-469.1,12.0,219.8,3835,1,0,1,1.0,0,,,,,https://www.openstreetmap.org/way/381783834
3435,w747184039,Clark Street Bridgehouse,North Clark Street,,-535.0,-262.9,15.5,26.0,3840,1,0,1,1.0,0,,,,,https://www.openstreetmap.org/way/747184039
3503,w938561894,Clark Street Bridgehouse,North Clark Street,,-534.4,-338.8,10.0,102.1,3840,1,0,1,1.0,0,,,,,https://www.openstreetmap.org/way/938561894
101,w118061326,321 North Clark,North Clark Street,321,-509.4,-377.4,153.5,117.4,3840,1,1,1,1.0,0,glass,#B1BEAC,,,https://www.openstreetmap.org/way/118061326
3578,w1176352904,,,,-591.9,-107.0,15.5,119.8,3845,1,0,1,1.0,0,,,,,https://www.openstreetmap.org/way/1176352904
594,w153320972,,West Kinzie Street,60,-505.3,-520.2,47.0,270.4,3845,1,0,1,1.0,0,,,,,https://www.openstreetmap.org/way/153320972
3386,w680360703,407 North Clark Street,North Clark Street,407,-498.8,-538.0,165.5,270.4,3845,1,1,1,1.0,0,,,,,https://www.openstreetmap.org/way/680360703
602,w153320989,AMLI River North,North Clark Street,435,-522.1,-553.3,165.5,301.0,3845,1,1,1,1.0,0,,,,,https://www.openstreetmap.org/way/153320989
273,w145208577,The Concourse at 203,North LaSalle Street,203,-610.6,-140.1,106.5,70.4,3865,1,1,1,1.0,0,,,,,https://www.openstreetmap.org/way/145208577
3434,w747184024,Clark Street Bridgehouse,North Clark Street,,-563.6,-334.9,15.5,98.1,3870,1,0,1,1.0,0,,,,,https://www.openstreetmap.org/way/747184024
3258,w445359458,The Rug Company,North Clark Street,320,-575.4,-357.1,32.5,118.4,3870,1,0,1,1.0,0,,,,,https://www.openstreetmap.org/way/445359458
603,w153322243,John R. Thompson Building,North Clark Street,350,-582.1,-454.8,50.0,186.2,3870,1,0,1,1.0,0,,,,,https://www.openstreetmap.org/way/153322243
114,w124865463,OneEleven,West Wacker Drive,111,-584.8,-188.6,192.0,20.9,3890,1,1,1,0.9962,0,glass,,,,https://www.openstreetmap.org/way/124865463
718,w159470962,,West Kinzie Street,100,-576.7,-506.5,22.0,269.4,3895,1,0,1,1.0,0,,,,,https://www.openstreetmap.org/way/159470962
727,w159470983,,North Clark Street,404,-576.9,-514.4,22.0,275.6,3895,1,0,1,1.0,0,,,,,https://www.openstreetmap.org/way/159470983
729,w159470986,,North Clark Street,406,-577.1,-523.6,21.5,285.0,3895,1,0,1,1.0,0,,,,,https://www.openstreetmap.org/way/159470986
730,w159470988,,North Clark Street,408,-577.3,-531.1,21.5,294.1,3895,1,0,1,1.0,0,,,,,https://www.openstreetmap.org/way/159470988
723,w159470974,,North Clark Street,412,-577.5,-542.6,20.0,305.0,3895,1,0,1,1.0,0,,,,,https://www.openstreetmap.org/way/159470974
715,w159470955,,North Clark Street,414-416,-577.7,-550.8,18.0,312.0,3895,1,0,1,1.0,0,,,,,https://www.openstreetmap.org/way/159470955
721,w159470967,,North Clark Street,418,-577.9,-559.2,21.5,321.4,3895,1,0,1,1.0,0,,,,,https://www.openstreetmap.org/way/159470967
719,w159470964,,North Clark Street,420,-578.1,-566.8,22.5,328.8,3895,1,0,1,1.0,0,,,,,https://www.openstreetmap.org/way/159470964
717,w159470960,,West Hubbard Street,109,-592.8,-554.5,23.5,304.9,3900,1,0,1,1.0,0,,,,,https://www.openstreetmap.org/way/159470960
136,w124873924,LaSalle - Wacker Building,North LaSalle Street,221,-626.5,-195.3,161.0,20.3,3915,1,1,1,0.9717,0,,,,,https://www.openstreetmap.org/way/124873924
660,w155075901,,West Hubbard Street,112,-608.6,-607.7,33.0,358.9,3920,1,0,1,1.0,0,,,,,https://www.openstreetmap.org/way/155075901
3638,w1274240958,The Sterling Self Park,,,-609.6,-459.8,133.0,188.3,3930,1,1,1,1.0,0,,,,,https://www.openstreetmap.org/way/1274240958
3856,w153322244,The Sterling,North LaSalle Drive,345,-628.8,-454.9,143.5,188.3,3930,1,1,1,1.0,0,,,,,https://www.openstreetmap.org/way/153322244
716,w159470958,Point & Feather,West Hubbard Street,113,-613.8,-554.1,26.0,304.3,3930,1,0,1,1.0,0,,,,,https://www.openstreetmap.org/way/159470958
725,w159470977,,West Kinzie Street,118-120,-624.8,-517.8,17.5,268.6,3935,1,0,1,1.0,0,,,,,https://www.openstreetmap.org/way/159470977
3857,w153322246,,North LaSalle Drive,345,-641.6,-445.5,143.5,193.8,3940,1,1,1,1.0,0,,,,,https://www.openstreetmap.org/way/153322246
3433,w747171898,LaSalle Street Bridgehouse,North LaSalle Street,,-655.9,-264.7,17.5,27.9,3960,1,0,1,1.0,0,,,,,https://www.openstreetmap.org/way/747171898
3500,w863106029,,,,-656.5,-264.9,17.5,27.9,3960,1,0,1,1.0,0,,,,,https://www.openstreetmap.org/way/863106029
720,w159470966,,North LaSalle Drive,401,-651.8,-517.3,21.5,268.2,3960,1,0,1,1.0,0,,,,,https://www.openstreetmap.org/way/159470966
714,w159470953,,North LaSalle Drive,415,-640.4,-553.6,34.5,303.7,3960,1,0,1,1.0,0,,,,,https://www.openstreetmap.org/way/159470953
3389,w685475275,LaSalle Street Bridgehouse,North LaSalle Street,,-656.6,-337.8,18.0,99.3,3965,1,0,1,1.0,0,,,,,https://www.openstreetmap.org/way/685475275
293,w147013781,Michael A. Bilandic Building,North LaSalle Street,160,-701.8,-2.6,85.5,206.8,3990,1,1,1,1.0,0,,,,,https://www.openstreetmap.org/way/147013781
3432,w747171897,LaSalle Street Bridgehouse,North LaSalle Street,,-687.3,-264.4,17.5,27.5,3995,1,0,1,1.0,0,,,,,https://www.openstreetmap.org/way/747171897
3501,w863106031,,,,-686.8,-264.5,17.5,27.5,3995,1,0,1,1.0,0,,,,,https://www.openstreetmap.org/way/863106031
3639,w1274706590,LaSalle Street Bridgehouse,North LaSalle Street,,-687.9,-336.9,18.0,98.8,3995,1,0,1,1.0,0,,,,,https://www.openstreetmap.org/way/1274706590
604,w153323812,350 North LaSalle,North LaSalle Drive,350,-697.9,-447.6,75.0,191.0,4015,1,0,1,1.0,0,,,,,https://www.openstreetmap.org/way/153323812
607,w153328597,,West Kinzie Street,149,-717.0,-450.4,16.5,191.0,4015,1,0,1,1.0,0,,,,,https://www.openstreetmap.org/way/153328597
605,w153328590,Asian House of Chicago,West Kinzie Street,159,-745.5,-464.0,23.5,214.8,4050,1,0,1,1.0,0,,,,,https://www.openstreetmap.org/way/153328590
3492,w839664085,,North LaSalle Drive,448,-719.5,-640.1,12.0,391.3,4055,1,0,1,1.0,0,,,,,https://www.openstreetmap.org/way/839664085
3797,w124873936,Century Tower,West Lake Street,182,-769.8,-143.0,120.5,71.3,4060,1,1,1,1.0,0,,,,,https://www.openstreetmap.org/way/124873936
509,w149215047,Helene Curtis Building,North Wells Street,325,-774.0,-373.1,52.5,112.6,4065,1,0,1,1.0,0,brick,,,,https://www.openstreetmap.org/way/149215047
3858,w153323811,EnV,West Kinzie Street,161,-765.9,-440.6,94.5,192.6,4065,1,1,1,1.0,0,,,,,https://www.openstreetmap.org/way/153323811
1513,w210671705,,North Wells Street,433,-769.7,-605.7,29.5,363.3,4090,1,0,1,1.0,0,,,,,https://www.openstreetmap.org/way/210671705
3641,w1274706650,,,,-789.8,-407.4,14.5,156.5,4095,1,0,1,1.0,0,,,,,https://www.openstreetmap.org/way/1274706650
3576,w1176300336,CTA Tower 18,,,-799.7,-110.8,14.5,121.1,4105,1,0,1,1.0,0,,,,,https://www.openstreetmap.org/way/1176300336
3642,w1274706651,,,,-801.4,-404.8,14.0,156.2,4110,1,0,1,1.0,0,,,,,https://www.openstreetmap.org/way/1274706651
3640,w1274706646,Merchandise Mart CTA Station,,,-796.9,-429.6,69.0,185.7,4110,1,0,1,1.0,0,,,,,https://www.openstreetmap.org/way/1274706646
3394,w685483239,Wells Street Bridgehouse,North Wells Street,,-808.6,-344.2,10.5,107.2,4115,1,0,1,1.0,0,,,,,https://www.openstreetmap.org/way/685483239
3759,w28293211,Merchandise Mart,Merchandise Mart Plaza,222,-900.4,-401.1,111.5,133.0,4125,1,1,1,1.0,0,limestone,#f6e5d1,,,https://www.openstreetmap.org/way/28293211
795,w182033165,,West Kinzie Street,210,-843.3,-513.2,23.5,264.5,4135,1,0,1,1.0,0,,,,,https://www.openstreetmap.org/way/182033165
1503,w210671694,,West Illinois Street,217,-873.0,-638.7,28.5,391.2,4140,1,0,1,1.0,0,,,,,https://www.openstreetmap.org/way/210671694
793,w182033163,,West Kinzie Street,220,-872.1,-513.0,97.0,265.7,4145,1,1,1,1.0,0,,,,,https://www.openstreetmap.org/way/182033163
1518,w210671710,,North Franklin Street,445,-897.7,-638.2,26.0,392.5,4145,1,0,1,1.0,0,,,,,https://www.openstreetmap.org/way/210671710
794,w182033164,,West Kinzie Street,222,-885.8,-509.6,95.0,266.9,4150,1,1,1,1.0,0,,,,,https://www.openstreetmap.org/way/182033164
799,w198543774,,West Hubbard Street,225,-899.0,-547.9,65.5,302.9,4150,1,0,1,1.0,0,,,,,https://www.openstreetmap.org/way/198543774
792,w182033162,,,,-902.1,-512.8,21.5,268.4,4155,1,0,1,1.0,0,,,,,https://www.openstreetmap.org/way/182033162
612,w153339078,3Eleven,West Illinois Street,311,-956.9,-632.6,96.5,400.8,4160,1,1,1,1.0,0,,,,,https://www.openstreetmap.org/way/153339078
621,w153734161,,West Hubbard Street,333,-971.1,-546.7,24.5,310.1,4165,1,0,1,1.0,0,,,,,https://www.openstreetmap.org/way/153734161
609,w153339074,Orleans-Hubbard Self Park,West Hubbard Street,318,-995.4,-600.5,102.0,369.6,4170,1,1,1,1.0,0,,,,,https://www.openstreetmap.org/way/153339074
3826,w147397549,Lake & Wells Apartments,North Wells Street,210,-832.9,-142.9,137.0,67.6,4180,1,1,1,1.0,0,,,,,https://www.openstreetmap.org/way/147397549
3943,w1175783941,210 N Wells Self Park,North Wells Street,210,-835.8,-143.9,131.5,67.6,4180,1,1,1,1.0,0,,,,,https://www.openstreetmap.org/way/1175783941
3590,w1177404968,,,,-894.1,-249.7,3.5,26.8,4185,1,0,1,1.0,0,,,,,https://www.openstreetmap.org/way/1177404968
3381,w638332166,Franklin Street Bridgehouse,North Franklin Street,,-913.7,-260.8,10.5,45.1,4200,1,0,1,1.0,0,,,,,https://www.openstreetmap.org/way/638332166
3767,w64391366,225 West Wacker,West Wacker Drive,225,-885.9,-165.7,126.5,0.8,4210,1,1,1,1.0,0,marble,,,authored route clearance,https://www.openstreetmap.org/way/64391366
3380,w638332165,Franklin Street Bridgehouse,North Orleans Street,,-979.3,-314.6,11.5,122.0,4235,1,0,1,1.0,0,,,,,https://www.openstreetmap.org/way/638332165
3731,r15906896,Standard Parking Garage,North Wells Street,150,-821.5,-3.6,27.5,189.3,4240,1,0,1,1.0,0,,,,,https://www.openstreetmap.org/relation/15906896
3839,w149215043,River North Point,North Orleans Street,350,-1084.6,-401.8,104.5,192.8,4250,1,1,1,0.9988,0,,,,,https://www.openstreetmap.org/way/149215043
354,w147398361,,West Lake Street,227,-886.8,-64.3,29.0,113.8,4255,1,0,1,1.0,0,,,,,https://www.openstreetmap.org/way/147398361
610,w153339076,East Bank Club,North Kingsbury Street,500,-1204.9,-544.3,26.0,391.7,4270,1,0,1,1.0,0,,,,,https://www.openstreetmap.org/way/153339076
98,w116017092,333 Wacker Drive,West Wacker Drive,333,-959.4,-151.3,147.5,13.3,4275,1,1,1,1.0,0,glass,#7db9c4,https://www.kpf.com/project/333-wacker-drive: reflective green-glass river facade; stone and stainless-steel base. Existing OSM colour retained; base segmentation remains open.,,https://www.openstreetmap.org/way/116017092
351,w147398358,,West Lake Street,237,-897.6,-80.7,22.5,107.8,4280,1,0,1,1.0,0,,,,,https://www.openstreetmap.org/way/147398358
3651,w1276540733,Kinzie Street Bridge House,West Kinzie Street,,-1227.0,-467.8,8.5,386.6,4295,1,0,1,1.0,0,,,,,https://www.openstreetmap.org/way/1276540733
515,w149372322,River Cottages,North Canal Street,357-367,-1267.3,-441.8,17.0,381.2,4310,1,0,1,1.0,0,concrete,,,,https://www.openstreetmap.org/way/149372322
349,w147398356,,North Franklin Street,185,-894.2,-66.2,28.5,124.3,4320,1,0,1,1.0,0,,,,,https://www.openstreetmap.org/way/147398356
514,w149372306,Riverbend,North Canal Street,333,-1255.2,-306.3,138.0,259.9,4365,1,1,1,1.0,0,concrete,,,,https://www.openstreetmap.org/way/149372306
3518,w1020403490,,,,-1386.6,-300.4,9.0,401.1,4375,1,0,1,1.0,0,,,,,https://www.openstreetmap.org/way/1020403490
3653,w1276571343,,,,-1266.7,-214.8,12.0,258.2,4380,1,0,1,1.0,0,,,,,https://www.openstreetmap.org/way/1276571343
3519,w1020403491,,,,-1383.1,-261.2,11.5,377.8,4380,1,0,1,1.0,0,,,,,https://www.openstreetmap.org/way/1020403491
3438,w750299461,Lake Street Bridgehouse,West Lake Street,,-1067.0,-115.8,9.0,34.8,4385,1,0,1,1.0,0,,,,,https://www.openstreetmap.org/way/750299461
287,w147013355,191 North Wacker,North Wacker Drive,191,-998.0,-58.1,155.0,11.3,4395,1,1,1,1.0,0,,,https://sah-archipedia.org/buildings/IL-01-031-0002: glass tower south of 333 Wacker; https://www.kpf.com/project/191-north-wacker-drive: crown lantern has an outer clear glass sleeve. Lantern detailing remains open.,,https://www.openstreetmap.org/way/147013355
3390,w685477973,Lake Street Bridgehouse,West Lake Street,,-1139.9,-116.3,9.0,104.5,4395,1,0,1,1.0,0,,,,,https://www.openstreetmap.org/way/685477973
557,w151572001,,North Canal Street,212,-1305.8,-156.8,15.5,265.1,4395,1,0,1,1.0,0,brick,,,,https://www.openstreetmap.org/way/151572001
820,w210268944,Clinton Street Lofts,North Clinton Street,208-228,-1447.8,-166.5,44.0,383.7,4400,1,0,1,1.0,0,,,,,https://www.openstreetmap.org/way/210268944
3885,w210270117,Chicago and North Western Railway Power House,North Clinton Street,201-211,-1382.7,-155.9,60.5,343.7,4405,1,0,1,1.0,0,,,,,https://www.openstreetmap.org/way/210270117
3520,w1020403549,,,,-1452.2,-139.5,32.5,380.8,4405,1,0,1,1.0,0,,,,,https://www.openstreetmap.org/way/1020403549
3701,w1501510087,,,,-1386.3,-86.5,17.0,347.7,4410,1,0,1,1.0,0,,,,,https://www.openstreetmap.org/way/1501510087
370,w147476134,,North Wacker Drive,180,-1064.4,-60.8,33.0,18.7,4415,1,0,1,1.0,0,,,,,https://www.openstreetmap.org/way/147476134
348,w147398355,,North Franklin Street,175,-889.0,-42.2,23.0,135.9,4440,1,0,1,1.0,0,,,,,https://www.openstreetmap.org/way/147398355
3213,w330879260,150 N Riverside,North Riverside Plaza,150,-1163.1,-54.7,227.5,109.3,4460,1,1,1,1.0,0,glass,,,,https://www.openstreetmap.org/way/330879260
178,w136662656,155 North Wacker,North Wacker Drive,155,-995.5,-11.7,199.5,14.6,4470,1,1,1,1.0,0,,,https://www.155northwacker.com/: full-height glass windows; https://www.gpchicago.com/architecture/155-north-wacker/: cable-supported oversized glass lobby panels and 45-foot south arcade. Arcade geometry remains open.,,https://www.openstreetmap.org/way/136662656
376,w147476151,,North Wacker Drive,150,-1075.6,3.4,123.0,25.8,4470,1,1,1,1.0,0,,,,,https://www.openstreetmap.org/way/147476151
3530,w1039763412,Small Cheval - Riverside,North Riverside Plaza,150,-1162.5,-11.9,213.5,117.7,4470,1,1,1,1.0,0,,,,,https://www.openstreetmap.org/way/1039763412
469,w148680453,Sushi Nova,North Franklin Street,160,-936.2,-6.2,40.0,87.3,4475,1,0,1,1.0,0,,,,,https://www.openstreetmap.org/way/148680453
835,w210270053,,North Clinton Street,150,-1439.3,6.1,35.0,375.7,4515,1,0,1,1.0,0,,,,,https://www.openstreetmap.org/way/210270053
1493,w210671541,The Allegro Royal Sonesta Hotel Chicago Loop,West Randolph Street,171,-747.0,74.1,73.5,260.6,4535,1,0,1,1.0,0,,,,,https://www.openstreetmap.org/way/210671541
3391,w685477974,Randolph Street Bridgehouse,West Randolph Street,,-1095.8,51.7,11.5,57.8,4540,1,0,1,1.0,0,,,,,https://www.openstreetmap.org/way/685477974
342,w147397552,Randolph-Wells Building,West Randolph Street,205,-812.2,77.8,90.0,211.4,4540,1,1,1,0.9912,0,,,,,https://www.openstreetmap.org/way/147397552
313,w147095676,Concord City Centre,West Washington Street,208,-815.1,126.3,99.5,206.3,4595,1,1,1,1.0,0,,,,,https://www.openstreetmap.org/way/147095676
3563,w1175442363,120 North LaSalle,,,-752.1,116.8,131.0,261.9,4595,1,1,1,1.0,0,,,,,https://www.openstreetmap.org/way/1175442363
289,w147013357,120 North LaSalle,North LaSalle Street,120,-709.4,123.1,152.5,298.2,4595,1,1,1,1.0,0,,,,,https://www.openstreetmap.org/way/147013357
829,w210269708,,North Clinton Street,118,-1430.1,99.7,32.5,374.6,4600,1,0,1,1.0,0,,,,,https://www.openstreetmap.org/way/210269708
321,w147096410,,West Washington Street,180,-755.3,148.4,53.0,274.1,4620,1,0,1,1.0,0,,,,,https://www.openstreetmap.org/way/147096410
320,w147096409,I Am Temple,West Washington Street,176,-741.5,145.0,66.0,286.6,4620,1,0,1,1.0,0,,,,,https://www.openstreetmap.org/way/147096409
311,w147095666,Lawyers Building,North LaSalle Street,100,-696.0,148.5,144.5,327.1,4635,1,1,1,1.0,0,,,,,https://www.openstreetmap.org/way/147095666
3802,w137127809,110 North Wacker,North Wacker Drive,110,-1091.2,122.4,30.0,25.9,4645,1,0,1,0.992,0,,,,,https://www.openstreetmap.org/way/137127809
3702,w1501510113,MetraMarket,,,-1331.6,105.5,14.5,251.7,4645,1,0,1,1.0,0,,,,,https://www.openstreetmap.org/way/1501510113
511,w149215065,River Center,North Canal Street,111,-1245.1,109.6,95.0,180.2,4655,1,1,1,1.0,0,brick,,,,https://www.openstreetmap.org/way/149215065
117,w124865474,AT&T,West Washington Street,311,-970.4,216.4,94.5,44.0,4675,1,1,1,0.9677,0,,,,,https://www.openstreetmap.org/way/124865474
294,w147013784,Washington Block,North Wells Street,40,-803.3,199.4,24.0,226.4,4675,1,0,1,1.0,0,,,,,https://www.openstreetmap.org/way/147013784
310,w147095665,,West Washington Street,173-175,-741.2,216.2,48.0,288.0,4675,1,0,1,1.0,0,,,,,https://www.openstreetmap.org/way/147095665
281,w145625873,33 North LaSalle,North LaSalle Street,33,-628.4,211.7,148.5,386.1,4675,1,1,1,1.0,0,,,,,https://www.openstreetmap.org/way/145625873
123,w124865484,,North Wacker Drive,29,-1009.0,213.1,45.0,17.6,4680,1,0,1,1.0,0,,,,,https://www.openstreetmap.org/way/124865484
3567,w1175801196,,,,-790.4,244.7,22.5,241.6,4705,1,0,1,1.0,0,,,,,https://www.openstreetmap.org/way/1175801196
344,w147397556,Hyatt Place Chicago/Downtown - The Loop,North Franklin Street,29,-936.8,231.3,64.0,89.3,4720,1,0,1,0.9847,0,,,,,https://www.openstreetmap.org/way/147397556
291,w147013360,UBS Tower,North Wacker Drive,1,-975.6,267.5,204.5,19.5,4765,1,1,1,1.0,0,,,,,https://www.openstreetmap.org/way/147013360
3837,w149215037,2 Riverside Plaza,North Riverside Plaza,2,-1202.3,245.2,100.5,152.7,4785,1,1,1,1.0,0,limestone,,,,https://www.openstreetmap.org/way/149215037
817,w210268206,Accenture Tower,West Madison Street,500,-1329.5,279.8,176.5,248.3,4785,1,1,1,1.0,0,glass,,,,https://www.openstreetmap.org/way/210268206
3753,r20511787,Ogilvie Transportation Center,West Madison Street,500,-1333.1,265.2,176.5,248.3,4785,1,1,1,1.0,0,,,,,https://www.openstreetmap.org/relation/20511787
110,w124865458,181 West Madison,West Madison Street,181,-742.5,358.6,198.0,266.0,4830,1,1,1,0.9984,0,,,,,https://www.openstreetmap.org/way/124865458
3569,w1175801219,,,,-712.5,356.0,145.0,321.7,4840,1,1,1,0.75,0,,,,,https://www.openstreetmap.org/way/1175801219
512,w149215071,AT&T,South Canal Street,10,-1309.0,374.5,150.5,245.5,4865,1,1,1,1.0,0,concrete,,,,https://www.openstreetmap.org/way/149215071
173,w131670518,19 South LaSalle Street,South LaSalle Street,19,-618.4,369.4,88.5,389.3,4865,1,1,1,0.9891,0,,,,,https://www.openstreetmap.org/way/131670518
129,w124865495,Northern Trust Bank,West Monroe Street,150-156,-721.5,415.9,72.0,294.5,4880,1,0,1,1.0,0,,,,,https://www.openstreetmap.org/way/124865495
172,w131670516,Millennium on LaSalle,South LaSalle Street,29,-623.9,407.7,55.0,389.7,4880,1,0,1,1.0,0,,,,,https://www.openstreetmap.org/way/131670516
3568,w1175801212,,,,-848.0,429.6,102.5,183.6,4900,1,1,1,0.6042,0,,,,,https://www.openstreetmap.org/way/1175801212
3910,w217881356,Chicago Mercantile Exchange Center,South Wacker Drive,10-30,-1088.9,392.3,165.0,18.9,4930,1,1,1,0.9878,0,,#826e67,,,https://www.openstreetmap.org/way/217881356
3816,w145814406,Heller International Building,West Monroe Street,500,-1330.1,432.8,186.0,241.9,4945,1,1,1,1.0,0,,,,,https://www.openstreetmap.org/way/145814406
329,w147350188,Harris Trust,West Monroe Street,311,-939.8,511.6,210.0,72.0,4960,1,1,1,1.0,0,,,,,https://www.openstreetmap.org/way/147350188
3770,w64398410,Franklin Center North Tower,West Monroe Street,227,-864.3,498.5,302.5,146.0,4960,1,1,1,1.0,0,,,,,https://www.openstreetmap.org/way/64398410
108,w124865451,100 South Wacker,South Wacker Drive,100,-1084.5,500.0,79.0,18.7,5010,1,0,1,1.0,0,,,,,https://www.openstreetmap.org/way/124865451
3808,w144351493,Franklin Center South Tower,South Franklin Street,125,-859.2,573.8,165.0,147.3,5020,1,1,1,1.0,0,,,,,https://www.openstreetmap.org/way/144351493
3817,w145814408,525 West Monroe,West Monroe Street,525,-1309.2,499.7,103.0,240.5,5025,1,1,1,0.9763,0,,,,,https://www.openstreetmap.org/way/145814408
284,w145814410,,South Clinton Street,113-117,-1363.2,527.3,12.5,315.7,5025,1,0,1,1.0,0,,,,,https://www.openstreetmap.org/way/145814410
326,w147350173,Fashion Trades Building,West Adams Street,318,-966.0,568.8,78.5,61.6,5030,1,0,1,0.9296,0,,,,,https://www.openstreetmap.org/way/147350173
3958,r15930575,300 W Adams,West Adams Street,300,-934.3,567.1,78.0,77.3,5030,1,0,1,1.0,0,,,,,https://www.openstreetmap.org/relation/15930575
331,w147350199,150 South Wacker,South Wacker Drive,150,-1079.9,572.6,129.0,27.3,5080,1,1,1,1.0,0,,,,,https://www.openstreetmap.org/way/147350199
3431,w746755330,Adams Street Bridgehouse,West Adams Street,,-1165.7,596.2,14.0,127.1,5085,1,0,1,1.0,0,,,,,https://www.openstreetmap.org/way/746755330
542,w150857020,550 West Adams Street,West Adams Street,550,-1433.9,585.5,81.5,362.5,5090,1,1,1,1.0,0,glass,,,,https://www.openstreetmap.org/way/150857020
523,w149372391,TransUnion,West Adams Street,555,-1411.8,638.3,51.5,361.7,5160,1,0,1,1.0,0,,,,,https://www.openstreetmap.org/way/149372391
497,w148910677,Fifth Third Center,South Riverside Plaza,222,-1216.3,675.9,147.0,140.0,5190,1,1,1,1.0,0,,,,,https://www.openstreetmap.org/way/148910677
3738,r17581411,Chicago Union Station,South Canal Street,225,-1235.1,685.2,147.5,136.0,5205,1,1,1,1.0,0,,,,,https://www.openstreetmap.org/relation/17581411
332,w147350207,250 South Wacker,South Wacker Drive,250,-1069.2,715.8,65.5,13.2,5225,1,0,1,0.9895,0,,,,,https://www.openstreetmap.org/way/147350207
3430,w746755326,Jackson Boulevard Bridgehouse,West Jackson Boulevard,,-1135.4,737.1,11.0,96.9,5225,1,0,1,1.0,0,,,,,https://www.openstreetmap.org/way/746755326
3892,w210671544,Union Station Multiplex,West Jackson Boulevard,444,-1210.6,718.3,141.0,118.5,5225,1,1,1,1.0,0,steel,black,,,https://www.openstreetmap.org/way/210671544
805,w203442440,Chicago Union Station,South Canal Street,210,-1318.3,684.5,49.5,242.9,5230,1,0,1,1.0,0,,,,,https://www.openstreetmap.org/way/203442440
517,w149372356,,West Jackson Boulevard,550,-1423.8,717.3,85.0,358.5,5230,1,1,1,1.0,0,,,,,https://www.openstreetmap.org/way/149372356
3256,w440538718,,,,-1278.8,762.7,9.0,235.4,5245,1,0,1,1.0,0,,,,,https://www.openstreetmap.org/way/440538718
3624,w1265016249,,,,-1330.8,800.0,18.5,268.5,5285,1,0,1,1.0,0,,,,,https://www.openstreetmap.org/way/1265016249
3495,w846471647,BMO Tower,South Canal Street,320,-1294.7,819.1,24.5,236.8,5300,1,0,1,1.0,0,glass,,,,https://www.openstreetmap.org/way/846471647
547,w150864779,Burlington Building,West Jackson Boulevard,547,-1417.6,790.4,77.0,357.3,5300,1,0,1,1.0,0,,,,,https://www.openstreetmap.org/way/150864779
328,w147350178,300 South Wacker,South Wacker Drive,300,-1061.6,790.6,133.0,7.3,5305,1,1,1,1.0,0,,,,authored route clearance,https://www.openstreetmap.org/way/147350178
551,w150864798,Union Tower,West Van Buren Street,550,-1408.8,856.1,77.5,357.7,5305,1,0,1,1.0,0,,,,,https://www.openstreetmap.org/way/150864798
3788,w116016910,Gateway Center IV,West Jackson Boulevard,300,-1155.3,818.8,101.5,104.3,5310,1,1,1,0.9977,0,,,,,https://www.openstreetmap.org/way/116016910
3656,w1281303896,,,,-1191.5,860.6,7.0,158.7,5310,1,0,1,1.0,0,,,,,https://www.openstreetmap.org/way/1281303896
3657,w1281303901,,,,-1188.3,875.9,8.5,158.8,5315,1,0,1,1.0,0,,,,,https://www.openstreetmap.org/way/1281303901
520,w149372380,Congress Center,West Van Buren Street,525,-1307.5,931.2,81.5,263.5,5315,1,1,1,1.0,0,,,,,https://www.openstreetmap.org/way/149372380
519,w149372370,Illinois Department of Human Services,South Clinton Street,401,-1352.7,940.4,33.0,311.5,5315,1,0,1,1.0,0,,,,,https://www.openstreetmap.org/way/149372370
559,w151781629,Gotham Lofts East,South Clinton Street,420,-1411.4,969.4,39.0,371.0,5315,1,0,1,1.0,0,,,,,https://www.openstreetmap.org/way/151781629
3758,w24989834,Old Chicago Post Office,West Harrison Street,404,-1180.2,993.6,74.5,124.3,5330,1,0,1,0.9997,0,limestone,,,,https://www.openstreetmap.org/way/24989834
531,w149730616,Holiday Inn Chicago-Downtown,West Harrison Street,506,-1289.2,1105.1,26.0,336.2,5340,1,0,1,1.0,0,,,,,https://www.openstreetmap.org/way/149730616
1528,w210671742,,,,-1329.9,1085.5,3.0,384.1,5340,1,0,1,1.0,0,,,,,https://www.openstreetmap.org/way/210671742
1523,w210671725,Van Buren Street Bridgehouse,West Van Buren Street,,-1046.2,903.4,9.5,52.4,5355,1,0,1,1.0,0,,,,,https://www.openstreetmap.org/way/210671725
1525,w210671731,Congress Parkway Bridgehouse,Eisenhower Expressway,,-1072.7,1000.7,12.5,150.3,5365,1,0,1,1.0,0,,,,,https://www.openstreetmap.org/way/210671731
529,w149730606,Chicago Central Carrier Annex,West Harrison Street,358,-1079.9,1093.5,31.0,185.5,5370,1,0,1,1.0,0,,,,,https://www.openstreetmap.org/way/149730606
99,w116032542,Chicago Central Processing & Distribution Operations,West Harrison Street,433,-1094.2,1253.1,47.5,304.3,5380,1,0,1,1.0,0,,,,,https://www.openstreetmap.org/way/116032542
3429,w746731758,Harrison Street Bridgehouse,West Harrison Street,,-992.9,1166.4,11.5,294.3,5385,1,0,1,1.0,0,,,,,https://www.openstreetmap.org/way/746731758
3316,w541938939,Congress Parkway Bridgehouse,Eisenhower Expressway,,-966.2,1040.1,12.5,169.2,5405,1,0,1,1.0,0,,,,,https://www.openstreetmap.org/way/541938939
3824,w147350208,311 South Wacker Drive,South Wacker Drive,311,-936.3,813.8,292.5,6.9,5440,1,1,1,1.0,0,,,,authored route clearance,https://www.openstreetmap.org/way/147350208
474,w148788179,Thermal Chicago District Cooling Plant #2,South Franklin Street,400,-952.4,956.4,22.5,67.5,5460,1,0,1,1.0,0,,,,,https://www.openstreetmap.org/way/148788179
62,w74267847,235 West Van Buren Street,West Van Buren Street,235,-854.7,908.4,150.5,28.5,5500,1,1,1,1.0,0,,,,,https://www.openstreetmap.org/way/74267847
3379,w636911799,Alta Grand Central,West Harrison Street,201,-808.6,1177.9,4.5,298.1,5500,1,0,1,1.0,0,,,,,https://www.openstreetmap.org/way/636911799
473,w148788176,Vetro,South Wells Street,611,-740.1,1194.8,99.5,310.0,5510,1,1,1,1.0,0,,,,,https://www.openstreetmap.org/way/148788176
475,w148788180,Regal Apartments,South Wells Street,651,-739.1,1248.4,35.0,379.7,5510,1,0,1,1.0,0,,,,,https://www.openstreetmap.org/way/148788180
482,w148803811,Hunter Building,South Wells Street,527,-741.2,1069.2,44.0,220.2,5515,1,0,1,1.0,0,,,,,https://www.openstreetmap.org/way/148803811
476,w148788183,Patten Building,West Harrison Street,161,-703.5,1182.7,50.5,323.3,5515,1,0,1,1.0,0,,,,,https://www.openstreetmap.org/way/148788183
69,w74269388,,South Wells Street,404,-798.3,908.4,43.0,54.9,5520,1,0,1,1.0,0,,,,,https://www.openstreetmap.org/way/74269388
70,w74269405,Vogue Building,South Wells Street,412,-795.6,925.4,141.0,64.8,5520,1,1,1,1.0,0,,,,,https://www.openstreetmap.org/way/74269405
73,w74269594,,South Wells Street,425,-742.5,977.9,15.5,136.6,5520,1,0,1,1.0,0,,,,,https://www.openstreetmap.org/way/74269594
74,w74269722,,South Wells Street,501,-744.8,998.8,25.5,162.4,5520,1,0,1,1.0,0,,,,,https://www.openstreetmap.org/way/74269722
3633,w1268475721,,,,-738.0,1003.3,24.5,172.7,5520,1,0,1,1.0,0,,,,,https://www.openstreetmap.org/way/1268475721
3696,w1499188788,,,,-613.4,1131.7,10.5,348.4,5520,1,0,1,1.0,0,,,,,https://www.openstreetmap.org/way/1499188788
3697,w1499188789,,,,-612.5,1162.5,10.5,371.2,5520,1,0,1,1.0,0,,,,,https://www.openstreetmap.org/way/1499188789
480,w148803807,,South LaSalle Street,601,-580.4,1172.5,41.0,388.9,5520,1,0,1,1.0,0,,,,,https://www.openstreetmap.org/way/148803807
68,w74269386,,South Wells Street,400,-793.8,897.9,11.5,50.0,5525,1,0,1,1.0,0,,,,,https://www.openstreetmap.org/way/74269386
71,w74269533,Chicago Fire Department Engine Company 1,South Wells Street,419,-742.1,956.7,10.5,123.1,5525,1,0,1,1.0,0,,,,,https://www.openstreetmap.org/way/74269533
3505,w943070061,Chicago Stock Exchange,South LaSalle Street,440,-644.2,1029.8,155.0,223.9,5525,1,1,1,1.0,0,block,brown,,,https://www.openstreetmap.org/way/943070061
3752,r20445315,LaSalle Street Station,South LaSalle Street,500,-681.9,1046.0,11.0,247.9,5525,1,0,1,1.0,0,,,,,https://www.openstreetmap.org/relation/20445315
3751,r20445315,LaSalle Street Station,South LaSalle Street,500,-648.9,1039.2,27.0,252.8,5525,1,0,1,1.0,0,,,,,https://www.openstreetmap.org/relation/20445315
3695,w1499188787,,,,-614.4,1076.2,13.0,310.3,5525,1,0,1,1.0,0,,,,,https://www.openstreetmap.org/way/1499188787
3694,w1499188785,,,,-613.9,1102.3,10.5,328.8,5525,1,0,1,1.0,0,,,,,https://www.openstreetmap.org/way/1499188785
3494,w844152169,,South Wells Street,411,-744.4,931.2,47.5,110.8,5530,1,0,1,1.0,0,,,,,https://www.openstreetmap.org/way/844152169
494,w148882920,425 South Financial Place,South LaSalle Street,440,-660.8,988.4,167.0,199.4,5530,1,1,1,1.0,0,,brown,,,https://www.openstreetmap.org/way/148882920
477,w148803802,Chicago Federal Building,South Clark Street,536,-571.1,1077.4,52.0,311.8,5530,1,0,1,1.0,0,,,,,https://www.openstreetmap.org/way/148803802
67,w74268911,Van Buren Building,West Van Buren Street,212,-822.0,863.3,49.0,10.0,5535,1,0,1,1.0,0,,,,,https://www.openstreetmap.org/way/74268911
66,w74268908,330 South Wells Apartments,South Wells Street,330,-800.5,863.0,63.5,28.1,5535,1,0,1,1.0,0,,,,,https://www.openstreetmap.org/way/74268908
72,w74269580,,West Van Buren Street,171-183,-747.2,910.6,8.5,93.4,5535,1,0,1,1.0,0,,,,,https://www.openstreetmap.org/way/74269580
433,w148164126,430 S Clark Street,South Clark Street,430,-551.7,967.1,19.0,294.7,5535,1,0,1,1.0,0,,,,,https://www.openstreetmap.org/way/148164126
152,w124873942,AT&T,West Ida B. Wells Drive,85,-492.1,1068.3,56.5,381.9,5535,1,0,1,1.0,0,,,,,https://www.openstreetmap.org/way/124873942
184,w143671310,,South Financial Place,401,-705.8,911.7,14.0,134.0,5540,1,0,1,1.0,0,,brown,,,https://www.openstreetmap.org/way/143671310
493,w148882914,,South LaSalle Street,400,-650.4,927.3,155.0,165.8,5540,1,1,1,1.0,0,,brown,,,https://www.openstreetmap.org/way/148882914
327,w147350175,Telegraph Building,South LaSalle Street,427,-586.4,962.3,66.0,248.5,5540,1,0,1,1.0,0,,,,,https://www.openstreetmap.org/way/147350175
427,w148164106,,South Clark Street,410,-552.1,925.5,15.5,281.8,5540,1,0,1,1.0,0,,,,,https://www.openstreetmap.org/way/148164106
430,w148164113,,South Clark Street,416,-555.5,932.4,22.0,283.1,5540,1,0,1,1.0,0,,,,,https://www.openstreetmap.org/way/148164113
429,w148164112,,South Clark Street,420-424,-550.5,942.6,21.0,289.1,5540,1,0,1,1.0,0,,,,,https://www.openstreetmap.org/way/148164112
437,w148164134,,South Clark Street,426,-554.6,952.9,19.5,289.7,5540,1,0,1,1.0,0,,,,,https://www.openstreetmap.org/way/148164134
75,w74413635,Federal Parking Facility,South Federal Street,450,-479.6,953.2,28.5,346.0,5540,1,0,1,1.0,0,,,,,https://www.openstreetmap.org/way/74413635
3584,w1176813213,,,,-613.6,876.1,13.0,209.6,5545,1,0,1,1.0,0,,,,,https://www.openstreetmap.org/way/1176813213
3583,w1176813212,,,,-613.8,888.5,13.0,211.8,5545,1,0,1,1.0,0,,,,,https://www.openstreetmap.org/way/1176813212
3747,r20048625,LaSalle/Van Buren CTA Station,,,-613.7,874.4,13.0,219.3,5545,1,0,1,1.0,0,,,,,https://www.openstreetmap.org/relation/20048625
3748,r20048625,LaSalle/Van Buren CTA Station,,,-613.8,889.9,13.0,222.7,5545,1,0,1,1.0,0,,,,,https://www.openstreetmap.org/relation/20048625
146,w124873935,Traders Building,South LaSalle Street,401,-590.4,904.8,69.0,240.3,5545,1,0,1,1.0,0,,,,,https://www.openstreetmap.org/way/124873935
436,w148164132,Bock Building,West Van Buren Street,107,-553.2,906.6,13.0,272.9,5545,1,0,1,1.0,0,,,,,https://www.openstreetmap.org/way/148164132
47,w73729265,Metropolitan Correctional Center,West Van Buren Street,71,-500.6,918.1,88.5,328.9,5545,1,1,1,1.0,0,,,,,https://www.openstreetmap.org/way/73729265
3586,w1176837074,,,,-439.1,885.0,14.5,393.7,5545,1,0,1,1.0,0,,,,,https://www.openstreetmap.org/way/1176837074
63,w74268219,Franklin-Van Buren Parking Garage,South Franklin Street,321-337,-860.2,854.3,49.0,0.1,5550,1,0,1,1.0,0,,,,authored route clearance,https://www.openstreetmap.org/way/74268219
3585,w1176837073,,,,-438.4,874.0,62.5,392.7,5550,1,0,1,1.0,0,,,,,https://www.openstreetmap.org/way/1176837073
3629,w1267997226,,West Van Buren Street,78,-494.7,853.8,107.0,327.3,5555,1,1,1,1.0,0,,,,,https://www.openstreetmap.org/way/1267997226
64,w74268298,,South Franklin Street,321,-870.0,802.7,23.0,13.2,5575,1,0,1,1.0,0,,,,,https://www.openstreetmap.org/way/74268298
3760,w28951633,Chicago Board of Trade Building,West Jackson Boulevard,141,-629.9,834.4,185.0,152.9,5575,1,1,1,1.0,0,,,,,https://www.openstreetmap.org/way/28951633
56,w73748001,318 South Federal,South Federal Street,318,-465.2,842.5,42.0,356.6,5585,1,0,1,1.0,0,,,,,https://www.openstreetmap.org/way/73748001
50,w73743983,,South Federal Street,314,-464.0,798.8,96.0,356.4,5590,1,1,1,1.0,0,,,,,https://www.openstreetmap.org/way/73743983
65,w74268686,Traders Self Park,South Wells Street,326,-799.2,819.0,56.0,5.1,5595,1,0,1,1.0,0,,,,authored route clearance,https://www.openstreetmap.org/way/74268686
24,w64888073,Insurance Exchange Building,West Jackson Boulevard,175,-729.3,832.9,93.5,76.5,5595,1,1,1,1.0,0,,,,,https://www.openstreetmap.org/way/64888073
46,w73723924,TransUnion Building,West Jackson Boulevard,111,-575.5,770.8,105.0,231.1,5595,1,1,1,1.0,0,,,,,https://www.openstreetmap.org/way/73723924
3615,w1189225969,,,,-568.0,794.0,93.5,231.7,5595,1,1,1,1.0,0,,,,,https://www.openstreetmap.org/way/1189225969
42,w73696288,Ralph H. Metcalfe Federal Building,West Jackson Boulevard,77,-502.0,798.9,111.0,321.7,5595,1,1,1,1.0,0,,,,,https://www.openstreetmap.org/way/73696288
45,w73717433,Union League Club,West Jackson Boulevard,65,-465.8,771.3,96.0,356.2,5595,1,1,1,0.9511,0,,,,,https://www.openstreetmap.org/way/73717433
37,w73671128,Monadnock Building,West Jackson Boulevard,53,-426.9,808.3,72.0,399.5,5595,1,0,1,1.0,0,,,https://www.architecture.org/online-resources/buildings-of-chicago/monadnock-building: brick construction; https://sah-archipedia.org/buildings/IL-01-031-0059: brick piers and southern extension matching brick colour. No new colour sample or ornament inferred.,,https://www.openstreetmap.org/way/73671128
20,w64391487,Kluczynski Federal Building,South Dearborn Street,230,-462.5,707.2,174.5,352.7,5600,1,1,1,1.0,0,,,,,https://www.openstreetmap.org/way/64391487
61,w73766157,Brooks Building,West Jackson Boulevard,223,-857.6,766.7,57.0,0.0,5605,1,0,1,1.0,0,,,,authored route clearance,https://www.openstreetmap.org/way/73766157
60,w73763986,McKinlock Building,West Jackson Boulevard,209,-806.8,770.3,56.5,6.4,5605,1,0,1,1.0,0,,,,authored route clearance,https://www.openstreetmap.org/way/73763986
26,w64888155,Wintrust Financial Corparation,South Clark Street,230,-599.4,706.6,98.5,207.4,5605,1,1,1,0.9985,0,,,,,https://www.openstreetmap.org/way/64888155
49,w73743541,Chicago Loop Post Office,South Clark Street,211,-492.5,644.7,11.0,341.1,5605,1,0,1,1.0,0,,,,,https://www.openstreetmap.org/way/73743541
25,w64888136,Federal Reserve Bank of Chicago,South LaSalle Street,230,-724.4,708.4,90.0,89.4,5610,1,1,1,1.0,0,,,,,https://www.openstreetmap.org/way/64888136
43,w73706154,The Rookery,South LaSalle Street,209,-620.7,641.0,56.5,228.7,5610,1,0,1,1.0,0,,,,,https://www.openstreetmap.org/way/73706154
44,w73711002,Bankers Building,West Adams Street,105,-561.9,641.1,173.5,282.9,5610,1,1,1,1.0,0,,,,,https://www.openstreetmap.org/way/73711002
3612,w1181800629,,,,-682.8,678.2,44.0,174.7,5615,1,0,1,1.0,0,,,,separate landmark proximity,https://www.openstreetmap.org/way/1181800629
106,w124865447,The National Building,West Adams Street,72,-495.9,563.8,114.5,371.8,5615,1,1,1,1.0,0,,,,,https://www.openstreetmap.org/way/124865447
3581,w1176795970,,,,-770.3,653.7,12.0,102.9,5620,1,0,1,1.0,0,,,,,https://www.openstreetmap.org/way/1176795970
3611,w1181800625,,,,-757.0,677.2,13.0,118.7,5620,1,0,1,1.0,0,,,,,https://www.openstreetmap.org/way/1181800625
3773,w64888258,Field Building,South LaSalle Street,135,-603.6,562.1,169.0,270.5,5620,1,1,1,0.9958,0,,,,,https://www.openstreetmap.org/way/64888258
292,w147013361,Harris Bank Center Building,West Monroe Street,119,-584.1,495.4,153.0,344.5,5620,1,1,1,1.0,0,marble,,,,https://www.openstreetmap.org/way/147013361
290,w147013358,Harris Bank East Building,West Monroe Street,111,-561.8,492.9,99.5,373.3,5620,1,1,1,0.993,0,metal,,,,https://www.openstreetmap.org/way/147013358
58,w73751952,200 West Jackson,West Jackson Boulevard,200,-804.0,708.2,109.5,42.5,5625,1,1,1,1.0,0,,,,,https://www.openstreetmap.org/way/73751952
3582,w1176795971,,,,-782.1,659.7,13.5,95.0,5625,1,0,1,1.0,0,,,,,https://www.openstreetmap.org/way/1176795971
3749,r20048626,Quincy Station,,,-784.7,675.8,14.0,103.9,5625,1,0,1,1.0,0,,,,,https://www.openstreetmap.org/relation/20048626
3750,r20048626,Quincy Station,,,-767.6,672.9,14.0,115.7,5625,1,0,1,1.0,0,,,,,https://www.openstreetmap.org/relation/20048626
27,w64888193,South La Salle Street Building,South LaSalle Street,208,-724.2,638.9,93.5,133.7,5625,1,1,1,1.0,0,,,,,https://www.openstreetmap.org/way/64888193
3769,w64393495,190 South Lasalle,South LaSalle Street,190,-698.6,561.9,177.0,226.0,5625,1,1,1,0.9895,0,,,,,https://www.openstreetmap.org/way/64393495
116,w124865472,Jessie White State of Illinois Building,South LaSalle Street,115,-626.9,502.3,158.5,318.8,5625,1,1,1,1.0,0,metal,,,,https://www.openstreetmap.org/way/124865472
76,w74451056,,West Adams Street,180,-753.8,584.6,35.0,191.6,5630,1,0,1,1.0,0,,,,,https://www.openstreetmap.org/way/74451056
3777,w74451097,145 South Wells,South Wells Street,145,-747.4,559.9,4.5,202.8,5630,1,0,1,1.0,0,,,,,https://www.openstreetmap.org/way/74451097
3776,w74451017,"THE MIDLAND HOTEL, Chicago, a Tribute Portfolio Hotel",West Adams Street,172,-727.3,557.0,82.5,206.0,5630,1,1,1,0.9817,0,brick,,,,https://www.openstreetmap.org/way/74451017
3791,w124865468,CIBC Building,South LaSalle Street,120,-703.0,493.8,96.5,267.5,5630,1,1,1,1.0,0,,,,,https://www.openstreetmap.org/way/124865468
384,w147486327,The Kimpton Gray Hotel,South LaSalle Street,39,-610.6,429.1,61.0,376.6,5630,1,0,1,1.0,0,,,,,https://www.openstreetmap.org/way/147486327
57,w73751946,,West Jackson Boulevard,216,-839.4,708.8,65.0,25.9,5635,1,0,1,0.993,0,,,,,https://www.openstreetmap.org/way/73751946
122,w124865483,Monroe & Wells Parking,West Monroe Street,183,-746.0,507.4,11.5,249.4,5635,1,0,1,1.0,0,,,,,https://www.openstreetmap.org/way/124865483
246,w144351492,,West Adams Street,200,-813.4,559.2,126.0,168.8,5640,1,1,1,1.0,0,,,,,https://www.openstreetmap.org/way/144351492
3775,w73751803,Hilton Garden Inn Chicago Central Loop,West Jackson Boulevard,226,-861.0,706.4,69.0,22.7,5660,1,0,1,1.0,0,,,,,https://www.openstreetmap.org/way/73751803
59,w73754505,Tower Self Park,West Adams Street,211-217,-847.7,646.1,22.0,85.4,5665,1,0,1,1.0,0,,,,,https://www.openstreetmap.org/way/73754505
3928,w380868216,Willis Tower,South Wacker Drive,233,-953.7,678.5,526.5,14.8,5790,1,1,1,1.0,0,,,,separate landmark proximity,https://www.openstreetmap.org/way/380868216
23,w64888042,200 South Wacker,South Wacker Drive,200,-1070.4,647.2,155.5,14.9,5905,1,1,1,1.0,0,,,,,https://www.openstreetmap.org/way/64888042
3366,w566817173,Union Station Adams Street Entrance,,,-1187.6,638.6,7.5,146.0,5905,1,0,1,1.0,0,,,,,https://www.openstreetmap.org/way/566817173
3818,w145814409,Metropolitan Place,South Canal Street,130,-1318.5,578.2,49.5,239.5,5945,1,0,1,1.0,0,,,,,https://www.openstreetmap.org/way/145814409
541,w150857019,,South Clinton Street,118,-1413.6,543.1,32.0,363.4,5985,1,0,1,1.0,0,,,,,https://www.openstreetmap.org/way/150857019
3850,w150857022,Park Alexandria,South Jefferson Street,125,-1478.2,535.7,108.0,396.5,5985,1,1,1,1.0,0,,,,,https://www.openstreetmap.org/way/150857022
3832,w148680444,120 Riverside Plaza,South Riverside Plaza,120,-1212.1,532.3,89.5,155.2,6000,1,1,1,1.0,0,steel,#3c4c63,,,https://www.openstreetmap.org/way/148680444
330,w147350191,Northern Trust Bank,South Wacker Drive,125,-990.2,564.5,141.5,24.0,6010,1,1,1,0.9958,0,,,,,https://www.openstreetmap.org/way/147350191
3849,w150857018,Quaker Plaza,West Monroe Street,555,-1447.4,501.7,80.5,363.3,6025,1,1,1,1.0,0,,,,,https://www.openstreetmap.org/way/150857018
22,w64887962,111 South Wacker,South Wacker Drive,111,-993.7,504.3,212.5,23.3,6065,1,1,1,1.0,0,,,https://www.gpchicago.com/architecture/111-south-wacker/: unitized high-performance glass curtain wall with stainless-steel V-shaped mullions; non-reflective glass lobby. Mullions/lobby geometry remain open.,,https://www.openstreetmap.org/way/64887962
148,w124873938,Williams Building,West Monroe Street,205,-805.3,489.6,48.0,216.5,6075,1,0,1,0.9549,0,,,,,https://www.openstreetmap.org/way/124873938
3964,r20449794,Presidential Towers,West Madison Street,555-625,-1454.0,381.5,142.0,367.7,6085,1,1,1,0.996,0,,,,,https://www.openstreetmap.org/relation/20449794
3774,w64889180,10 South Riverside Plaza,South Riverside Plaza,10,-1217.8,399.6,88.5,157.3,6100,1,1,1,1.0,0,steel,#3c4c63,,,https://www.openstreetmap.org/way/64889180
3833,w148685510,71 South Wacker,South Wacker Drive,71,-969.4,433.8,210.5,21.8,6150,1,1,1,1.0,0,,,https://en.wikipedia.org/wiki/71_South_Wacker: convex steel-and-glass north/south facades. Current measured roof/footprint retained; mullion geometry remains open.,,https://www.openstreetmap.org/way/148685510
286,w145890500,230 West Monroe,West Monroe Street,230,-867.5,424.0,112.0,144.7,6150,1,1,1,1.0,0,,,,,https://www.openstreetmap.org/way/145890500
97,w108240981,200 West Monroe,West Monroe Street,200,-815.1,425.5,94.5,190.8,6150,1,1,1,1.0,0,,,,,https://www.openstreetmap.org/way/108240981
3225,w381270891,AT&T,,,-1351.1,361.4,149.5,293.8,6150,1,1,1,1.0,0,,,,,https://www.openstreetmap.org/way/381270891
125,w124865489,Northern Trust Bank,South LaSalle Street,50,-681.4,419.7,66.5,342.6,6155,1,0,1,1.0,0,,,,,https://www.openstreetmap.org/way/124865489
3819,w147013359,One South Wacker,South Wacker Drive,1,-972.8,358.4,162.0,26.9,6185,1,1,1,0.9886,0,,,,,https://www.openstreetmap.org/way/147013359
3365,w566817172,Union Station Madison Street Entrance,,,-1231.0,345.8,10.5,176.0,6195,1,0,1,1.0,0,,,,,https://www.openstreetmap.org/way/566817172
105,w124865439,10 South LaSalle,South LaSalle Street,10,-699.3,353.9,152.5,324.5,6205,1,1,1,1.0,0,,,,,https://www.openstreetmap.org/way/124865439
285,w145890499,303 West Madison,West Madison Street,303,-926.7,353.4,113.5,96.2,6215,1,1,1,0.994,0,,,,,https://www.openstreetmap.org/way/145890499
312,w147095673,La Quinta Inn & Suites by Wyndham Chicago Downtown,South Franklin Street,1,-876.1,362.9,39.5,143.1,6215,1,0,1,1.0,0,,,,,https://www.openstreetmap.org/way/147095673
128,w124865493,The Poetry Garage,West Madison Street,201-223,-817.8,361.3,39.5,172.4,6215,1,0,1,1.0,0,,,,,https://www.openstreetmap.org/way/124865493
318,w147096407,Residence Inn Chicago Downtown/Loop,South LaSalle Street,11,-624.4,347.4,139.0,388.5,6220,1,1,1,1.0,0,,,,,https://www.openstreetmap.org/way/147096407
3790,w124865443,Civic Opera House,North Wacker Dr,20,-1079.7,238.6,191.5,17.0,6240,1,1,1,0.9906,0,,,,,https://www.openstreetmap.org/way/124865443
3838,w149215041,540 West Madison,West Madison Street,540,-1432.2,222.9,138.5,370.7,6240,1,1,1,1.0,0,,,,,https://www.openstreetmap.org/way/149215041
3655,w1280391309,Ogilvie / Union (West Loop) - Chicago Water Taxi Terminal,,,-1181.0,288.1,7.5,142.9,6260,1,0,1,1.0,0,,,,,https://www.openstreetmap.org/way/1280391309
33,w64889208,PNC Centre,North Franklin Street,1,-879.6,277.6,151.5,142.0,6295,1,1,1,1.0,0,,,,,https://www.openstreetmap.org/way/64889208
137,w124873925,Madison Plaza,West Madison Street,200,-827.6,272.5,183.0,185.1,6295,1,1,1,1.0,0,,,,,https://www.openstreetmap.org/way/124873925
31,w64888442,Two North LaSalle,North LaSalle Street,2,-701.4,280.0,104.0,314.4,6295,1,1,1,1.0,0,,,,,https://www.openstreetmap.org/way/64888442
30,w64888440,One North LaSalle,North LaSalle Street,1,-635.2,278.5,166.5,387.9,6295,1,1,1,0.9952,0,,,,,https://www.openstreetmap.org/way/64888440
307,w147095652,Washington-Madison-Wells Self Park,West Madison Street,172,-751.7,274.6,48.0,263.9,6320,1,0,1,1.0,0,,,,,https://www.openstreetmap.org/way/147095652
288,w147013356,,West Washington Street,309,-934.6,201.0,84.5,86.1,6340,1,1,1,1.0,0,,,,,https://www.openstreetmap.org/way/147013356
32,w64889199,Marmon Building,West Washington Street,225,-878.2,216.6,120.5,140.9,6340,1,1,1,1.0,0,,,,,https://www.openstreetmap.org/way/64889199
3566,w1175801195,,,,-778.0,244.7,14.5,252.1,6345,1,0,1,1.0,0,,,,,https://www.openstreetmap.org/way/1175801195
94,w108240966,30 North LaSalle,North LaSalle Street,30,-705.5,217.6,174.5,305.3,6350,1,1,1,1.0,0,,,,,https://www.openstreetmap.org/way/108240966
3823,w147095646,215 West Apartments,West Washington Street,215,-829.6,217.5,155.5,177.5,6355,1,1,1,0.9983,0,,,,,https://www.openstreetmap.org/way/147095646
3562,w1175442342,,West Washington Street,117,-758.2,204.8,51.5,263.3,6355,1,0,1,1.0,0,,,,,https://www.openstreetmap.org/way/1175442342
309,w147095658,212 West Washington Condominium Association,West Washington Street,212,-849.6,139.4,91.5,163.4,6380,1,1,1,1.0,0,,,,,https://www.openstreetmap.org/way/147095658
1022,w210270722,Zurich,West Washington Boulevard,550,-1424.8,147.7,78.5,373.2,6385,1,0,1,1.0,0,,,,,https://www.openstreetmap.org/way/210270722
308,w147095656,,West Washington Street,170,-730.2,149.7,66.0,299.3,6410,1,0,1,1.0,0,,,,,https://www.openstreetmap.org/way/147095656
306,w147095644,,West Washington Street,166,-719.2,145.6,33.5,311.5,6410,1,0,1,1.0,0,,,,,https://www.openstreetmap.org/way/147095644
315,w147096404,,North Wells Street,101-103,-766.2,144.6,6.0,262.4,6415,1,0,1,1.0,0,,,,,https://www.openstreetmap.org/way/147096404
176,w136662653,,North Wacker Drive,101,-1001.0,136.9,102.5,16.3,6435,1,1,1,1.0,0,,,,,https://www.openstreetmap.org/way/136662653
314,w147095680,Washington Franklin Self Park,West Washington Street,230,-868.5,135.6,49.0,140.1,6435,1,0,1,1.0,0,,,,,https://www.openstreetmap.org/way/147095680
1492,w210671540,Cadillac Palace Theatre,West Randolph Street,151,-730.8,76.5,74.5,281.3,6455,1,0,1,0.9968,0,,,,,https://www.openstreetmap.org/way/210671540
1011,w210270701,Knight Building,West Randolph Street,541-549,-1430.8,76.1,38.5,375.0,6455,1,0,1,1.0,0,,,,,https://www.openstreetmap.org/way/210270701
3575,w1176285202,,,,-950.1,64.4,3.0,82.9,6480,1,0,1,1.0,0,,,,,https://www.openstreetmap.org/way/1176285202
3789,w124434705,Boeing World Headquarters,North Riverside Plaza,100,-1179.9,86.9,175.5,131.9,6480,1,1,1,0.9991,0,,,,,https://www.openstreetmap.org/way/124434705
335,w147397538,225 West Randolph,West Randolph Street,225,-861.5,76.3,138.5,142.9,6490,1,1,1,1.0,0,,,,,https://www.openstreetmap.org/way/147397538
177,w136662655,,North Wacker Drive,123,-997.1,75.5,142.0,15.4,6495,1,1,1,1.0,0,,,,,https://www.openstreetmap.org/way/136662655
510,w149215054,Randolph Place Lofts,North Canal Street,165,-1248.5,-42.5,80.5,183.9,6520,1,1,1,1.0,0,brick,,,,https://www.openstreetmap.org/way/149215054
3700,w1501510085,Metra Market Parking,,,-1330.0,-27.7,17.0,253.9,6520,1,0,1,1.0,0,,,,,https://www.openstreetmap.org/way/1501510085
374,w147476141,,North Wacker Drive,160,-1071.5,-23.4,31.0,24.3,6575,1,0,1,1.0,0,,,,,https://www.openstreetmap.org/way/147476141
467,w148680442,,North Franklin Street,162,-936.4,-20.6,40.5,87.1,6575,1,0,1,1.0,0,,,,,https://www.openstreetmap.org/way/148680442
3935,w676025639,151 North Franklin,North Franklin Street,151,-875.0,-1.2,158.0,138.5,6575,1,1,1,1.0,0,,,,,https://www.openstreetmap.org/way/676025639
824,w210268957,,North Clinton Street,168,-1435.0,-52.9,31.0,377.6,6590,1,0,1,1.0,0,,,,,https://www.openstreetmap.org/way/210268957
3523,w1020405399,,,,-1317.1,-55.3,6.5,279.0,6595,1,0,1,1.0,0,,,,,https://www.openstreetmap.org/way/1020405399
3522,w1020405398,,,,-1319.6,-68.6,9.5,280.1,6610,1,0,1,1.0,0,,,,,https://www.openstreetmap.org/way/1020405398
3521,w1020405396,,,,-1324.7,-81.1,8.0,287.3,6620,1,0,1,1.0,0,,,,,https://www.openstreetmap.org/way/1020405396
3729,r13663061,Clinton Street (Green & Pink Line) CTA Station,West Lake Street,540,-1400.8,-102.3,16.0,354.0,6625,1,0,1,1.0,0,,,,,https://www.openstreetmap.org/relation/13663061
1524,w210671727,,,,-1322.8,-117.8,13.0,282.3,6630,1,0,1,1.0,0,,,,,https://www.openstreetmap.org/way/210671727
16,w56630818,Lake Street Tower,North Milwaukee Avenue,208,-1336.6,-129.0,14.0,298.0,6630,1,0,1,1.0,0,,,,,https://www.openstreetmap.org/way/56630818
3203,w330309437,River Point,West Lake Street,444,-1247.3,-152.7,218.0,194.5,6635,1,1,1,1.0,0,glass,,,,https://www.openstreetmap.org/way/330309437
555,w151571994,,North Canal Street,210,-1298.3,-142.4,12.0,261.7,6635,1,0,1,1.0,0,brick,,,,https://www.openstreetmap.org/way/151571994
554,w151571988,,North Canal Street,222,-1317.8,-175.3,17.5,268.3,6640,1,0,1,1.0,0,brick,,,,https://www.openstreetmap.org/way/151571988
3516,w1011917000,,,,-1256.5,-196.6,25.0,229.0,6650,1,0,1,1.0,0,glass,,,,https://www.openstreetmap.org/way/1011917000
3589,w1177354741,,West Wacker Drive,,-1052.5,-121.5,8.5,24.0,6655,1,0,1,1.0,0,,,,,https://www.openstreetmap.org/way/1177354741
3840,w149372289,Left Bank at K Station,North Canal Street,300,-1322.8,-301.3,112.0,312.2,6660,1,1,1,1.0,0,concrete,,,,https://www.openstreetmap.org/way/149372289
468,w148680447,Franklin-Lake Self Park,North Franklin Street,174,-945.9,-66.2,142.0,53.0,6675,1,1,1,0.9959,0,,,,,https://www.openstreetmap.org/way/148680447
3951,w1259062071,Cassidy on Canal,North Canal Street,350,-1318.2,-378.9,26.0,372.3,6675,1,0,1,1.0,0,brick,,,,https://www.openstreetmap.org/way/1259062071
522,w149372388,Fulton House,North Canal Street,345,-1265.5,-387.0,57.5,327.6,6690,1,0,1,1.0,0,brick,,,,https://www.openstreetmap.org/way/149372388
3207,w330745077,Wolf Point West,West Wolf Point Plaza,343,-1149.9,-317.0,149.0,194.1,6715,1,1,1,1.0,0,glass,,,,https://www.openstreetmap.org/way/330745077
3493,w839664090,Salesforce Tower,West Wolf Point Plaza,333,-1099.5,-282.5,7.0,138.7,6725,1,0,1,1.0,0,glass,,,,https://www.openstreetmap.org/way/839664090
3650,w1275417221,,,,-1056.5,-320.3,10.5,163.8,6755,1,0,1,1.0,0,,,,,https://www.openstreetmap.org/way/1275417221
347,w147398354,,West Lake Street,235,-891.4,-82.9,26.5,111.0,6765,1,0,1,1.0,0,,,,,https://www.openstreetmap.org/way/147398354
3304,w509957160,Wolf Point East,West Wolf Point Plaza,313,-1008.3,-333.4,10.5,143.9,6785,1,0,1,1.0,0,glass,,,,https://www.openstreetmap.org/way/509957160
355,w147398362,,West Lake Street,223,-868.1,-58.3,25.0,119.7,6790,1,0,1,1.0,0,,,,,https://www.openstreetmap.org/way/147398362
615,w153561244,The Lock Up,West Kinzie Street,350,-1099.6,-508.8,28.0,329.6,6795,1,0,1,1.0,0,,,,,https://www.openstreetmap.org/way/153561244
345,w147398352,Linea,West Lake Street,215,-841.5,-63.6,109.0,125.6,6800,1,1,1,1.0,0,concrete,,,,https://www.openstreetmap.org/way/147398352
614,w153561217,Cannonball,North Orleans Street,400,-1063.8,-509.1,26.5,319.4,6815,1,0,1,1.0,0,,,,,https://www.openstreetmap.org/way/153561217
350,w147398357,,North Wells Street,176-180,-816.3,-49.5,14.0,173.0,6820,1,0,1,1.0,0,,,,,https://www.openstreetmap.org/way/147398357
3407,w686309072,,West Hubbard Street,351,-1088.0,-546.1,36.5,353.6,6830,1,0,1,1.0,0,,,,,https://www.openstreetmap.org/way/686309072
353,w147398360,Monk's Pub,West Lake Street,205,-821.8,-70.3,22.5,141.7,6860,1,0,1,1.0,0,,,,,https://www.openstreetmap.org/way/147398360
622,w153734162,,West Kinzie Street,310,-972.2,-511.3,47.5,276.4,6865,1,0,1,1.0,0,,,,,https://www.openstreetmap.org/way/153734162
336,w147397539,,West Wacker Drive,211,-844.2,-190.5,88.5,17.5,6870,1,1,1,1.0,0,,,,,https://www.openstreetmap.org/way/147397539
611,w153339077,,West Hubbard Street,300,-945.3,-601.4,98.5,364.4,6870,1,1,1,1.0,0,,,,,https://www.openstreetmap.org/way/153339077
134,w124873921,Engineering Building,West Wacker Drive,205,-820.1,-190.6,91.5,20.0,6890,1,1,1,1.0,0,,,,,https://www.openstreetmap.org/way/124873921
3577,w1176300337,,,,-821.4,-110.0,10.5,121.7,6895,1,0,1,1.0,0,,,,,https://www.openstreetmap.org/way/1176300337
798,w182033168,,West Kinzie Street,212,-857.0,-515.1,98.0,264.6,6895,1,1,1,1.0,0,,,,,https://www.openstreetmap.org/way/182033168
3293,w486587825,Hubbard221,West Hubbard Street,215,-867.0,-549.5,100.0,301.7,6895,1,1,1,1.0,0,,,,,https://www.openstreetmap.org/way/486587825
1501,w210671692,,West Hubbard Street,212-222,-864.6,-605.2,31.5,354.6,6895,1,0,1,1.0,0,,,,,https://www.openstreetmap.org/way/210671692
1502,w210671693,,West Illinois Street,215,-856.2,-639.0,28.0,390.5,6895,1,0,1,1.0,0,,,,,https://www.openstreetmap.org/way/210671693
796,w182033166,,West Kinzie Street,208,-836.6,-510.3,20.5,264.4,6900,1,0,1,1.0,0,,,,,https://www.openstreetmap.org/way/182033166
797,w182033167,,North Wells Street,400,-825.8,-518.3,96.5,264.4,6900,1,1,1,1.0,0,,,,,https://www.openstreetmap.org/way/182033167
3294,w486587826,,North Wells Street,412,-828.9,-549.0,100.5,302.0,6900,1,1,1,1.0,0,,,,,https://www.openstreetmap.org/way/486587826
1515,w210671707,,North Wells Street,440,-827.4,-606.5,42.5,354.7,6900,1,0,1,1.0,0,,,,,https://www.openstreetmap.org/way/210671707
1517,w210671709,,North Wells Street,444-448,-832.5,-637.7,33.5,390.7,6900,1,0,1,1.0,0,,,,,https://www.openstreetmap.org/way/210671709
352,w147398359,,West Lake Street,203,-808.6,-71.8,15.5,141.7,6915,1,0,1,1.0,0,,,,,https://www.openstreetmap.org/way/147398359
346,w147398353,Brownstone Law,West Lake Street,201,-804.9,-82.0,15.5,141.7,6920,1,0,1,1.0,0,,,,,https://www.openstreetmap.org/way/147398353
1497,w210671687,,,,-791.4,-518.2,12.5,279.3,6935,1,0,1,1.0,0,,,,,https://www.openstreetmap.org/way/210671687
1514,w210671706,Lou Malnati's Pizzeria,North Wells Street,439,-768.6,-618.9,18.0,379.7,6940,1,0,1,1.0,0,,,,,https://www.openstreetmap.org/way/210671706
1519,w210671711,,North Wells Street,445,-768.1,-627.0,20.5,387.5,6940,1,0,1,1.0,0,,,,,https://www.openstreetmap.org/way/210671711
1520,w210671712,,North Wells Street,447,-770.1,-642.2,19.5,402.2,6940,1,0,1,1.0,0,,,,,https://www.openstreetmap.org/way/210671712
1512,w210671704,,North Wells Street,431,-770.5,-593.5,26.5,354.5,6945,1,0,1,1.0,0,,,,,https://www.openstreetmap.org/way/210671704
661,w155075903,,,,-728.1,-541.5,143.0,266.1,6950,1,1,1,1.0,0,,,,,https://www.openstreetmap.org/way/155075903
666,w155075912,,,,-760.9,-525.3,30.0,266.1,6950,1,0,1,1.0,0,,,,,https://www.openstreetmap.org/way/155075912
104,w124865436,Builders Building,North LaSalle Street,222,-742.8,-190.4,104.0,20.4,6970,1,1,1,1.0,0,,,,,https://www.openstreetmap.org/way/124865436
3952,w1274706595,300 North LaSalle,North La Salle Boulevard,300,-721.6,-388.2,243.0,118.7,6970,1,1,1,1.0,0,glass,,,,https://www.openstreetmap.org/way/1274706595
3820,w147013786,Randolph Tower,West Randolph Street,188,-766.9,1.6,142.5,202.2,6975,1,1,1,1.0,0,,,,,https://www.openstreetmap.org/way/147013786
606,w153328593,Antiquarians Building,West Kinzie Street,157,-741.5,-436.9,23.0,191.3,6980,1,0,1,1.0,0,,,,,https://www.openstreetmap.org/way/153328593
1498,w210671689,,West Hubbard Street,154,-737.4,-604.6,29.5,355.4,6980,1,0,1,1.0,0,,,,,https://www.openstreetmap.org/way/210671689
337,w147397541,Lake/Wells Self Park,North Wells Street,177,-757.1,-74.2,54.5,141.6,6985,1,0,1,1.0,0,,,,,https://www.openstreetmap.org/way/147397541
3687,w1426396605,,,,-738.8,-462.1,19.5,214.8,6985,1,0,1,1.0,0,,,,,https://www.openstreetmap.org/way/1426396605
665,w155075911,400 North LaSalle Condomium,North LaSalle Drive,400,-714.2,-549.5,143.0,298.5,7000,1,1,1,1.0,0,,,,,https://www.openstreetmap.org/way/155075911
608,w153328598,,West Kinzie Street,155,-730.5,-450.1,20.0,191.2,7005,1,0,1,1.0,0,,,,,https://www.openstreetmap.org/way/153328598
1516,w210671708,,North LaSalle Drive,440-444,-704.3,-632.2,20.0,392.3,7015,1,0,1,1.0,0,,,,,https://www.openstreetmap.org/way/210671708
3796,w124873923,Heitman Center,North LaSalle Street,180,-716.0,-70.7,136.0,140.8,7035,1,1,1,1.0,0,,,,,https://www.openstreetmap.org/way/124873923
115,w124865466,Florsheim Tower,North LaSalle Street,200,-721.3,-135.3,116.0,71.0,7040,1,1,1,0.9984,0,glass,,,,https://www.openstreetmap.org/way/124865466
1495,w210671543,Metropolitan Building,North LaSalle Street,134,-695.4,73.7,86.0,281.5,7045,1,1,1,1.0,0,,,,,https://www.openstreetmap.org/way/210671543
667,w155075913,,North LaSalle Drive,435,-642.1,-607.2,30.5,358.4,7070,1,0,1,1.0,0,,,,,https://www.openstreetmap.org/way/155075913
670,w155075926,,North LaSalle Drive,441,-648.8,-631.4,16.5,393.5,7070,1,0,1,1.0,0,,,,,https://www.openstreetmap.org/way/155075926
669,w155075922,,North LaSalle Drive,445,-648.9,-641.0,45.0,401.4,7070,1,0,1,1.0,0,,,,,https://www.openstreetmap.org/way/155075922
726,w159470979,,West Kinzie Street,126,-646.0,-517.5,21.5,268.3,7080,1,0,1,1.0,0,,,,,https://www.openstreetmap.org/way/159470979
728,w159470984,,West Kinzie Street,124,-640.0,-517.5,19.0,268.4,7085,1,0,1,1.0,0,,,,,https://www.openstreetmap.org/way/159470984
713,w159470951,,West Kinzie Street,122,-633.9,-517.7,18.0,268.5,7090,1,0,1,1.0,0,,,,,https://www.openstreetmap.org/way/159470951
664,w155075909,,West Illinois Street,111,-626.3,-645.3,50.5,394.2,7090,1,0,1,1.0,0,,,,,https://www.openstreetmap.org/way/155075909
662,w155075904,HUB 116,West Hubbard Street,116,-620.9,-607.5,33.5,358.8,7100,1,0,1,1.0,0,,,,,https://www.openstreetmap.org/way/155075904
722,w159470972,,West Kinzie Street,116,-616.0,-518.0,21.5,268.9,7110,1,0,1,1.0,0,,,,,https://www.openstreetmap.org/way/159470972
724,w159470976,,West Kinzie Street,110-114,-599.0,-518.4,25.0,269.0,7115,1,0,1,1.0,0,,,,,https://www.openstreetmap.org/way/159470976
3786,w108240964,Chicago City Hall,North LaSalle Street,121,-619.5,109.7,73.5,283.9,7125,1,0,1,1.0,0,,,,,https://www.openstreetmap.org/way/108240964
712,w159470950,Celeste,West Hubbard Street,111,-598.8,-554.4,26.0,304.8,7125,1,0,1,1.0,0,,,,,https://www.openstreetmap.org/way/159470950
671,w155075927,,West Hubbard Street,110,-595.1,-607.8,21.0,359.1,7125,1,0,1,1.0,0,,,,,https://www.openstreetmap.org/way/155075927
663,w155075908,,North Clark Street,430,-577.0,-597.0,18.5,359.2,7140,1,0,1,1.0,0,,,,,https://www.openstreetmap.org/way/155075908
668,w155075918,,North Clark Street,432,-577.0,-604.2,20.0,366.9,7140,1,0,1,1.0,0,,,,,https://www.openstreetmap.org/way/155075918
672,w155075930,,North Clark Street,436-438,-577.2,-615.2,19.5,373.6,7140,1,0,1,1.0,0,,,,,https://www.openstreetmap.org/way/155075930
100,w117996137,Reid-Murdoch Center,North La Salle Boulevard,321,-600.7,-368.4,57.0,105.5,7165,1,0,1,1.0,0,brick,,,,https://www.openstreetmap.org/way/117996137
95,w108240968,Cook County Building,North Clark Street,118,-585.6,109.7,75.0,283.3,7170,1,0,1,1.0,0,,,,,https://www.openstreetmap.org/way/108240968
654,w154412234,,West Hubbard Street,70,-524.5,-604.7,32.0,358.6,7185,1,0,1,1.0,0,,,,,https://www.openstreetmap.org/way/154412234
653,w154412233,Golden Triangle,North Clark Street,441,-526.8,-626.3,22.0,388.7,7185,1,0,1,1.0,0,,,,,https://www.openstreetmap.org/way/154412233
650,w154412227,,North Clark Street,443-445,-527.0,-637.1,21.0,395.8,7185,1,0,1,1.0,0,,,,,https://www.openstreetmap.org/way/154412227
3499,w863106027,,,,-535.0,-262.9,15.5,25.9,7190,1,0,1,1.0,0,,,,,https://www.openstreetmap.org/way/863106027
593,w153320970,,West Hubbard Street,61,-497.6,-556.3,157.0,306.6,7225,1,1,1,1.0,0,,,,,https://www.openstreetmap.org/way/153320970
19,w64391028,77 West Wacker,West Wacker Drive,77,-510.1,-191.2,205.5,20.7,7240,1,1,1,1.0,0,,,,,https://www.openstreetmap.org/way/64391028
3809,w144846547,Chicago Title & Trust Building,North Clark Street,161,-520.3,-18.8,232.5,186.8,7245,1,1,1,1.0,0,,,,,https://www.openstreetmap.org/way/144846547
572,w153291613,Chicago Fire Department Engine Company 42,West Illinois Street,55,-476.2,-645.3,13.5,391.2,7245,1,0,1,1.0,0,,,,,https://www.openstreetmap.org/way/153291613
256,w144846551,Government Center Self Park,North Clark Street,181,-501.6,-57.2,42.5,140.3,7255,1,0,1,1.0,0,,,,,https://www.openstreetmap.org/way/144846551
3854,w153320979,The Westin Chicago River North,North Dearborn Street,320,-458.1,-376.0,73.5,107.8,7265,1,0,1,1.0,0,,,,,https://www.openstreetmap.org/way/153320979
592,w153320968,,North Dearborn Street,400,-461.1,-538.5,92.5,271.3,7265,1,1,1,0.979,0,,,,,https://www.openstreetmap.org/way/153320968
28,w64888389,Richard J. Daley Center,West Washington Street,50,-489.0,78.9,201.5,289.2,7285,1,1,1,1.0,0,,#493e3b,,,https://www.openstreetmap.org/way/64888389
3942,w1098655256,"Hotel Chicago Downtown, Autograph Collection",North Dearborn Street,333,-374.2,-429.0,66.0,174.0,7310,1,0,1,1.0,0,,,,,https://www.openstreetmap.org/way/1098655256
595,w153320976,Harry Caray's Italian Steakhouse,West Kinzie Street,33,-404.1,-469.4,21.5,222.2,7310,1,0,1,1.0,0,,,,,https://www.openstreetmap.org/way/153320976
641,w154079706,Blue Sushi Sake Grill,North Dearborn Street,415,-409.9,-557.4,23.0,308.0,7310,1,0,1,1.0,0,,,,,https://www.openstreetmap.org/way/154079706
3436,w747184051,Dearborn Street Bridgehouse,North Dearborn Street,,-410.6,-267.3,13.0,29.6,7315,1,0,1,1.0,0,,,,,https://www.openstreetmap.org/way/747184051
3948,w1177925119,Legal Sea Foods,North Dearborn Street,315,-386.6,-344.0,176.5,99.6,7320,1,1,1,0.9959,0,,,,,https://www.openstreetmap.org/way/1177925119
582,w153291624,Kinzie Hotel,North Dearborn Street,401,-390.4,-515.6,80.5,272.1,7325,1,1,1,1.0,0,,,,,https://www.openstreetmap.org/way/153291624
651,w154412228,,West Hubbard Street,26,-393.7,-611.4,23.5,362.2,7325,1,0,1,1.0,0,,,,,https://www.openstreetmap.org/way/154412228
3946,w1177923716,Marina City 1,North Dearborn Street,323,-391.0,-350.8,176.5,98.0,7335,1,1,1,1.0,0,,#FEF0C9,,,https://www.openstreetmap.org/way/1177923716
139,w124873928,Oliver Building,North Dearborn Street,159,-402.8,-18.8,32.0,200.6,7335,1,0,1,1.0,0,,,,,https://www.openstreetmap.org/way/124873928
151,w124873941,Delaware Building,West Randolph Street,36,-401.9,13.5,35.0,234.3,7335,1,0,1,1.0,0,,,,,https://www.openstreetmap.org/way/124873941
638,w154079703,,West Hubbard Street,23,-379.2,-558.1,22.0,308.8,7345,1,0,1,1.0,0,,,,,https://www.openstreetmap.org/way/154079703
118,w124865475,Dearborn Street  Substation,North Dearborn Street,115,-394.9,114.6,25.5,341.5,7345,1,0,1,1.0,0,,,,,https://www.openstreetmap.org/way/124865475
581,w153291623,Illinois Holocaust Museum Presents Experience360,North State Street,360,-339.2,-470.2,20.5,220.5,7355,1,0,1,1.0,0,,,,,https://www.openstreetmap.org/way/153291623
3766,w64390087,Leo Burnett Building,West Wacker Drive,35,-386.8,-164.6,203.0,22.2,7360,1,1,1,1.0,0,,,,,https://www.openstreetmap.org/way/64390087
3947,w1177925118,Smith & Wollensky,North State Street,318,-346.0,-351.2,161.5,101.0,7360,1,1,1,1.0,0,,,,,https://www.openstreetmap.org/way/1177925118
3592,w1177923722,,,,-366.9,-352.0,83.5,110.5,7360,1,1,1,0.9677,0,,,,,https://www.openstreetmap.org/way/1177923722
3921,w284822929,Marina City 2,North State Street,300,-338.9,-380.5,177.0,125.6,7390,1,1,1,1.0,0,,#FEF0C9,,,https://www.openstreetmap.org/way/284822929
3579,w1176482819,,West Randolph Street,16,-342.7,16.5,84.5,247.0,7390,1,1,1,1.0,0,,,,,https://www.openstreetmap.org/way/1176482819
3580,w1176482826,,,,-338.6,-15.9,61.5,200.0,7395,1,0,1,0.9918,0,,,,,https://www.openstreetmap.org/way/1176482826
3393,w685483236,Bataan-Corregidor Memorial Bridgehouse,North State Street,,-319.6,-339.9,12.5,103.2,7405,1,0,1,1.0,0,,,,,https://www.openstreetmap.org/way/685483236
270,w145208573,ABC Building,North State Street,190,-336.6,-74.0,61.0,139.1,7415,1,0,1,1.0,0,,,,,https://www.openstreetmap.org/way/145208573
3794,w124865494,Block 37 Shops,North State Street,108,-381.5,118.6,138.5,278.6,7420,1,1,1,1.0,0,,,,,https://www.openstreetmap.org/way/124865494
340,w147397545,Virgin Hotels Chicago,North Wabash Avenue,203,-136.4,-143.2,95.0,99.7,7555,1,1,1,1.0,0,,,,,https://www.openstreetmap.org/way/147397545
338,w147397542,60 East Lake Self Park,East Lake Street,60,-116.9,-140.9,96.0,105.4,7560,1,1,1,1.0,0,,,,,https://www.openstreetmap.org/way/147397542
451,w148544835,Hotel Monaco,North Wabash Avenue,225,-133.2,-192.8,60.5,52.4,7565,1,0,1,1.0,0,,,,,https://www.openstreetmap.org/way/148544835
450,w148544834,Hotel Parking,East Wacker Place,57,-115.0,-193.1,60.5,63.6,7570,1,0,1,1.0,0,,,,,https://www.openstreetmap.org/way/148544834
367,w147400414,Millinery Mart Building,East Wacker Place,65,-96.1,-193.1,96.0,73.8,7580,1,1,1,1.0,0,,,,,https://www.openstreetmap.org/way/147400414
258,w144846554,Seventeenth Church of Christ Scientist,East Wacker Drive,55,-131.3,-249.8,110.0,15.1,7590,1,1,1,1.0,0,,,,,https://www.openstreetmap.org/way/144846554
356,w147399561,The Royal Sonesta Chicago Downtown,East Wacker Drive,71,-105.4,-282.8,117.0,15.4,7600,1,1,1,1.0,0,,,,,https://www.openstreetmap.org/way/147399561
3189,w305717626,Hilton Garden Inn Chicago / North Loop,East Wacker Place,66,-101.2,-252.4,81.0,42.4,7600,1,1,1,1.0,0,,,,,https://www.openstreetmap.org/way/305717626
362,w147399570,Hampton Inn Chicago Downtown/North Loop,East Wacker Place,68,-86.7,-250.1,81.0,53.3,7610,1,1,1,1.0,0,,,,,https://www.openstreetmap.org/way/147399570
3827,w147399564,"Club Quarters Hotel, Wacker at Michigan",East Wacker Drive,75,-87.0,-311.4,161.5,16.3,7665,1,1,1,1.0,0,,,,,https://www.openstreetmap.org/way/147399564
3206,w330535225,London House Chicago,East Wacker Drive,85,-75.1,-329.0,92.5,16.0,7685,1,1,1,1.0,0,,,,,https://www.openstreetmap.org/way/330535225
3319,w542934108,,,,-161.1,-501.2,27.5,143.5,7705,1,0,1,1.0,0,,,,,https://www.openstreetmap.org/way/542934108
3301,w509298833,Renelle on the River,North Wabash Avenue,403,-164.4,-542.8,21.5,167.8,7710,1,0,1,1.0,0,,,,,https://www.openstreetmap.org/way/509298833
631,w153966968,,North Wabash Avenue,430,-220.9,-562.0,36.0,210.6,7710,1,0,1,1.0,0,,,,,https://www.openstreetmap.org/way/153966968
3853,w153291615,Plaza 440,North Wabash Avenue,440,-236.7,-620.2,144.0,262.6,7710,1,1,1,1.0,0,,,,,https://www.openstreetmap.org/way/153291615
577,w153291619,,East Illinois Street,11,-253.9,-650.3,29.5,310.4,7710,1,0,1,1.0,0,,,,,https://www.openstreetmap.org/way/153291619
804,w202624279,Cantina Laredo,North State Street,508,-336.8,-698.5,11.5,393.9,7710,1,0,1,1.0,0,,,,,https://www.openstreetmap.org/way/202624279
3637,w1272363157,,,,-144.3,-528.8,20.0,162.6,7715,1,0,1,1.0,0,,,,,https://www.openstreetmap.org/way/1272363157
580,w153291622,,North Wabash Avenue,444,-212.7,-654.4,29.5,289.1,7715,1,0,1,1.0,0,,,,,https://www.openstreetmap.org/way/153291622
640,w154079705,,North State Street,505,-252.1,-705.8,117.0,348.8,7715,1,1,1,1.0,0,,,,,https://www.openstreetmap.org/way/154079705
239,w144126597,American Medical Association,North State Street,515,-248.8,-739.9,129.0,369.0,7715,1,1,1,1.0,0,,,,,https://www.openstreetmap.org/way/144126597
3923,w285867424,River Plaza,North Wabash Avenue,405,-111.9,-566.6,167.5,161.2,7720,1,1,1,1.0,0,,,,,https://www.openstreetmap.org/way/285867424
3962,r17460539,Wrigley Building,North Michigan Avenue,400-410,-41.5,-522.9,132.0,119.4,7740,1,1,1,1.0,0,,,"en.wikipedia.org/wiki/Wrigley_Building: glazed terra-cotta, bright white, south tower 130 m, brightly floodlit at night",,https://www.openstreetmap.org/relation/17460539
17,w59430164,Nordstrom,East Grand Avenue,55,-156.9,-718.6,35.5,314.1,7740,1,0,1,1.0,0,,,,,https://www.openstreetmap.org/way/59430164
3961,r17460539,Wrigley Building,North Michigan Avenue,400-410,-26.8,-564.5,94.5,163.2,7745,1,1,1,1.0,0,,,"en.wikipedia.org/wiki/Wrigley_Building: glazed terra-cotta, bright white, south tower 130 m, brightly floodlit at night",,https://www.openstreetmap.org/relation/17460539
2379,w210680051,,North Rush Street,528-548,-109.3,-828.0,67.5,402.2,7745,1,0,1,1.0,0,,,,,https://www.openstreetmap.org/way/210680051
601,w153320988,,North Rush Street,437,-60.5,-618.8,14.5,222.1,7750,1,0,1,1.0,0,,,,,https://www.openstreetmap.org/way/153320988
3322,w544795029,The Shops at North Bridge,North Michigan Avenue,520,-41.5,-741.2,77.0,311.4,7755,1,0,1,1.0,0,,,,,https://www.openstreetmap.org/way/544795029
3439,w751165455,DuSable Bridgehouse,North Michigan Avenue,376,-23.6,-412.0,20.5,25.4,7770,1,0,1,1.0,0,,,,,https://www.openstreetmap.org/way/751165455
3440,w751165456,DuSable Bridgehouse,North Michigan Avenue,,-8.3,-497.2,20.5,111.5,7770,1,0,1,1.0,0,,,,,https://www.openstreetmap.org/way/751165456
597,w153320981,Realtor Building,North Michigan Avenue,430,-26.4,-619.6,66.5,221.2,7770,1,0,1,1.0,0,,,,,https://www.openstreetmap.org/way/153320981
3852,w151974818,444 North Michigan,North Michigan Avenue,444,-26.2,-658.4,138.5,259.9,7770,1,1,1,1.0,0,,#BFB7AA,,,https://www.openstreetmap.org/way/151974818
600,w153320987,500 North Michigan,North Michigan Avenue,500,-30.2,-707.1,94.0,310.7,7770,1,1,1,1.0,0,,,,,https://www.openstreetmap.org/way/153320987
2393,w210680071,Chicago Marriott Downtown Magnificent Mile,North Michigan Avenue,540,-38.1,-809.2,142.0,399.6,7770,1,1,1,1.0,0,,,,,https://www.openstreetmap.org/way/210680071
3149,w236770798,,,,76.5,-234.0,173.0,29.3,7825,1,1,1,0.9986,0,,,,,https://www.openstreetmap.org/way/236770798
361,w147399568,,North Michigan Avenue,336,-41.5,-326.4,26.5,28.9,7830,1,0,1,1.0,0,,,,,https://www.openstreetmap.org/way/147399568
358,w147399565,,North Michigan Avenue,332,-44.2,-318.9,26.5,29.4,7835,1,0,1,1.0,0,,,,,https://www.openstreetmap.org/way/147399565
357,w147399562,,North Michigan Avenue,326,-56.4,-306.3,21.5,29.9,7845,1,0,1,1.0,0,,,,,https://www.openstreetmap.org/way/147399562
253,w144710192,333 North Michigan,North Michigan Avenue,333,17.3,-335.2,127.5,8.7,7855,1,1,1,1.0,0,,,"chicagology / Chicago landmark: 121 m, base polished black and purple granite, upper storeys buff limestone and dark terra cotta",authored route clearance,https://www.openstreetmap.org/way/144710192
359,w147399566,,North Michigan Avenue,320,-55.3,-293.7,84.0,30.7,7855,1,1,1,1.0,0,,,,,https://www.openstreetmap.org/way/147399566
251,w144710187,,North Michigan Avenue,323,16.2,-293.1,97.5,7.8,7880,1,1,1,1.0,0,,,,authored route clearance,https://www.openstreetmap.org/way/144710187
363,w147399571,,North Michigan Avenue,316,-52.0,-278.8,51.0,31.2,7885,1,0,1,1.0,0,,,,,https://www.openstreetmap.org/way/147399571
169,w127107033,Old Republic Building,North Michigan Avenue,307,17.1,-254.9,100.5,6.6,7905,1,1,1,1.0,0,,,"Chicago landmark designation report: light buff glazed terra cotta, Classical Revival",authored route clearance,https://www.openstreetmap.org/way/127107033
3150,w236770799,Two Illinois Center,North Michigan Avenue,233,116.6,-239.8,134.5,69.2,7905,1,1,1,1.0,0,,,,,https://www.openstreetmap.org/way/236770799
3417,w731167841,citizenM Chicago,East Wacker Place,80,-51.6,-255.4,36.5,31.2,7925,1,0,1,1.0,0,,,,,https://www.openstreetmap.org/way/731167841
3830,w148544831,Pendry Chicago,North Michigan Avenue,230,-50.4,-192.2,158.0,30.4,7990,1,1,1,1.0,0,,,"en.wikipedia.org/wiki/Carbide_&_Carbon_Building: 37 storeys, 153 m, clad in black granite, green and gold terra cotta, gold leaf",,https://www.openstreetmap.org/way/148544831
165,w127107023,,North Michigan Avenue,225,52.6,-186.1,107.0,9.3,7995,1,1,1,1.0,0,,,,authored route clearance,https://www.openstreetmap.org/way/127107023
166,w127107024,Michigan Plaza South,North Michigan Avenue,205,64.8,-147.6,176.5,37.2,8010,1,1,1,1.0,0,,,,,https://www.openstreetmap.org/way/127107024
364,w147400406,MILA,North Michigan Avenue,200,-53.6,-143.2,136.0,29.6,8040,1,1,1,1.0,0,,,,,https://www.openstreetmap.org/way/147400406
334,w147397537,Seventy  East Lake,East Lake Street,70,-95.1,-140.7,73.0,84.0,8040,1,0,1,1.0,0,,,,,https://www.openstreetmap.org/way/147397537
563,w151974815,,,,188.4,-111.5,20.5,183.3,8045,1,0,1,1.0,0,,,,,https://www.openstreetmap.org/way/151974815
167,w127107026,Millennium Park Plaza,North Michigan Avenue,151-155,21.2,-34.8,126.5,10.0,8065,1,1,1,1.0,0,,,,,https://www.openstreetmap.org/way/127107026
18,w64388666,Two Prudential Plaza,North Stetson Avenue,180,135.9,-63.3,287.0,118.4,8065,1,1,1,1.0,0,,,,,https://www.openstreetmap.org/way/64388666
3764,w64388609,Aon Center,East Randolph Street,200,236.4,-53.6,368.5,206.8,8085,1,1,1,1.0,0,,lightgrey,,,https://www.openstreetmap.org/way/64388609
1521,w210671714,180 North Michigan Avenue,North Michigan Avenue,180,-44.6,-78.2,94.0,28.9,8095,1,1,1,1.0,0,,,,,https://www.openstreetmap.org/way/210671714
343,w147397554,MDA City Apartments,North Wabash Avenue,185,-126.7,-77.1,92.5,104.5,8095,1,1,1,1.0,0,,,,,https://www.openstreetmap.org/way/147397554
1500,w210671691,,North Michigan Avenue,174,-48.2,-60.1,84.0,28.8,8110,1,1,1,1.0,0,,,,,https://www.openstreetmap.org/way/210671691
1499,w210671690,,North Michigan Avenue,172,-51.1,-47.8,34.5,28.6,8115,1,0,1,1.0,0,,,,,https://www.openstreetmap.org/way/210671690
3799,w127107034,One Prudential Plaza,East Randolph Street,130,110.2,-14.5,257.5,46.9,8115,1,1,1,1.0,0,,tan,"en.wikipedia.org/wiki/One_Prudential_Plaza: 41 storeys, roof 183 m, antenna 278 m",,https://www.openstreetmap.org/way/127107034
3123,w231319685,73 East Lake,East Lake Street,73,-92.6,-68.3,146.5,74.1,8115,1,1,1,1.0,0,,,,,https://www.openstreetmap.org/way/231319685
3171,w277422232,,East Benton Place,60,-122.8,-55.6,43.0,104.3,8115,1,0,1,1.0,0,,,,,https://www.openstreetmap.org/way/277422232
1496,w210671685,Arlo Chicago,North Michigan Avenue,168,-51.4,-38.2,52.0,28.6,8120,1,0,1,1.0,0,,,,,https://www.openstreetmap.org/way/210671685
3117,w228971614,Bye Bye Chicago,North Michigan Avenue,155,21.9,3.5,118.0,11.2,8155,1,1,1,1.0,0,,,,,https://www.openstreetmap.org/way/228971614
3403,w686200364,,,,-489.1,283.6,234.0,473.5,270,0,1,1,1.0,0,,,,,https://www.openstreetmap.org/way/686200364
29,w64888429,Three First National Plaza,West Madison Street,70,-456.2,283.2,208.5,428.2,280,0,1,1,1.0,0,,,,,https://www.openstreetmap.org/way/64888429
3504,w941930055,Ten North Dearborn,North Dearborn Street,10,-438.2,262.9,50.5,428.2,280,0,0,1,1.0,0,,,,,https://www.openstreetmap.org/way/941930055
3404,w686200366,,,,-472.5,287.4,229.5,445.3,300,0,1,1,1.0,0,,,,,https://www.openstreetmap.org/way/686200366
3916,w230613007,Chase Tower,South Dearborn Street,10,-473.1,370.0,262.5,427.0,365,0,1,1,1.0,0,granite,,,,https://www.openstreetmap.org/way/230613007
3122,w231271838,,,,-445.4,436.7,4.5,441.3,440,0,0,1,1.0,0,,,,,https://www.openstreetmap.org/way/231271838
3795,w124865497,55 West Monroe,West Monroe Street,55,-444.0,481.0,152.0,429.8,515,0,1,1,1.0,0,,,,,https://www.openstreetmap.org/way/124865497
35,w73650872,Old Colony Building,South Dearborn Street,407,-381.0,906.2,71.5,423.7,695,0,0,1,1.0,0,,,,,https://www.openstreetmap.org/way/73650872
36,w73651473,Sonder Plymouth,South Dearborn Street,417,-380.0,941.9,65.5,446.3,700,0,0,1,1.0,0,,,,,https://www.openstreetmap.org/way/73651473
34,w73636095,Manhattan Building,South Dearborn Street,431,-381.6,968.1,63.5,454.1,700,0,0,1,1.0,0,,,,,https://www.openstreetmap.org/way/73636095
505,w149119621,Plymouth Court Substation,South Plymouth Court,521,-331.8,1062.5,15.0,481.4,710,0,0,1,1.0,0,,,,,https://www.openstreetmap.org/way/149119621
445,w148517228,Library Tower,South State Street,518,-297.4,1077.8,65.5,447.8,715,0,0,1,1.0,0,,,,,https://www.openstreetmap.org/way/148517228
508,w149119626,Peterson Building,South Plymouth Court,523,-331.4,1081.3,45.0,492.6,715,0,0,1,1.0,0,,,,,https://www.openstreetmap.org/way/149119626
503,w149119619,Mergenthaler Lofts,South Plymouth Court,531,-331.1,1103.8,44.0,508.7,715,0,0,1,1.0,0,,,,,https://www.openstreetmap.org/way/149119619
491,w148808728,Jones College Prep,South State Street,600,-313.6,1195.4,34.0,531.6,720,0,0,1,1.0,0,,,,,https://www.openstreetmap.org/way/148808728
490,w148808726,Moser Building,South Plymouth Court,621,-330.2,1224.2,53.0,597.0,720,0,0,1,1.0,0,,,,,https://www.openstreetmap.org/way/148808726
489,w148808725,Jones College Prep Annex,South State Street,700,-296.3,1305.9,51.5,618.7,725,0,0,1,1.0,0,,,,,https://www.openstreetmap.org/way/148808725
492,w148808733,Pope Building,South Plymouth Court,633-641,-329.7,1258.3,58.0,628.6,725,0,0,1,1.0,0,,,,,https://www.openstreetmap.org/way/148808733
502,w149119618,,South Wabash Avenue,600,-171.2,1198.2,28.0,486.7,730,0,0,1,1.0,0,,,,,https://www.openstreetmap.org/way/149119618
521,w149372383,,South State Street,701,-236.4,1317.2,20.5,645.4,730,0,0,1,1.0,0,,,,,https://www.openstreetmap.org/way/149372383
507,w149119625,,South Wabash Avenue,634,-176.1,1260.3,12.0,566.7,735,0,0,1,1.0,0,,,,,https://www.openstreetmap.org/way/149119625
506,w149119623,30 East Apartments,East Balbo Avenue,30,-173.8,1274.6,53.5,574.7,735,0,0,1,1.0,0,,,,,https://www.openstreetmap.org/way/149119623
516,w149372353,Buddy Guy's Legends,South Wabash Avenue,700,-166.1,1316.3,12.5,617.6,735,0,0,1,1.0,0,,,,,https://www.openstreetmap.org/way/149372353
1,w25885878,Travelodge Chicago,East Harrison Street,65,-88.0,1175.3,86.5,455.7,740,0,1,1,1.0,0,,,,,https://www.openstreetmap.org/way/25885878
304,w147078398,U-Stor-It,South Wabash Avenue,615-617,-91.6,1193.7,88.5,476.1,740,0,1,1,1.0,0,,,,,https://www.openstreetmap.org/way/147078398
323,w147217795,Columbia College 619 S. Wabash Building,South Wabash Avenue,619,-91.2,1207.8,88.5,491.9,740,0,1,1,1.0,0,,,,,https://www.openstreetmap.org/way/147217795
322,w147217794,Wabash Campus Building,South Wabash Avenue,623,-78.6,1237.5,54.5,503.5,740,0,0,1,1.0,0,,,,,https://www.openstreetmap.org/way/147217794
324,w147217813,Merle Reskin Theatre,East Balbo Avenue,62-66,-81.2,1270.1,43.0,539.8,740,0,0,1,1.0,0,,,,,https://www.openstreetmap.org/way/147217813
297,w147077310,Columbia College Chicago Alexandroff Campus Center,South Michigan Avenue,600,-39.4,1176.9,67.0,443.3,745,0,0,1,1.0,0,,brown,,,https://www.openstreetmap.org/way/147077310
299,w147077313,Spertus Institute of Jewish Studies,South Michigan Avenue,610,-20.3,1198.0,65.0,467.8,745,0,0,1,1.0,0,glass,grey,,,https://www.openstreetmap.org/way/147077313
296,w147077309,Columbia College 618 South Michigan Building,South Michigan Avenue,618,-33.1,1224.6,55.0,492.3,745,0,0,1,1.0,0,glass,grey,,,https://www.openstreetmap.org/way/147077309
3669,w1301674260,,,,-60.1,1338.2,57.0,594.3,745,0,0,1,1.0,0,,,,,https://www.openstreetmap.org/way/1301674260
325,w147217814,Hilton Parking,,,-83.5,1334.7,44.5,595.3,745,0,0,1,1.0,0,,,,,https://www.openstreetmap.org/way/147217814
300,w147077315,Columbia College South Campus Building,South Michigan Avenue,624-628,-32.8,1249.2,63.5,516.9,750,0,0,1,1.0,0,,brown,,,https://www.openstreetmap.org/way/147077315
298,w147077312,"The Blackstone, Autograph Collection",South Michigan Avenue,636,-32.4,1273.8,87.5,541.3,750,0,1,1,1.0,0,,brown,,,https://www.openstreetmap.org/way/147077312
3813,w145203365,,South Michigan Avenue,720,-30.9,1357.0,108.0,585.6,750,0,1,1,1.0,0,,brown,,,https://www.openstreetmap.org/way/145203365
3489,w765851955,,,,71.2,1181.5,1.0,457.6,760,0,0,1,1.0,0,,,,,https://www.openstreetmap.org/way/765851955
3091,w210969110,,,,1378.1,-420.0,4.5,524.3,2360,0,0,1,1.0,0,,,,,https://www.openstreetmap.org/way/210969110
3090,w210969109,,,,1380.5,-442.8,3.0,529.3,2360,0,0,1,1.0,0,,,,,https://www.openstreetmap.org/way/210969109
3151,w237535869,Chicago Harbor Lock House,North Streetor Drive,108,1504.9,-423.5,10.5,603.6,2360,0,0,1,1.0,0,,,,,https://www.openstreetmap.org/way/237535869
3502,w925740536,,,,1507.7,-421.2,10.5,650.4,2360,0,0,1,1.0,0,,,,,https://www.openstreetmap.org/way/925740536
3425,w741948225,,,,1826.7,-708.4,3.5,1041.3,2365,0,0,1,1.0,0,,,,,https://www.openstreetmap.org/way/741948225
3737,r17503969,Sable at Navy Pier,East Grand Avenue,900,1868.0,-733.9,18.5,1063.1,2365,0,0,1,1.0,0,,,,,https://www.openstreetmap.org/relation/17503969
3457,w753752385,West Terminal Building,East Grand Avenue,,1951.1,-781.5,18.5,1164.9,2365,0,0,1,1.0,0,,,,,https://www.openstreetmap.org/way/753752385
3419,w741288427,,,,1961.4,-759.8,4.0,1187.4,2365,0,0,1,1.0,0,,,,,https://www.openstreetmap.org/way/741288427
3454,w752904679,Lakeview Terrace,East Grand Avenue,840,2031.1,-783.5,20.0,1193.3,2365,0,0,1,1.0,0,,,,,https://www.openstreetmap.org/way/752904679
3097,w211064223,,,,2016.2,-761.1,5.5,1238.4,2365,0,0,1,1.0,0,,,,,https://www.openstreetmap.org/way/211064223
566,w151989533,Aon Grand Ballroom,East Grand Avenue,840,2065.1,-784.8,45.0,1265.3,2365,0,0,1,1.0,0,,,,,https://www.openstreetmap.org/way/151989533
3427,w741948232,,,,1662.3,-704.8,3.5,891.2,2370,0,0,1,1.0,0,,,,,https://www.openstreetmap.org/way/741948232
3735,r17503969,Sable at Navy Pier,East Grand Avenue,900,1703.8,-730.2,19.0,914.0,2370,0,0,1,1.0,0,,,,,https://www.openstreetmap.org/relation/17503969
3426,w741948230,,,,1744.6,-706.6,3.5,966.0,2370,0,0,1,1.0,0,,,,,https://www.openstreetmap.org/way/741948230
3736,r17503969,Sable at Navy Pier,East Grand Avenue,900,1786.1,-732.2,18.5,988.1,2370,0,0,1,1.0,0,,,,,https://www.openstreetmap.org/relation/17503969
3423,w741288456,,,,1450.3,-741.5,10.5,728.7,2375,0,0,1,1.0,0,,,,,https://www.openstreetmap.org/way/741288456
3455,w753474606,Chicago Shakespeare Theater,East Grand Avenue,800,1551.7,-720.4,25.0,769.5,2375,0,0,1,1.0,0,,,,,https://www.openstreetmap.org/way/753474606
3428,w742046949,Self Park East Garage,East Grand Avenue,700,1546.4,-762.2,24.0,784.6,2375,0,0,1,1.0,0,,,,,https://www.openstreetmap.org/way/742046949
3424,w741288466,,,,1514.5,-772.2,12.5,789.2,2375,0,0,1,1.0,0,,,,,https://www.openstreetmap.org/way/741288466
3940,w752904676,Festival Hall,East Grand Avenue,700,1772.7,-742.7,24.0,842.9,2375,0,0,1,1.0,0,,,,,https://www.openstreetmap.org/way/752904676
3253,w427537798,,,,1281.2,-696.7,3.5,571.2,2380,0,0,1,1.0,0,,,,,https://www.openstreetmap.org/way/427537798
3409,w686996484,Centennial Wheel,,,1402.4,-768.3,64.0,697.3,2380,0,0,1,1.0,0,,,,,https://www.openstreetmap.org/way/686996484
3420,w741288435,Pier Park,,,1385.5,-767.9,11.0,700.7,2380,0,0,1,1.0,0,,,,,https://www.openstreetmap.org/way/741288435
3422,w741288437,,,,1383.1,-801.7,8.5,717.5,2380,0,0,1,1.0,0,,,,,https://www.openstreetmap.org/way/741288437
3939,w741288462,,,,1466.5,-770.2,27.0,729.6,2380,0,0,1,1.0,0,,,,,https://www.openstreetmap.org/way/741288462
3451,w752899904,,,,1429.7,-802.5,6.0,756.4,2380,0,0,1,1.0,0,,,,,https://www.openstreetmap.org/way/752899904
3418,w741288423,Festival Hall Loading Dock,,,1566.8,-802.7,24.0,811.0,2380,0,0,1,1.0,0,,,,,https://www.openstreetmap.org/way/741288423
3682,w1417040524,Navy Pier Marina Boat House,East Grand Avenue,797,1499.4,-844.6,0.5,830.8,2380,0,0,1,0.0833,0,,,,,https://www.openstreetmap.org/way/1417040524
3094,w211064214,,,,1548.2,-964.4,6.5,950.3,2380,0,0,1,1.0,0,,,,,https://www.openstreetmap.org/way/211064214
3453,w752899916,Family Pavillion,East Grand Avenue,700,1258.3,-771.9,28.0,552.5,2385,0,0,1,1.0,0,,,,,https://www.openstreetmap.org/way/752899916
3456,w753480696,,,,1257.3,-718.4,2.0,573.1,2385,0,0,1,1.0,0,,,,,https://www.openstreetmap.org/way/753480696
3452,w752899914,The Crystal Gardens,East Grand Avenue,700,1313.8,-770.2,22.0,614.0,2385,0,0,1,1.0,0,,,,,https://www.openstreetmap.org/way/752899914
3421,w741288436,,,,1354.0,-802.4,8.0,697.3,2385,0,0,1,1.0,0,,,,,https://www.openstreetmap.org/way/741288436
3458,w753752418,,,,1378.6,-809.7,2.0,719.5,2385,0,0,1,1.0,0,,,,,https://www.openstreetmap.org/way/753752418
3096,w211064216,,,,1508.7,-960.3,21.0,888.2,2385,0,0,1,1.0,0,,,,,https://www.openstreetmap.org/way/211064216
3643,w1275043286,Administration Building,,,1505.1,-1107.5,22.0,969.1,2385,0,0,1,1.0,0,,,,,https://www.openstreetmap.org/way/1275043286
3645,w1275043288,East Filter Building,,,1713.1,-1137.6,9.0,984.2,2385,0,0,1,1.0,0,,,,,https://www.openstreetmap.org/way/1275043288
3648,w1275043291,,,,1535.3,-1108.5,16.0,1048.2,2385,0,0,1,1.0,0,,,,,https://www.openstreetmap.org/way/1275043291
3448,w751729625,Peoples Energy Welcome Pavillion,,,1143.4,-684.3,2.5,457.3,2390,0,0,1,1.0,0,,,,,https://www.openstreetmap.org/way/751729625
3647,w1275043290,,,,1483.6,-1107.5,7.5,1015.0,2390,0,0,1,1.0,0,,,,,https://www.openstreetmap.org/way/1275043290
3644,w1275043287,Electrical Building,,,1507.1,-1218.0,14.5,1085.0,2390,0,0,1,1.0,0,,,,,https://www.openstreetmap.org/way/1275043287
3095,w211064215,,,,1486.8,-1274.0,8.5,1150.0,2390,0,0,1,1.0,0,,,,,https://www.openstreetmap.org/way/211064215
3093,w211064213,,,,1505.9,-1274.5,7.5,1161.4,2390,0,0,1,1.0,0,,,,,https://www.openstreetmap.org/way/211064213
3449,w751729627,,,,1082.4,-688.9,3.0,442.5,2395,0,0,1,1.0,0,,,,,https://www.openstreetmap.org/way/751729627
3672,w1308482808,The Butterfly House,East Grand Avenue,600,1137.4,-844.6,6.5,599.5,2395,0,0,1,1.0,0,,,,,https://www.openstreetmap.org/way/1308482808
3506,w953291457,CTA Navy Pier Substation,East Grand Avenue,590,1161.8,-890.1,6.0,652.0,2395,0,0,1,1.0,0,,,,,https://www.openstreetmap.org/way/953291457
3307,w519124814,,,,1191.9,-926.3,3.0,700.3,2395,0,0,1,1.0,0,,,,,https://www.openstreetmap.org/way/519124814
3646,w1275043289,West Filter Building,,,1408.2,-1073.1,9.0,813.0,2395,0,0,1,1.0,0,,,,,https://www.openstreetmap.org/way/1275043289
3734,r17503351,Outlet Control Building,East Ohio Street,1000,1245.0,-1097.7,6.0,855.3,2395,0,0,1,1.0,0,,,,,https://www.openstreetmap.org/relation/17503351
3649,w1275048734,Guard House,,,1090.0,-891.6,4.5,626.8,2400,0,0,1,1.0,0,,,,,https://www.openstreetmap.org/way/1275048734
3848,w150408224,,North Lake Shore Drive,505,1002.9,-744.9,197.0,430.9,2405,0,1,1,1.0,0,,#4D5143,,,https://www.openstreetmap.org/way/150408224
3541,w1081288678,,,,989.6,-927.0,0.5,629.1,2405,0,0,1,1.0,0,,,,,https://www.openstreetmap.org/way/1081288678
3963,r19385699,Lake Point Tower,North Lake Shore Drive,505,970.4,-743.1,197.0,402.8,2410,0,1,1,0.9915,0,,#4D5143,,,https://www.openstreetmap.org/relation/19385699
3623,w1256352806,,,,963.2,-924.3,0.5,617.8,2410,0,0,1,1.0,0,,,,,https://www.openstreetmap.org/way/1256352806
3092,w211064212,530 Lake Shore Drive,North Lake Shore Drive,530,786.9,-808.0,99.0,477.5,2505,0,1,1,1.0,0,,,,,https://www.openstreetmap.org/way/211064212
3873,w173328331,,North Lake Shore Drive,600,780.3,-901.8,158.0,567.9,2505,0,1,1,1.0,0,,,,,https://www.openstreetmap.org/way/173328331
3871,w173328321,600 Lake Shore Drive,North Lake Shore Drive,600,778.9,-922.3,158.0,567.2,2510,0,1,1,1.0,0,,,,,https://www.openstreetmap.org/way/173328321
3877,w178936172,,North Lake Shore Drive,600,771.0,-940.1,138.5,607.5,2510,0,1,1,1.0,0,,,,,https://www.openstreetmap.org/way/178936172
567,w151989535,The Wade,North Lake Shore Drive,644,730.7,-1008.7,99.0,657.8,2515,0,1,1,1.0,0,,,,,https://www.openstreetmap.org/way/151989535
3098,w211064232,540 Lake Shore Drive,North Lake Shore Drive,540,761.3,-836.5,35.0,477.7,2525,0,0,1,1.0,0,,,,,https://www.openstreetmap.org/way/211064232
569,w151989550,,North Lake Shore Drive,644,728.3,-1006.2,90.5,655.0,2525,0,1,1,1.0,0,,,,,https://www.openstreetmap.org/way/151989550
3239,w401244509,,,,687.6,-1027.1,22.0,689.2,2535,0,0,1,1.0,0,,,,,https://www.openstreetmap.org/way/401244509
3922,w285863488,Lake Shore Plaza,East Ohio Street,445,670.1,-832.0,113.0,477.4,2540,0,1,1,1.0,0,,,,,https://www.openstreetmap.org/way/285863488
774,w173328322,,East Ontario Street,441,710.8,-921.2,49.5,566.2,2540,0,0,1,1.0,0,,,,,https://www.openstreetmap.org/way/173328322
736,w159798681,Onterie Center,East Ontario Street,446,676.4,-1008.6,175.0,655.5,2540,0,1,1,0.9811,0,,,,,https://www.openstreetmap.org/way/159798681
3913,w227604498,,East Ohio Street,420,650.8,-903.0,115.5,566.3,2545,0,1,1,1.0,0,,,,,https://www.openstreetmap.org/way/227604498
710,w159142393,Abbott Hall,North Lake Shore Drive,710,642.5,-1180.7,67.5,835.3,2545,0,0,1,1.0,0,,,,,https://www.openstreetmap.org/way/159142393
3912,w227604492,,East Ohio Street,420,638.3,-896.8,115.5,566.5,2570,0,1,1,1.0,0,,,,,https://www.openstreetmap.org/way/227604492
3914,w227604499,,East Ontario Street,401,618.9,-941.8,159.0,610.7,2595,0,1,1,1.0,0,,,,,https://www.openstreetmap.org/way/227604499
3876,w173328372,Moment,East Ohio Street,423,614.4,-830.1,147.0,476.3,2730,0,1,1,1.0,0,,,,,https://www.openstreetmap.org/way/173328372
3875,w173328360,400 East Ohio Street,East Ohio Street,400,579.1,-894.8,153.5,563.3,2745,0,1,1,1.0,0,,,,,https://www.openstreetmap.org/way/173328360
3915,w227604500,,East Ohio Street,400,591.3,-900.5,153.5,563.3,2745,0,1,1,1.0,0,,,,,https://www.openstreetmap.org/way/227604500
3872,w173328326,,,,618.7,-947.2,159.0,595.4,2745,0,1,1,1.0,0,,,,,https://www.openstreetmap.org/way/173328326
786,w173328366,Northwestern Medical  Employee Parking Garage,East Erie Street,401-425,595.3,-1024.7,37.5,685.8,2755,0,0,1,1.0,0,,,,,https://www.openstreetmap.org/way/173328366
565,w151989532,680 North Lake Shore Drive,North Lake Shore Drive,680,633.0,-1098.4,145.0,740.6,2765,0,1,1,1.0,0,,,,,https://www.openstreetmap.org/way/151989532
704,w159142373,Floyd E. Patterson Building,East Huron Street,410,591.7,-1163.5,39.5,831.1,2770,0,0,1,1.0,0,,,,,https://www.openstreetmap.org/way/159142373
3874,w173328351,McClurg Court Center,North McClurg Court,600,533.6,-915.2,129.0,562.7,2775,0,1,1,1.0,0,,,,,https://www.openstreetmap.org/way/173328351
3870,w173328311,Streeter Place,East Ohio Street,355,523.2,-829.6,168.5,471.2,2780,0,1,1,1.0,0,,,,,https://www.openstreetmap.org/way/173328311
3880,w178938274,,East Ohio Street,355,521.6,-824.5,168.5,471.2,2780,0,1,1,1.0,0,,,,,https://www.openstreetmap.org/way/178938274
731,w159797795,Arthur Rubloff Building,North Lake Shore Drive,750,587.2,-1285.2,52.0,924.0,2785,0,0,1,1.0,0,,,,,https://www.openstreetmap.org/way/159797795
732,w159797796,Levy Mayer Hall,East Chicago Avenue,357,528.9,-1302.4,24.0,956.0,2810,0,0,1,1.0,0,,,,,https://www.openstreetmap.org/way/159797796
171,w129586325,Lake Shore Park Fieldhouse,North Lake Shore Drive,808,541.4,-1384.3,14.5,1036.9,2830,0,0,1,1.0,0,,,,,https://www.openstreetmap.org/way/129586325
624,w153734164,,East Superior Street,345,503.0,-1184.5,85.0,821.7,2845,0,1,1,1.0,0,,,,,https://www.openstreetmap.org/way/153734164
733,w159797797,Robert McCormick Hall,East Superior Street,350,529.1,-1266.3,24.0,916.2,2850,0,0,1,1.0,0,,,,,https://www.openstreetmap.org/way/159797797
3879,w178936175,McClurg Court Center,East Ontario Street,333,476.4,-938.3,130.5,592.3,2855,0,1,1,1.0,0,,,,,https://www.openstreetmap.org/way/178936175
3924,w312634710,Shirley Ryan AbilityLab,East Erie Street,355,502.4,-1023.2,132.5,637.9,2865,0,1,1,1.0,0,,,,,https://www.openstreetmap.org/way/312634710
3881,w178938275,The Streeter,East Ohio Street,345,450.5,-835.4,158.0,457.9,2875,0,1,1,1.0,0,,,,,https://www.openstreetmap.org/way/178938275
3878,w178936173,,East Ohio Street,330-360,498.8,-919.2,130.5,543.6,2905,0,1,1,1.0,0,,,,,https://www.openstreetmap.org/way/178936173
770,w173328304,Time-Life Building,North Fairbanks Court,541,396.5,-825.4,129.0,448.1,2985,0,1,1,1.0,0,,,,,https://www.openstreetmap.org/way/173328304
3626,w1267670620,Erie Ontario Parking D,East Ontario Street,328,412.6,-1003.5,43.5,631.2,2990,0,0,1,1.0,0,,,,,https://www.openstreetmap.org/way/1267670620
702,w158621284,Wieboldt Hall,East Superior Street,440,460.0,-1273.1,46.5,902.7,3005,0,0,1,1.0,0,,,,,https://www.openstreetmap.org/way/158621284
3542,w1081288680,,,,435.6,-1235.2,34.5,878.7,3010,0,0,1,1.0,0,,,,,https://www.openstreetmap.org/way/1081288680
777,w173328329,,East Ohio Street,300,376.7,-888.8,85.5,533.3,3015,0,1,1,1.0,0,,,,,https://www.openstreetmap.org/way/173328329
1532,w210678668,,East Ontario Street,311,378.2,-923.4,83.0,550.4,3020,0,1,1,1.0,0,,,,,https://www.openstreetmap.org/way/210678668
225,w144019698,840 North Lake Shore Drive,North Lake Shore Drive,840,513.1,-1457.0,100.0,1109.9,3020,0,1,1,1.0,0,,,,,https://www.openstreetmap.org/way/144019698
781,w173328345,Erie Ontario Parking C,East Erie Street,321,362.2,-997.4,44.5,620.0,3035,0,0,1,1.0,0,,,,,https://www.openstreetmap.org/way/173328345
3219,w351485290,Simpson Querrey Biomedical Research Center,East Huron Street,302,447.9,-1197.0,110.5,801.2,3040,0,1,1,1.0,0,,,,,https://www.openstreetmap.org/way/351485290
699,w158621277,Searle Medical Research Building,East Superior Street,320,420.3,-1254.5,73.0,891.9,3045,0,0,1,1.0,0,,,,,https://www.openstreetmap.org/way/158621277
224,w144019697,The Belvedere,East Pearson Street,270,460.0,-1465.7,90.0,1099.8,3045,0,1,1,1.0,0,,,,,https://www.openstreetmap.org/way/144019697
242,w144151971,Lake Shore Center,North Lake Shore Drive,850,484.0,-1485.9,76.5,1129.8,3050,0,0,1,1.0,0,,,,,https://www.openstreetmap.org/way/144151971
191,w143771555,860 Lake Shore Drive,North Lake Shore Drive,860,463.1,-1544.2,90.0,1189.2,3050,0,1,1,1.0,0,,,,,https://www.openstreetmap.org/way/143771555
2916,w210680705,,North Fairbanks Court,600,319.0,-886.3,139.0,515.2,3055,0,1,1,1.0,0,,,,,https://www.openstreetmap.org/way/210680705
568,w151989548,Lurie Medical Research Building,East Superior Street,303,361.4,-1186.7,81.0,793.2,3055,0,1,1,1.0,0,,,,,https://www.openstreetmap.org/way/151989548
686,w158621257,Montgomery Ward Memorial Building,East Chicago Avenue,300-320,395.7,-1297.4,107.5,901.5,3055,0,1,1,0.9974,0,,,,,https://www.openstreetmap.org/way/158621257
192,w143771556,880 Lake Shore Drive,North Lake Shore Drive,880,449.6,-1583.7,87.5,1219.9,3055,0,1,1,1.0,0,,,,,https://www.openstreetmap.org/way/143771556
2747,w210680501,Schatz Building,East Ontario Street,247-291,310.1,-924.7,134.5,540.5,3060,0,1,1,1.0,0,,,,,https://www.openstreetmap.org/way/210680501
687,w158621258,Tarry Medical Research and Education Building,East Superior Street,300,359.2,-1260.9,78.5,884.7,3060,0,0,1,1.0,0,,,,,https://www.openstreetmap.org/way/158621258
1537,w210678674,The Pearson,East Pearson Street,250,412.8,-1456.9,122.5,1087.9,3060,0,1,1,1.0,0,,,,,https://www.openstreetmap.org/way/210678674
453,w148554641,,East Chestnut Street,275,413.1,-1490.8,27.5,1117.7,3065,0,0,1,1.0,0,,,,,https://www.openstreetmap.org/way/148554641
625,w153734166,,,,414.8,-1582.0,20.5,1208.2,3065,0,0,1,1.0,0,,,,,https://www.openstreetmap.org/way/153734166
456,w148554644,,East Delaware Place,257,392.7,-1585.8,38.0,1214.5,3065,0,0,1,1.0,0,,,,,https://www.openstreetmap.org/way/148554644
221,w144018872,Worcester House,East Pearson Street,244,374.0,-1459.6,61.5,1082.4,3070,0,0,1,0.9914,0,,,,,https://www.openstreetmap.org/way/144018872
220,w144018868,,East Chestnut Street,247,367.9,-1491.9,76.0,1120.3,3070,0,0,1,1.0,0,,,,,https://www.openstreetmap.org/way/144018868
195,w143828634,The Plaza on DeWitt,East Chestnut Street,260,392.9,-1544.2,128.5,1172.8,3070,0,1,1,1.0,0,,,,,https://www.openstreetmap.org/way/143828634
623,w153734163,,North Lake Shore Drive,910,401.2,-1668.7,4.0,1291.0,3070,0,0,1,1.0,0,,,,,https://www.openstreetmap.org/way/153734163
1545,w210679080,,East Ohio Street,232,270.1,-890.2,24.5,509.2,3075,0,0,1,1.0,0,,,,,https://www.openstreetmap.org/way/210679080
2104,w210679751,Aloft Chicago - Magnificent Mile,East Ontario Street,237,270.9,-926.2,14.0,538.7,3075,0,0,1,1.0,0,,,,,https://www.openstreetmap.org/way/210679751
788,w173376555,Lavin Family Pavilion,East Erie Street,255,296.2,-1001.8,117.5,600.6,3075,0,1,1,1.0,0,,,,,https://www.openstreetmap.org/way/173376555
223,w144018879,253 East Delaware,East Delaware Place,253,370.0,-1581.9,71.5,1203.7,3075,0,0,1,1.0,0,,,,,https://www.openstreetmap.org/way/144018879
190,w143771535,Esplanade Apartments I,North Lake Shore Drive,900,401.4,-1633.9,87.5,1262.4,3075,0,1,1,1.0,0,,,,,https://www.openstreetmap.org/way/143771535
2910,w210680698,Ivy Hotel,East Ontario Street,233,249.1,-925.6,64.0,535.9,3080,0,0,1,1.0,0,,,,,https://www.openstreetmap.org/way/210680698
2909,w210680697,,East Ontario Street,230,256.0,-980.9,86.0,597.7,3080,0,1,1,0.9891,0,,,,,https://www.openstreetmap.org/way/210680697
193,w143771563,Esplanade Apartments II,North Lake Shore Drive,910,369.7,-1673.7,87.5,1294.3,3080,0,1,1,1.0,0,,,,,https://www.openstreetmap.org/way/143771563
213,w144016877,999 North Lake Shore Drive,North Lake Shore Drive,999,357.9,-1760.8,45.0,1380.1,3080,0,0,1,1.0,0,,,,,https://www.openstreetmap.org/way/144016877
2767,w210680525,The Grand Ohio Condominiums,East Ohio Street,207-215,223.1,-826.3,83.5,414.7,3085,0,1,1,1.0,0,,,,,https://www.openstreetmap.org/way/210680525
458,w148554646,DeWitt Place,North Dewitt Place,900,328.4,-1636.5,37.5,1255.1,3085,0,0,1,1.0,0,,,,,https://www.openstreetmap.org/way/148554646
228,w144020984,990 North Lake Shore Drive,North Lake Shore Drive,990,374.4,-1722.1,102.0,1349.8,3085,0,1,1,1.0,0,,,,,https://www.openstreetmap.org/way/144020984
9,w47055760,Feinberg Pavilion,East Huron Street,251,282.7,-1097.6,108.0,684.0,3090,0,1,1,1.0,0,,,,,https://www.openstreetmap.org/way/47055760
13,w47055765,Olson Pavilion,East Superior Street,233,275.4,-1182.3,48.5,775.6,3090,0,0,1,1.0,0,,,,,https://www.openstreetmap.org/way/47055765
217,w144018860,Pearson on the Park,East Pearson Street,222,314.6,-1460.4,80.5,1070.1,3090,0,1,1,1.0,0,,,,,https://www.openstreetmap.org/way/144018860
227,w144020983,860 North Dewitt,North Dewitt Place,860,321.2,-1549.0,66.0,1164.5,3090,0,0,1,1.0,0,,,,,https://www.openstreetmap.org/way/144020983
214,w144018853,,East Delaware Place,231,314.3,-1579.3,46.5,1199.9,3090,0,0,1,1.0,0,,,,,https://www.openstreetmap.org/way/144018853
219,w144018867,233 East Walton,East Walton Place,233,326.6,-1669.8,51.5,1290.3,3090,0,0,1,1.0,0,,,,,https://www.openstreetmap.org/way/144018867
619,w153734159,229 East Lake Shore Drive,East Lake Shore Drive,229,322.9,-1763.5,43.0,1379.0,3090,0,0,1,1.0,0,,,,,https://www.openstreetmap.org/way/153734159
2705,w210680446,Pelouze Building,East Ohio Street,230,226.5,-889.7,38.5,502.4,3095,0,0,1,1.0,0,,,,,https://www.openstreetmap.org/way/210680446
2738,w210680489,,East Ontario Street,221-229,222.8,-932.2,63.0,540.9,3095,0,0,1,1.0,0,,,,,https://www.openstreetmap.org/way/210680489
2077,w210679723,,East Ontario Street,224-228,229.7,-984.2,75.5,596.4,3095,0,0,1,1.0,0,,,,,https://www.openstreetmap.org/way/210679723
3416,w724094916,,East Ontario Street,222,217.4,-983.8,46.5,597.5,3095,0,0,1,1.0,0,,,,,https://www.openstreetmap.org/way/724094916
2758,w210680514,Streeterville Centre,East Erie Street,233,239.2,-1023.4,86.0,634.6,3095,0,1,1,1.0,0,,,,,https://www.openstreetmap.org/way/210680514
11,w47055762,Prentice Women's Hospital,East Superior Street,250,298.2,-1275.9,98.0,863.4,3095,0,1,1,0.9993,0,,,,,https://www.openstreetmap.org/way/47055762
216,w144018859,,North Dewitt Place,850,305.7,-1490.2,67.0,1104.5,3095,0,0,1,1.0,0,,,,,https://www.openstreetmap.org/way/144018859
232,w144020999,,East Chestnut Street,222,288.4,-1546.0,71.5,1159.6,3095,0,0,1,1.0,0,,,,,https://www.openstreetmap.org/way/144020999
454,w148554642,,East Delaware Place,230,308.5,-1633.0,31.0,1250.9,3095,0,0,1,1.0,0,,,,,https://www.openstreetmap.org/way/148554642
229,w144020987,227 East Walton,East Walton Place,227,302.0,-1678.4,46.5,1299.2,3095,0,0,1,1.0,0,,,,,https://www.openstreetmap.org/way/144020987
460,w148555047,The Neuville,East Walton Place,232,316.4,-1730.0,41.5,1342.6,3095,0,0,1,1.0,0,,,,,https://www.openstreetmap.org/way/148555047
0,w24800223,Museum of Contemporary Art,East Chicago Avenue,220,249.9,-1382.7,24.5,979.5,3100,0,0,1,1.0,0,,,,,https://www.openstreetmap.org/way/24800223
196,w143828637,,East Pearson Street,210,265.1,-1455.2,57.5,1066.0,3100,0,0,1,1.0,0,,,,,https://www.openstreetmap.org/way/143828637
222,w144018873,Chatelaine Tower Apartments,East Chestnut Street,215,262.6,-1492.1,76.5,1100.5,3100,0,0,1,0.9931,0,,,,,https://www.openstreetmap.org/way/144018873
241,w144151969,,East Delaware Place,211,257.1,-1582.0,57.5,1193.1,3100,0,0,1,1.0,0,,,,,https://www.openstreetmap.org/way/144151969
455,w148554643,,East Delaware Place,233,275.3,-1583.3,51.5,1204.3,3100,0,0,1,1.0,0,,,,,https://www.openstreetmap.org/way/148554643
230,w144020990,,East Walton Place,221,285.3,-1675.0,66.5,1294.7,3100,0,0,1,1.0,0,,,,,https://www.openstreetmap.org/way/144020990
461,w148555048,,East Walton Place,220,281.0,-1724.1,43.0,1336.9,3100,0,0,1,1.0,0,,,,,https://www.openstreetmap.org/way/148555048
2047,w210679687,,West Ohio Street,212,195.2,-889.1,26.5,499.8,3105,0,0,1,1.0,0,,,,,https://www.openstreetmap.org/way/210679687
2056,w210679699,Fairfield Inn & Suites Chicago Downtown/Magnificent Mile,East Ontario Street,216,208.1,-983.7,52.0,590.9,3105,0,0,1,1.0,0,,,,,https://www.openstreetmap.org/way/210679699
618,w153734158,219 East Lake Shore Drive,East Lake Shore Drive,219,290.7,-1761.0,70.0,1370.0,3105,0,0,1,1.0,0,,,,,https://www.openstreetmap.org/way/153734158
2032,w210679670,,East Ohio Street,210,179.2,-888.6,23.0,498.4,3110,0,0,1,1.0,0,,,,,https://www.openstreetmap.org/way/210679670
2046,w210679685,,East Ontario Street,211-219,196.3,-933.3,69.0,529.1,3110,0,0,1,1.0,0,,,,,https://www.openstreetmap.org/way/210679685
197,w143828642,,East Pearson Street,200,232.8,-1450.5,38.0,1062.8,3110,0,0,1,1.0,0,,,,,https://www.openstreetmap.org/way/143828642
194,w143828626,,East Chestnut Street,201,235.6,-1486.9,75.0,1097.3,3110,0,0,1,1.0,0,,,,,https://www.openstreetmap.org/way/143828626
226,w144020982,The Seneca,East Chestnut Street,200,243.1,-1546.6,58.5,1153.1,3110,0,0,1,1.0,0,,,,,https://www.openstreetmap.org/way/144020982
240,w144151965,Raffaello Hotel,East Delaware Place,201,231.4,-1580.9,62.0,1189.8,3110,0,0,1,1.0,0,,,,,https://www.openstreetmap.org/way/144151965
243,w144151972,200 East Delaware,East Delaware Place,200,266.7,-1638.3,107.0,1245.7,3110,0,1,1,1.0,0,,,,,https://www.openstreetmap.org/way/144151972
244,w144151976,Sonesta ES Chicago Downtown Magnificent Mile,East Walton Place,201,259.3,-1673.1,66.5,1276.5,3110,0,0,1,1.0,0,,,,,https://www.openstreetmap.org/way/144151976
620,w153734160,209 East Lake Shore Drive,East Lake Shore Drive,209,244.5,-1760.7,73.5,1365.2,3110,0,0,1,0.9971,0,,,,,https://www.openstreetmap.org/way/153734160
2385,w210680057,,North Saint Clair Street,533,192.1,-803.4,16.0,407.0,3115,0,0,1,1.0,0,,,,,https://www.openstreetmap.org/way/210680057
617,w153734156,199 East Lake Shore Drive,East Lake Shore Drive,199,210.9,-1763.5,62.5,1372.6,3115,0,0,1,1.0,0,,,,,https://www.openstreetmap.org/way/153734156
3111,w220408416,Oak Street Beach Café,,,200.6,-1899.3,2.0,1508.1,3115,0,0,1,1.0,0,,,,,https://www.openstreetmap.org/way/220408416
2021,w210679654,,East Ohio Street,201,158.2,-838.2,19.0,444.0,3120,0,0,1,1.0,0,,,,,https://www.openstreetmap.org/way/210679654
2017,w210679649,,East Ohio Street,200,161.9,-887.9,24.5,496.4,3120,0,0,1,1.0,0,,,,,https://www.openstreetmap.org/way/210679649
2020,w210679653,Arts Club of Chicago,East Ontario Street,201,167.2,-923.9,13.5,527.4,3120,0,0,1,1.0,0,,,,,https://www.openstreetmap.org/way/210679653
2788,w210680554,Hyatt Centric Chicago Magnificent Mile,East Erie Street,215,182.9,-992.6,118.5,586.6,3120,0,1,1,1.0,0,,,,,https://www.openstreetmap.org/way/210680554
10,w47055761,Galter Pavilion,East Huron Street,201,176.9,-1091.3,120.0,675.8,3120,0,1,1,1.0,0,,,,,https://www.openstreetmap.org/way/47055761
3917,w232935981,John Hancock Parking,,,179.3,-1541.6,23.5,1149.8,3120,0,0,1,1.0,0,,,,,https://www.openstreetmap.org/way/232935981
215,w144018856,Hilton Chicago/Magnificent Mile Suites,East Delaware Place,198,190.6,-1649.9,94.5,1241.7,3120,0,1,1,1.0,0,,,,,https://www.openstreetmap.org/way/144018856
3831,w148555049,,East Walton Place,200-210,223.6,-1722.4,28.0,1330.6,3120,0,0,1,1.0,0,,,,,https://www.openstreetmap.org/way/148555049
3663,w1284242985,,,,209.8,-1738.4,26.5,1348.9,3120,0,0,1,1.0,0,,,,,https://www.openstreetmap.org/way/1284242985
14,w47055766,Huron-Superior Self Park,East Huron Street,222,185.3,-1170.0,43.5,764.8,3125,0,0,1,1.0,0,,,,,https://www.openstreetmap.org/way/47055766
12,w47055764,Ann & Robert H. Lurie Children's Hospital,East Chicago Avenue,225,210.7,-1267.8,138.0,854.4,3125,0,1,1,0.998,0,,,,,https://www.openstreetmap.org/way/47055764
185,w143756598,The Casino Club,East Delaware Place,195,180.4,-1586.2,16.5,1183.4,3125,0,0,1,1.0,0,,,,,https://www.openstreetmap.org/way/143756598
452,w148554640,,East Delaware Place,190-194,170.0,-1628.4,81.5,1240.8,3125,0,1,1,1.0,0,,,,,https://www.openstreetmap.org/way/148554640
459,w148555046,The Regent,East Walton Place,190,178.5,-1721.6,37.5,1328.3,3135,0,0,1,1.0,0,,,,,https://www.openstreetmap.org/way/148555046
212,w144016876,The Mayfair Condominiums,East Lake Shore Drive,181,179.6,-1753.4,69.0,1355.3,3135,0,0,1,0.9864,0,,,,,https://www.openstreetmap.org/way/144016876
188,w143762100,Chicago Fire Department Engine Company 98,East Chicago Avenue,202,143.9,-1367.7,18.0,973.2,3140,0,0,1,1.0,0,,,,,https://www.openstreetmap.org/way/143762100
1995,w210679626,,East Grand Avenue,164,123.5,-801.3,25.5,405.6,3145,0,0,1,1.0,0,,,,,https://www.openstreetmap.org/way/210679626
3241,w401244511,Consulate General of Greece,North Saint Clair Street,650,121.3,-1017.3,15.0,620.4,3150,0,0,1,1.0,0,,,,,https://www.openstreetmap.org/way/401244511
3116,w227605119,The St. Clair Hotel,East Ontario Street,162,117.9,-977.1,54.0,584.2,3155,0,0,1,1.0,0,,,,,https://www.openstreetmap.org/way/227605119
735,w159798680,Hotel Audrey,East Superior Street,166,135.6,-1253.9,92.0,852.5,3155,0,1,1,1.0,0,,,,,https://www.openstreetmap.org/way/159798680
709,w159142387,ADA Building,East Chicago Avenue,211,151.0,-1305.0,220.5,895.9,3155,0,1,1,0.9669,0,,,,,https://www.openstreetmap.org/way/159142387
3664,w1284267217,,,,126.7,-1404.8,9.0,1021.8,3155,0,0,1,1.0,0,,,,,https://www.openstreetmap.org/way/1284267217
1989,w210679620,,East Grand Avenue,160,105.1,-808.6,99.0,404.7,3165,0,1,1,1.0,0,,,,,https://www.openstreetmap.org/way/210679620
1997,w210679628,,East Ohio Street,167,114.5,-837.1,96.0,441.2,3165,0,1,1,1.0,0,,,,,https://www.openstreetmap.org/way/210679628
1550,w210679086,"Inn of Chicago Magnificent Mile, an Ascend Collection hotel",East Ohio Street,162,114.5,-887.4,88.0,494.1,3165,0,1,1,1.0,0,,,,,https://www.openstreetmap.org/way/210679086
2745,w210680498,,East Erie Street,161,108.7,-1011.5,15.0,619.6,3165,0,0,1,1.0,0,,,,,https://www.openstreetmap.org/way/210680498
3807,w144016878,Drake Tower,East Lake Shore Drive,179,141.1,-1758.2,119.0,1326.6,3165,0,1,1,0.9983,0,,,,,https://www.openstreetmap.org/way/144016878
1980,w210679609,,East Ohio Street,155-157,96.0,-836.9,19.5,440.8,3170,0,0,1,1.0,0,,,,,https://www.openstreetmap.org/way/210679609
741,w159959826,Gino's East,East Superior Street,162,111.6,-1247.6,30.5,851.4,3175,0,0,1,1.0,0,,,,,https://www.openstreetmap.org/way/159959826
1568,w210679112,Courtyard Chicago Downtown/Magnificent Mile,East Ontario Street,165,107.7,-926.0,81.0,529.2,3180,0,1,1,1.0,0,,,,,https://www.openstreetmap.org/way/210679112
218,w144018863,Millennium Knickerbocker Hotel Chicago,East Walton Place,163,132.5,-1671.5,69.0,1270.6,3180,0,0,1,1.0,0,,,,,https://www.openstreetmap.org/way/144018863
3240,w401244510,Hotel Riu Plaza Chicago,East Ontario Street,150,90.7,-976.5,74.0,582.5,3185,0,0,1,1.0,0,,,,,https://www.openstreetmap.org/way/401244510
3460,w753825657,,East Pearson Street,,112.8,-1401.8,11.0,995.0,3185,0,0,1,1.0,0,,,,,https://www.openstreetmap.org/way/753825657
2766,w210680524,Aritzia,North Michigan Avenue,555,67.6,-835.1,20.5,439.6,3190,0,0,1,1.0,0,,,,,https://www.openstreetmap.org/way/210680524
1967,w210679596,,West Ohio Street,148-154,83.8,-889.8,23.5,493.0,3190,0,0,1,1.0,0,,,,,https://www.openstreetmap.org/way/210679596
734,w159798679,Arkes Family Pavilion,North Saint Clair Street,676,100.8,-1088.5,107.5,672.1,3190,0,1,1,1.0,0,,,,,https://www.openstreetmap.org/way/159798679
746,w159959833,,East Huron Street,150,100.8,-1159.5,121.5,760.9,3195,0,1,1,1.0,0,,,,,https://www.openstreetmap.org/way/159959833
743,w159959830,,East Superior Street,155,99.8,-1196.4,29.5,801.4,3200,0,0,1,1.0,0,,,,,https://www.openstreetmap.org/way/159959830
3459,w753825656,"Water Works, Chicago Public Library",East Pearson Street,163,74.6,-1405.2,16.5,1007.7,3205,0,0,1,1.0,0,,,,,https://www.openstreetmap.org/way/753825656
1965,w210679594,,East Ontario Street,142-148,63.6,-975.8,75.5,580.6,3220,0,0,1,1.0,0,,,,,https://www.openstreetmap.org/way/210679594
3665,w1284267230,Lookingglass Theatre Company,,,70.4,-1365.3,40.0,968.0,3220,0,0,1,1.0,0,,,,,https://www.openstreetmap.org/way/1284267230
3762,w31064573,875 N Michigan,North Michigan Avenue,875,111.9,-1560.6,456.5,1151.3,3220,0,1,1,1.0,0,,,,,https://www.openstreetmap.org/way/31064573
1562,w210679104,,North Michigan Avenue,539-541,64.5,-814.1,24.0,422.5,3225,0,0,1,1.0,0,,,,,https://www.openstreetmap.org/way/210679104
2775,w210680536,Jacques Building,North Michigan Avenue,543-545,50.2,-828.9,24.5,441.0,3225,0,0,1,1.0,0,,,,,https://www.openstreetmap.org/way/210680536
2465,w210680146,,North Michigan Avenue,605,55.0,-889.2,19.5,491.0,3225,0,0,1,1.0,0,,,,,https://www.openstreetmap.org/way/210680146
2917,w210680706,,North Michigan Avenue,625,70.4,-924.1,100.5,526.7,3225,0,1,1,1.0,0,,,,,https://www.openstreetmap.org/way/210680706
744,w159959831,777 North Michigan,North Michigan Avenue,777,52.1,-1287.6,124.5,882.6,3225,0,1,1,1.0,0,,,,,https://www.openstreetmap.org/way/159959831
2476,w210680158,Burberry,North Michigan Avenue,633,42.4,-978.1,28.5,580.0,3230,0,0,1,1.0,0,,,,,https://www.openstreetmap.org/way/210680158
2746,w210680499,,East Erie Street,153,73.7,-1013.8,56.5,616.8,3230,0,0,1,1.0,0,,,,,https://www.openstreetmap.org/way/210680499
1536,w210678673,,North Michigan Avenue,663,55.7,-1058.5,42.0,669.0,3230,0,0,1,1.0,0,,,,,https://www.openstreetmap.org/way/210678673
1531,w210678667,,North Michigan Avenue,669,59.4,-1077.3,41.5,681.1,3230,0,0,1,1.0,0,,,,,https://www.openstreetmap.org/way/210678667
1534,w210678670,,North Michigan Avenue,675,54.5,-1093.9,18.5,702.0,3230,0,0,1,1.0,0,,,,,https://www.openstreetmap.org/way/210678670
745,w159959832,,North Michigan Avenue,679,54.5,-1110.8,20.0,718.7,3230,0,0,1,1.0,0,,,,,https://www.openstreetmap.org/way/159959832
742,w159959828,Warwick Allerton Hotel Chicago,North Michigan Avenue,701,52.9,-1158.3,103.0,757.9,3230,0,1,1,0.9945,0,,,,,https://www.openstreetmap.org/way/159959828
740,w159959825,,North Michigan Avenue,717,54.0,-1191.8,27.5,791.5,3230,0,0,1,1.0,0,,,,,https://www.openstreetmap.org/way/159959825
3868,w159959827,Olympia Centre,East Chicago Avenue,161,75.7,-1274.3,225.5,847.9,3230,0,1,1,1.0,0,,,,,https://www.openstreetmap.org/way/159959827
462,w148560424,Chicago Avenue Pumping Station,North Michigan Avenue,811,38.3,-1378.4,19.0,970.0,3230,0,0,1,1.0,0,,,,,https://www.openstreetmap.org/way/148560424
3772,w64627674,Water Tower Place,North Michigan Avenue,835,105.7,-1475.3,262.0,1053.1,3230,0,1,1,1.0,0,,,,,https://www.openstreetmap.org/way/64627674
457,w148554645,The Westin Michigan Avenue Chicago,North Michigan Avenue,909,97.8,-1637.2,89.5,1234.4,3230,0,1,1,1.0,0,,,,,https://www.openstreetmap.org/way/148554645
186,w143756601,Palmolive Building,North Michigan Avenue,919,73.7,-1666.6,168.0,1267.0,3230,0,1,1,1.0,0,,,,,https://www.openstreetmap.org/way/143756601
3803,w143773461,The Drake Hotel,East Walton Place,140,81.3,-1738.9,53.0,1322.2,3230,0,0,1,1.0,0,,,,,https://www.openstreetmap.org/way/143773461
634,w154079698,,West Grand Avenue,15-17,-371.9,-741.6,15.0,441.4,3355,0,0,1,1.0,0,,,,,https://www.openstreetmap.org/way/154079698
800,w199519257,The Farallon,North Dearborn Street,600,-478.2,-877.9,68.0,616.3,3355,0,0,1,1.0,0,,,,,https://www.openstreetmap.org/way/199519257
590,w153291635,AT&T,North Dearborn Street,509,-395.1,-700.7,44.5,422.5,3360,0,0,1,1.0,0,,,,,https://www.openstreetmap.org/way/153291635
578,w153291620,Concord Medical Center,West Grand Avenue,33,-411.2,-736.7,26.5,470.4,3360,0,0,1,1.0,0,,,,,https://www.openstreetmap.org/way/153291620
685,w158621256,Former Hard Rock Cafe,West Ontario Street,63,-512.5,-912.3,9.0,663.4,3360,0,0,1,1.0,0,,,,,https://www.openstreetmap.org/way/158621256
586,w153291630,,West Grand Avenue,57,-495.5,-734.4,36.0,484.9,3815,0,0,1,1.0,0,,,,,https://www.openstreetmap.org/way/153291630
809,w205124173,Fort Dearborn Post Office,North Dearborn Street,540,-494.0,-805.6,14.5,540.9,3850,0,0,1,1.0,0,,,,,https://www.openstreetmap.org/way/205124173
694,w158621268,Former Rainforest Cafe,North Clark Street,605,-526.7,-876.4,12.5,629.1,3850,0,0,1,1.0,0,,,,,https://www.openstreetmap.org/way/158621268
133,w124873920,Burnham Center,West Washington Street,111,-584.0,213.9,96.5,421.3,3860,0,1,1,1.0,0,,,,,https://www.openstreetmap.org/way/124873920
1588,w210679155,Blue Chicago,North Clark Street,536,-582.4,-796.1,17.5,558.8,3875,0,0,1,1.0,0,,,,,https://www.openstreetmap.org/way/210679155
2485,w210680174,,North Clark Street,646,-586.8,-1007.3,20.0,766.9,3880,0,0,1,1.0,0,,,,,https://www.openstreetmap.org/way/210680174
2783,w210680547,Hotel Felix,West Huron Street,111,-595.4,-1091.1,47.5,849.7,3880,0,0,1,1.0,0,,,,,https://www.openstreetmap.org/way/210680547
589,w153291634,,North Clark Street,500,-581.1,-689.3,20.0,447.5,3900,0,0,1,1.0,0,,,,,https://www.openstreetmap.org/way/153291634
648,w154412224,,North Clark Street,506,-581.3,-705.1,20.0,463.1,3900,0,0,1,1.0,0,,,,,https://www.openstreetmap.org/way/154412224
1662,w210679238,,West Grand Avenue,108,-598.1,-781.7,14.0,536.7,3900,0,0,1,1.0,0,,,,,https://www.openstreetmap.org/way/210679238
2695,w210680434,Fado Irish Pub,West Grand Avenue,100,-585.3,-781.2,16.5,536.7,3900,0,0,1,1.0,0,,,,,https://www.openstreetmap.org/way/210680434
573,w153291614,Maggiano's Little Italy,North Clark Street,516,-585.0,-733.6,30.5,483.6,3905,0,0,1,1.0,0,,,,,https://www.openstreetmap.org/way/153291614
3110,w220089987,McDonald's,North Clark Street,600,-593.6,-896.8,19.0,637.0,3910,0,0,1,1.0,0,,,,,https://www.openstreetmap.org/way/220089987
2733,w210680483,,North Clark Street,642-644,-597.0,-995.2,19.0,754.5,3915,0,0,1,1.0,0,,,,,https://www.openstreetmap.org/way/210680483
2760,w210680516,Superior West,West Superior Street,101,-588.5,-1182.7,48.0,934.1,3915,0,0,1,1.0,0,,,,,https://www.openstreetmap.org/way/210680516
583,w153291625,Maggiano's Banquets,West Grand Avenue,111,-610.5,-732.8,13.5,483.3,3925,0,0,1,1.0,0,,,,,https://www.openstreetmap.org/way/153291625
2744,w210680496,River North Dental Center,West Grand Avenue,116,-621.3,-780.8,12.0,536.2,3930,0,0,1,1.0,0,,,,,https://www.openstreetmap.org/way/210680496
3933,w545489699,,,,-628.0,-1234.5,95.0,984.0,3940,0,1,1,1.0,0,,,,,https://www.openstreetmap.org/way/545489699
576,w153291618,,North LaSalle Drive,505,-651.8,-696.0,23.0,446.3,3965,0,0,1,1.0,0,,,,,https://www.openstreetmap.org/way/153291618
1551,w210679087,Best Western River North,West Ohio Street,125,-632.3,-822.0,27.5,571.4,3965,0,0,1,1.0,0,,,,,https://www.openstreetmap.org/way/210679087
1766,w210679385,,West Superior Street,122,-651.2,-1217.9,17.0,981.0,3965,0,0,1,1.0,0,,,,,https://www.openstreetmap.org/way/210679385
2754,w210680509,Catholic Charities of the Archdiocese of Chicago,North LaSalle Drive,721,-646.3,-1161.8,33.0,892.6,3975,0,0,1,1.0,0,,,,,https://www.openstreetmap.org/way/210680509
2543,w210680239,,North LaSalle Drive,733,-658.7,-1227.0,19.0,989.5,3975,0,0,1,1.0,0,,,,,https://www.openstreetmap.org/way/210680239
2545,w210680241,,North LaSalle Drive,735,-661.5,-1235.0,17.5,997.0,3975,0,0,1,1.0,0,,,,,https://www.openstreetmap.org/way/210680241
2624,w210680351,,North LaSalle Drive,851,-662.7,-1483.0,18.0,1241.2,3980,0,0,1,1.0,0,,,,,https://www.openstreetmap.org/way/210680351
2627,w210680354,,North LaSalle Drive,855,-664.0,-1495.3,18.0,1256.5,3980,0,0,1,1.0,0,,,,,https://www.openstreetmap.org/way/210680354
2630,w210680357,,North LaSalle Drive,857,-665.9,-1502.5,16.5,1264.8,3980,0,0,1,1.0,0,,,,,https://www.openstreetmap.org/way/210680357
3628,w1267859902,Schneider Deli,North LaSalle Drive,600,-706.3,-861.5,8.0,624.7,4020,0,0,1,1.0,0,,,,,https://www.openstreetmap.org/way/1267859902
2566,w210680283,,North LaSalle Drive,746,-714.1,-1266.7,20.5,1029.1,4020,0,0,1,1.0,0,,,,,https://www.openstreetmap.org/way/210680283
1556,w210679095,,North LaSalle Drive,700,-712.7,-1140.8,20.0,891.0,4025,0,0,1,1.0,0,,,,,https://www.openstreetmap.org/way/210679095
2702,w210680443,,North LaSalle Drive,500,-709.6,-694.6,18.5,445.8,4030,0,0,1,1.0,0,,,,,https://www.openstreetmap.org/way/210680443
1559,w210679099,,West Chicago Avenue,149,-725.5,-1286.4,22.0,1044.4,4030,0,0,1,1.0,0,,,,,https://www.openstreetmap.org/way/210679099
2791,w210680559,,,,-722.8,-1528.4,5.5,1273.8,4030,0,0,1,1.0,0,,,,,https://www.openstreetmap.org/way/210680559
3237,w401080812,The Ardus,North LaSalle Drive,676,-715.5,-1087.8,25.5,838.3,4035,0,0,1,1.0,0,,,,,https://www.openstreetmap.org/way/401080812
1966,w210679595,,West Huron Street,148-150,-725.0,-1139.4,26.0,890.8,4035,0,0,1,1.0,0,,,,,https://www.openstreetmap.org/way/210679595
2560,w210680276,,North LaSalle Drive,742,-718.2,-1256.8,28.5,1017.1,4035,0,0,1,1.0,0,,,,,https://www.openstreetmap.org/way/210680276
2719,w210680461,Smith Hall,North LaSalle Drive,830,-733.6,-1432.5,33.0,1185.0,4040,0,0,1,1.0,0,,,,,https://www.openstreetmap.org/way/210680461
2771,w210680530,The Park LaSalle,North LaSalle Drive,1000-1030,-729.3,-1813.1,32.5,1543.1,4040,0,0,1,1.0,0,,,,,https://www.openstreetmap.org/way/210680530
2772,w210680532,The Superior at LaSalle,West Superior Street,150,-722.3,-1229.8,57.5,980.9,4045,0,0,1,1.0,0,,,,,https://www.openstreetmap.org/way/210680532
1567,w210679111,Cooper's,West Huron Street,152-154,-737.0,-1141.9,35.5,890.5,4050,0,0,1,1.0,0,,,,,https://www.openstreetmap.org/way/210679111
1974,w210679603,,West Illinois Street,152,-731.5,-700.8,16.0,460.7,4055,0,0,1,1.0,0,,,,,https://www.openstreetmap.org/way/210679603
2726,w210680469,Mystique Night Club,West Ontario Street,157,-749.0,-905.6,10.5,659.2,4055,0,0,1,1.0,0,,,,,https://www.openstreetmap.org/way/210680469
1977,w210679606,,West Erie Street,154,-743.6,-1049.9,23.0,801.7,4055,0,0,1,1.0,0,,,,,https://www.openstreetmap.org/way/210679606
3290,w473505998,Ohio House Motel,North La Salle Drive,600,-726.8,-882.2,18.5,641.2,4060,0,0,1,1.0,0,,,,,https://www.openstreetmap.org/way/473505998
1543,w210679077,Ann Sacks,North Wells Street,501-507,-771.6,-682.6,19.0,443.6,4065,0,0,1,1.0,0,,,,,https://www.openstreetmap.org/way/210679077
1984,w210679613,,West Superior Street,156,-752.9,-1222.7,37.0,980.3,4065,0,0,1,1.0,0,,,,,https://www.openstreetmap.org/way/210679613
2799,w210680568,,,,-762.4,-884.8,5.0,647.9,4070,0,0,1,1.0,0,,,,,https://www.openstreetmap.org/way/210680568
3106,w216923154,,North LaSalle Drive,640,-733.4,-980.2,110.5,714.8,4070,0,1,1,1.0,0,,,,,https://www.openstreetmap.org/way/216923154
1993,w210679624,,West Superior Street,162,-771.5,-1220.7,24.5,979.4,4070,0,0,1,1.0,0,,,,,https://www.openstreetmap.org/way/210679624
2717,w210680459,Torrey-Gray Auditorium,North LaSalle Drive,840,-735.7,-1471.8,25.0,1218.9,4070,0,0,1,1.0,0,,,,,https://www.openstreetmap.org/way/210680459
1994,w210679625,,West Ohio Street,163-165,-765.3,-825.4,23.0,579.5,4075,0,0,1,1.0,0,,,,,https://www.openstreetmap.org/way/210679625
3170,w274463316,Doane Memorial Music Hall,North Wells Street,845,-776.0,-1465.8,22.5,1218.6,4085,0,0,1,1.0,0,,,,,https://www.openstreetmap.org/way/274463316
1544,w210679078,Anti-Cruelty Society Parking,West Grand Avenue,169,-764.3,-723.2,22.5,478.4,4095,0,0,1,1.0,0,,,,,https://www.openstreetmap.org/way/210679078
2384,w210680056,,North Wells Street,531,-782.6,-777.4,19.5,534.3,4095,0,0,1,1.0,0,,,,,https://www.openstreetmap.org/way/210680056
1569,w210679113,Crafton On Wells,North Wells Street,535,-773.2,-789.0,17.5,549.1,4095,0,0,1,1.0,0,,,,,https://www.openstreetmap.org/way/210679113
1584,w210679150,Gilda's Club,North Wells Street,537,-778.7,-797.9,17.5,558.4,4095,0,0,1,1.0,0,,,,,https://www.openstreetmap.org/way/210679150
2727,w210680470,,North Wells Street,601,-779.1,-861.0,13.5,623.5,4095,0,0,1,1.0,0,,,,,https://www.openstreetmap.org/way/210680470
3236,w401080811,Marlowe,North Wells Street,675,-779.1,-1068.9,21.5,801.6,4100,0,0,1,1.0,0,,,,,https://www.openstreetmap.org/way/401080811
2748,w210680502,,North Wells Street,701,-786.6,-1126.9,35.0,890.4,4100,0,0,1,1.0,0,,,,,https://www.openstreetmap.org/way/210680502
1998,w210679629,,West Elm Street,167,-791.8,-1995.5,8.0,1754.5,4100,0,0,1,1.0,0,,,,,https://www.openstreetmap.org/way/210679629
2708,w210680449,The Leo,North Wells Street,741,-779.3,-1265.1,15.0,1001.8,4105,0,0,1,1.0,0,,,,,https://www.openstreetmap.org/way/210680449
3616,w1191727440,,North Wells Street,755,-783.3,-1291.5,14.5,1050.3,4105,0,0,1,1.0,0,,,,,https://www.openstreetmap.org/way/1191727440
2787,w210680552,Culbertson Hall,West Chicago Avenue,160,-774.9,-1346.9,68.0,1094.7,4105,0,0,1,1.0,0,,,,,https://www.openstreetmap.org/way/210680552
3413,w718976942,,North Wells Street,855,-794.9,-1526.2,18.5,1263.6,4110,0,0,1,1.0,0,,,,,https://www.openstreetmap.org/way/718976942
1973,w210679602,,West Maple Street,150,-785.4,-1910.9,63.0,1655.2,4120,0,0,1,1.0,0,,,,,https://www.openstreetmap.org/way/210679602
2521,w210680212,,North Wells Street,702,-832.1,-1131.3,10.0,895.1,4125,0,0,1,1.0,0,,,,,https://www.openstreetmap.org/way/210680212
1690,w210679276,,North Wells Street,1129-1155,-806.1,-2067.8,17.5,1789.7,4125,0,0,1,1.0,0,,,,,https://www.openstreetmap.org/way/210679276
2519,w210680210,,North Wells Street,700,-828.2,-1125.9,9.0,889.1,4130,0,0,1,1.0,0,,,,,https://www.openstreetmap.org/way/210680210
2693,w210680432,Hudson Club,North Wells Street,504,-828.7,-706.6,15.5,459.9,4135,0,0,1,1.0,0,,,,,https://www.openstreetmap.org/way/210680432
1566,w210679110,Contemporaine,North Wells Street,516,-829.2,-731.7,52.0,485.6,4135,0,0,1,1.0,0,,,,,https://www.openstreetmap.org/way/210679110
2768,w210680526,The Grand on Grand,West Grand Avenue,200,-828.2,-786.1,94.5,533.1,4135,0,1,1,1.0,0,,,,,https://www.openstreetmap.org/way/210680526
2750,w210680505,Sotheby's,West Ohio Street,215,-863.5,-816.7,31.0,568.9,4135,0,0,1,1.0,0,,,,,https://www.openstreetmap.org/way/210680505
1563,w210679105,,North Wells Street,600-604,-836.0,-862.9,18.0,621.9,4135,0,0,1,1.0,0,,,,,https://www.openstreetmap.org/way/210679105
2051,w210679692,,West Ohio Street,214,-856.8,-869.9,27.0,621.9,4135,0,0,1,1.0,0,,,,,https://www.openstreetmap.org/way/210679692
2698,w210680439,Kroeschell Inc.,West Ontario Street,215,-861.2,-906.2,29.5,657.7,4135,0,0,1,1.0,0,,,,,https://www.openstreetmap.org/way/210680439
3233,w395358239,,North Wells Street,640,-834.5,-979.1,80.5,712.4,4135,0,1,1,1.0,0,,,,,https://www.openstreetmap.org/way/395358239
2780,w210680544,Valastati,West Erie Street,219,-866.4,-995.4,13.0,747.3,4135,0,0,1,1.0,0,,,,,https://www.openstreetmap.org/way/210680544
2049,w210679689,,West Erie Street,214,-860.9,-1049.3,24.5,800.7,4135,0,0,1,1.0,0,,,,,https://www.openstreetmap.org/way/210679689
2055,w210679698,,West Huron Street,215-233,-890.8,-1083.8,27.0,835.7,4135,0,0,1,1.0,0,,,,,https://www.openstreetmap.org/way/210679698
2050,w210679691,,West Huron Street,214,-866.2,-1137.8,20.5,889.4,4135,0,0,1,1.0,0,,,,,https://www.openstreetmap.org/way/210679691
2054,w210679697,,West Superior Street,215,-868.8,-1175.6,35.5,925.4,4135,0,0,1,1.0,0,,,,,https://www.openstreetmap.org/way/210679697
2532,w210680225,,North Wells Street,710-712,-839.3,-1169.5,17.5,931.4,4135,0,0,1,1.0,0,,,,,https://www.openstreetmap.org/way/210680225
2735,w210680486,Perimeter Gallery,West Superior Street,210-212,-874.6,-1237.5,29.0,979.1,4135,0,0,1,1.0,0,,,,,https://www.openstreetmap.org/way/210680486
2896,w210680678,,,,-870.4,-1276.6,29.0,1024.7,4135,0,0,1,1.0,0,,,,,https://www.openstreetmap.org/way/210680678
1561,w210679101,BP Shop,North Wells Street,750,-841.8,-1276.3,11.5,1034.1,4135,0,0,1,1.0,0,,,,,https://www.openstreetmap.org/way/210679101
2033,w210679671,,West Chicago Avenue,210,-862.4,-1349.0,14.0,1094.3,4135,0,0,1,1.0,0,,,,,https://www.openstreetmap.org/way/210679671
3172,w282750108,,West Institute Place,213-231,-888.1,-1379.8,36.5,1132.0,4135,0,0,1,1.0,0,,,,,https://www.openstreetmap.org/way/282750108
2018,w210679651,,West Institute Place,200,-847.5,-1448.3,30.5,1181.5,4135,0,0,1,1.0,0,,,,,https://www.openstreetmap.org/way/210679651
3306,w513667924,,,,-916.4,-1452.9,61.0,1181.5,4135,0,0,1,1.0,0,,,,,https://www.openstreetmap.org/way/513667924
2063,w210679708,,West Locust Street,220,-891.8,-1605.3,12.0,1355.2,4135,0,0,1,1.0,0,,,,,https://www.openstreetmap.org/way/210679708
2045,w210679684,,West Walton Street,211,-870.7,-1636.9,5.5,1391.4,4135,0,0,1,1.0,0,,,,,https://www.openstreetmap.org/way/210679684
2720,w210680462,Solheim Athletic Center,North Wells Street,930,-892.3,-1710.1,13.5,1450.9,4135,0,0,1,1.0,0,,,,,https://www.openstreetmap.org/way/210680462
3370,w590824742,Old Town Park II,West Hill Street,202,-882.2,-1980.0,69.0,1705.1,4135,0,0,1,1.0,0,,,,,https://www.openstreetmap.org/way/590824742
3929,w405410178,Old Town Park I,North Wells Street,1140,-891.9,-2074.4,69.0,1812.6,4135,0,0,1,1.0,0,,,,,https://www.openstreetmap.org/way/405410178
2057,w210679701,,West Division Street,216-218,-906.2,-2144.8,14.0,1897.8,4135,0,0,1,1.0,0,,,,,https://www.openstreetmap.org/way/210679701
3515,w1007687951,,,,-892.6,-2163.6,10.0,1923.5,4135,0,0,1,1.0,0,,,,,https://www.openstreetmap.org/way/1007687951
3183,w304730358,,West Scott Street,211,-899.2,-2206.5,22.5,1958.9,4135,0,0,1,1.0,0,,,,,https://www.openstreetmap.org/way/304730358
1800,w210679421,Declan's,North Wells Street,1240,-869.0,-2256.8,11.0,2019.1,4135,0,0,1,1.0,0,,,,,https://www.openstreetmap.org/way/210679421
2067,w210679712,,West Scott Street,220 A,-917.8,-2255.8,10.5,2021.4,4135,0,0,1,1.0,0,,,,,https://www.openstreetmap.org/way/210679712
2040,w210679679,,West Scott Street,210 A,-895.4,-2257.9,13.5,2022.1,4135,0,0,1,1.0,0,,,,,https://www.openstreetmap.org/way/210679679
1806,w210679428,,North Wells Street,1242-1244,-867.1,-2268.7,13.0,2026.3,4135,0,0,1,1.0,0,,,,,https://www.openstreetmap.org/way/210679428
2064,w210679709,,West Scott Street,220 B,-918.0,-2261.3,10.5,2026.3,4135,0,0,1,1.0,0,,,,,https://www.openstreetmap.org/way/210679709
2039,w210679678,,West Scott Street,210 B,-895.5,-2264.1,13.0,2028.4,4135,0,0,1,1.0,0,,,,,https://www.openstreetmap.org/way/210679678
2069,w210679714,,West Scott Street,220 C,-918.0,-2266.8,11.5,2031.9,4135,0,0,1,1.0,0,,,,,https://www.openstreetmap.org/way/210679714
2043,w210679682,,West Scott Street,210 C,-895.5,-2270.2,12.0,2034.5,4135,0,0,1,1.0,0,,,,,https://www.openstreetmap.org/way/210679682
2065,w210679710,,West Scott Street,220 D,-918.1,-2272.6,11.0,2037.8,4135,0,0,1,1.0,0,,,,,https://www.openstreetmap.org/way/210679710
2041,w210679680,,West Scott Street,210 D,-895.6,-2276.3,13.0,2040.5,4135,0,0,1,1.0,0,,,,,https://www.openstreetmap.org/way/210679680
2066,w210679711,,West Scott Street,220 E,-918.4,-2277.9,11.5,2043.2,4135,0,0,1,1.0,0,,,,,https://www.openstreetmap.org/way/210679711
2035,w210679674,,West Scott Street,210 E,-895.8,-2282.4,13.0,2046.7,4135,0,0,1,1.0,0,,,,,https://www.openstreetmap.org/way/210679674
2068,w210679713,,West Scott Street,220 F,-918.5,-2283.5,11.0,2048.8,4135,0,0,1,1.0,0,,,,,https://www.openstreetmap.org/way/210679713
2044,w210679683,,West Scott Street,210 F,-895.9,-2289.0,12.0,2052.7,4135,0,0,1,1.0,0,,,,,https://www.openstreetmap.org/way/210679683
2070,w210679715,,West Scott Street,220 G,-918.7,-2289.4,10.5,2054.3,4135,0,0,1,1.0,0,,,,,https://www.openstreetmap.org/way/210679715
2036,w210679675,,West Scott Street,210 G,-896.0,-2295.7,13.0,2059.9,4135,0,0,1,1.0,0,,,,,https://www.openstreetmap.org/way/210679675
2042,w210679681,,West Scott Street,210 H,-896.0,-2301.9,13.5,2066.0,4135,0,0,1,1.0,0,,,,,https://www.openstreetmap.org/way/210679681
2038,w210679677,,West Scott Street,210 I,-896.1,-2307.9,13.0,2072.3,4135,0,0,1,1.0,0,,,,,https://www.openstreetmap.org/way/210679677
2053,w210679695,,West Goethe Street,215,-911.3,-2312.9,13.5,2074.7,4135,0,0,1,1.0,0,,,,,https://www.openstreetmap.org/way/210679695
2037,w210679676,,West Scott Street,210 J,-896.2,-2313.9,13.0,2078.2,4135,0,0,1,1.0,0,,,,,https://www.openstreetmap.org/way/210679676
2034,w210679673,,West Scott Street,210 K,-896.3,-2320.1,12.5,2084.1,4135,0,0,1,1.0,0,,,,,https://www.openstreetmap.org/way/210679673
2024,w210679662,,West Evergreen Avenue,208-230,-914.2,-2459.9,24.0,2214.1,4135,0,0,1,1.0,0,,,,,https://www.openstreetmap.org/way/210679662
3023,w210685712,,West Schiller Street,211-233,-922.9,-2519.0,25.5,2276.7,4135,0,0,1,1.0,0,,,,,https://www.openstreetmap.org/way/210685712
2991,w210684463,,North Wieland Street,1401,-906.3,-2554.7,13.0,2318.5,4135,0,0,1,1.0,0,,,,,https://www.openstreetmap.org/way/210684463
2990,w210684462,,North Wieland Street,1401,-914.7,-2553.6,13.5,2318.6,4135,0,0,1,1.0,0,,,,,https://www.openstreetmap.org/way/210684462
2986,w210684444,,North Wieland Street,1401,-911.6,-2562.3,13.0,2326.7,4135,0,0,1,1.0,0,,,,,https://www.openstreetmap.org/way/210684444
2988,w210684458,,North Wieland Street,1401,-909.1,-2568.4,13.0,2332.9,4135,0,0,1,1.0,0,,,,,https://www.openstreetmap.org/way/210684458
2985,w210684442,,North Wieland Street,1401,-906.7,-2573.3,13.0,2337.8,4135,0,0,1,1.0,0,,,,,https://www.openstreetmap.org/way/210684442
2989,w210684461,,North Wieland Street,1401,-909.1,-2579.6,14.0,2343.8,4135,0,0,1,1.0,0,,,,,https://www.openstreetmap.org/way/210684461
2987,w210684448,,North Wieland Street,1401,-911.6,-2584.1,13.0,2349.3,4135,0,0,1,1.0,0,,,,,https://www.openstreetmap.org/way/210684448
2715,w210680457,Ml & A,West Ohio Street,221,-879.4,-815.3,27.5,569.4,4140,0,0,1,1.0,0,,,,,https://www.openstreetmap.org/way/210680457
2071,w210679716,,West Ontario Street,220-232,-894.4,-957.6,35.0,711.7,4140,0,0,1,1.0,0,,,,,https://www.openstreetmap.org/way/210679716
2072,w210679717,,West Erie Street,221,-881.6,-995.2,19.0,748.0,4140,0,0,1,1.0,0,,,,,https://www.openstreetmap.org/way/210679717
2697,w210680438,Kelly Frune Company,West Erie Street,223,-903.3,-994.9,32.5,748.4,4140,0,0,1,1.0,0,,,,,https://www.openstreetmap.org/way/210680438
2078,w210679724,,West Huron Street,224-230,-909.2,-1137.0,42.5,890.6,4140,0,0,1,1.0,0,,,,,https://www.openstreetmap.org/way/210679724
2894,w210680676,,,,-906.0,-1233.4,24.5,980.3,4140,0,0,1,1.0,0,,,,,https://www.openstreetmap.org/way/210680676
2083,w210679729,,West Chicago Avenue,226,-904.4,-1336.3,13.5,1094.8,4140,0,0,1,1.0,0,,,,,https://www.openstreetmap.org/way/210679729
2086,w210679732,,West Chicago Avenue,228,-910.8,-1341.8,13.5,1095.3,4140,0,0,1,1.0,0,,,,,https://www.openstreetmap.org/way/210679732
2092,w210679738,,West Chicago Avenue,230,-917.4,-1338.8,14.5,1095.7,4140,0,0,1,1.0,0,,,,,https://www.openstreetmap.org/way/210679738
2048,w210679688,,West Institute Place,213,-920.6,-1379.0,28.5,1133.3,4140,0,0,1,1.0,0,,,,,https://www.openstreetmap.org/way/210679688
703,w158622330,,West Hill Street,,-948.7,-1894.0,21.0,1652.1,4140,0,0,1,1.0,0,,,,,https://www.openstreetmap.org/way/158622330
2165,w210679813,Atrium Village,West Hill Street,300,-968.0,-2057.6,31.5,1794.9,4140,0,0,1,1.0,0,,,,,https://www.openstreetmap.org/way/210679813
2105,w210679752,,West Division Street,238,-973.6,-2157.6,13.5,1901.1,4140,0,0,1,1.0,0,,,,,https://www.openstreetmap.org/way/210679752
2878,w210680654,,,,-955.5,-2193.6,3.5,1960.5,4140,0,0,1,1.0,0,,,,,https://www.openstreetmap.org/way/210680654
2109,w210679756,,West Scott Street,239,-967.2,-2198.0,10.5,1961.8,4140,0,0,1,1.0,0,,,,,https://www.openstreetmap.org/way/210679756
2102,w210679748,,West Scott Street,235,-957.2,-2219.4,14.0,1973.5,4140,0,0,1,1.0,0,,,,,https://www.openstreetmap.org/way/210679748
2108,w210679755,,West Scott Street,239,-965.3,-2218.0,14.0,1976.8,4140,0,0,1,1.0,0,,,,,https://www.openstreetmap.org/way/210679755
2118,w210679765,,West Scott Street,241,-976.0,-2214.7,15.5,1978.7,4140,0,0,1,1.0,0,,,,,https://www.openstreetmap.org/way/210679765
2093,w210679739,,West Scott Street,230,-953.6,-2263.8,11.0,2023.3,4140,0,0,1,1.0,0,,,,,https://www.openstreetmap.org/way/210679739
2098,w210679744,,West Scott Street,232,-958.9,-2263.7,11.5,2023.6,4140,0,0,1,1.0,0,,,,,https://www.openstreetmap.org/way/210679744
2100,w210679746,,West Scott Street,234,-964.5,-2263.5,11.5,2023.8,4140,0,0,1,1.0,0,,,,,https://www.openstreetmap.org/way/210679746
2103,w210679750,,West Scott Street,236,-969.8,-2263.5,11.5,2024.1,4140,0,0,1,1.0,0,,,,,https://www.openstreetmap.org/way/210679750
2106,w210679753,,West Scott Street,238,-975.7,-2263.3,10.5,2024.3,4140,0,0,1,1.0,0,,,,,https://www.openstreetmap.org/way/210679753
2116,w210679763,,West Scott Street,240,-981.0,-2263.1,11.5,2024.5,4140,0,0,1,1.0,0,,,,,https://www.openstreetmap.org/way/210679763
2095,w210679741,,West Goethe Street,231,-953.6,-2307.9,11.5,2069.5,4140,0,0,1,1.0,0,,,,,https://www.openstreetmap.org/way/210679741
2101,w210679747,,West Goethe Street,235,-963.9,-2307.5,11.0,2070.2,4140,0,0,1,1.0,0,,,,,https://www.openstreetmap.org/way/210679747
2107,w210679754,,West Goethe Street,239,-972.2,-2307.7,11.5,2070.6,4140,0,0,1,1.0,0,,,,,https://www.openstreetmap.org/way/210679754
2117,w210679764,,West Goethe Street,241,-978.2,-2307.5,11.5,2070.7,4140,0,0,1,1.0,0,,,,,https://www.openstreetmap.org/way/210679764
2120,w210679767,,West Goethe Street,243,-983.2,-2307.4,11.5,2071.1,4140,0,0,1,1.0,0,,,,,https://www.openstreetmap.org/way/210679767
2123,w210679770,,West Goethe Street,245,-988.8,-2307.3,11.5,2071.2,4140,0,0,1,1.0,0,,,,,https://www.openstreetmap.org/way/210679770
2099,w210679745,,West Goethe Street,233,-959.0,-2311.8,11.5,2076.0,4140,0,0,1,1.0,0,,,,,https://www.openstreetmap.org/way/210679745
1583,w210679149,Franklin Elementary School,West Evergreen Avenue,225,-984.4,-2371.8,7.5,2137.3,4140,0,0,1,1.0,0,,,,,https://www.openstreetmap.org/way/210679149
3242,w403702952,,West Schiller Street,240,-976.0,-2570.0,21.0,2319.9,4140,0,0,1,1.0,0,,,,,https://www.openstreetmap.org/way/403702952
3157,w240806922,Chase,West Grand Avenue,230,-907.6,-774.7,8.5,535.0,4145,0,0,1,1.0,0,,,,,https://www.openstreetmap.org/way/240806922
2716,w210680458,,West Ohio Street,225-235,-900.9,-819.0,30.5,570.0,4145,0,0,1,1.0,0,brick,,,,https://www.openstreetmap.org/way/210680458
2755,w210680511,,North Franklin Street,750,-961.3,-1272.9,15.0,1027.0,4145,0,0,1,1.0,0,,,,,https://www.openstreetmap.org/way/210680511
3741,r18278202,Chicago CTA Station,West Chicago Avenue,,-954.7,-1302.0,13.5,1069.7,4145,0,0,1,1.0,0,,,,,https://www.openstreetmap.org/relation/18278202
3679,w1333108780,Historic Chicago CTA Station,West Chicago Avenue,300,-959.3,-1331.3,10.5,1099.5,4145,0,0,1,1.0,0,,,,,https://www.openstreetmap.org/way/1333108780
2598,w210680320,,North Franklin Street,814,-966.1,-1366.4,24.5,1131.7,4145,0,0,1,1.0,0,,,,,https://www.openstreetmap.org/way/210680320
2607,w210680331,,North Franklin Street,820,-962.1,-1384.8,22.0,1149.2,4145,0,0,1,1.0,0,,,,,https://www.openstreetmap.org/way/210680331
2647,w210680375,,North Franklin Street,870,-960.2,-1538.1,14.0,1308.1,4145,0,0,1,1.0,0,,,,,https://www.openstreetmap.org/way/210680375
2179,w210679828,,West Walton Street,312,-995.5,-1694.5,15.5,1448.5,4145,0,0,1,1.0,0,,,,,https://www.openstreetmap.org/way/210679828
1674,w210679253,Saint Joseph Roman Catholic Church,North Orleans Street,1107,-1035.3,-1945.6,30.0,1711.0,4145,0,0,1,1.0,0,,,,,https://www.openstreetmap.org/way/210679253
1686,w210679268,Margaret Manor Divine Providence Hall,North Orleans Street,1121,-1042.2,-1980.1,26.5,1748.2,4145,0,0,1,1.0,0,,,,,https://www.openstreetmap.org/way/210679268
2843,w210680616,,,,-1033.8,-2169.5,14.0,1943.1,4145,0,0,1,1.0,0,,,,,https://www.openstreetmap.org/way/210680616
2127,w210679775,,West Scott Street,301-305,-1034.7,-2188.1,16.0,1947.9,4145,0,0,1,1.0,0,,,,,https://www.openstreetmap.org/way/210679775
2166,w210679814,,West Scott Street,300,-1037.7,-2283.8,15.0,2028.9,4145,0,0,1,1.0,0,,,,,https://www.openstreetmap.org/way/210679814
2146,w210679794,,West Goethe Street,259,-1027.5,-2310.4,10.5,2079.4,4145,0,0,1,1.0,0,,,,,https://www.openstreetmap.org/way/210679794
2827,w210680598,,,,-1069.8,-2372.1,5.5,2147.9,4145,0,0,1,1.0,0,,,,,https://www.openstreetmap.org/way/210680598
2186,w210679835,,West Evergreen Avenue,317,-1077.3,-2398.4,15.0,2164.9,4145,0,0,1,1.0,0,,,,,https://www.openstreetmap.org/way/210679835
2170,w210679819,,West Evergreen Avenue,308,-1042.9,-2461.4,19.0,2221.4,4145,0,0,1,1.0,0,,,,,https://www.openstreetmap.org/way/210679819
2184,w210679833,,West Evergreen Avenue,316,-1070.8,-2458.5,17.5,2223.3,4145,0,0,1,1.0,0,,,,,https://www.openstreetmap.org/way/210679833
2194,w210679844,,West Evergreen Avenue,320,-1078.6,-2479.4,16.0,2252.0,4145,0,0,1,1.0,0,,,,,https://www.openstreetmap.org/way/210679844
3027,w210685947,,West Schiller Street,323-325,-1089.7,-2520.5,17.0,2287.2,4145,0,0,1,1.0,0,,,,,https://www.openstreetmap.org/way/210685947
3026,w210685940,,West Schiller Street,321,-1078.7,-2522.8,13.5,2293.4,4145,0,0,1,1.0,0,,,,,https://www.openstreetmap.org/way/210685940
2992,w210684464,,North Orleans Street,1401-1405,-1077.6,-2561.0,20.5,2325.7,4145,0,0,1,1.0,0,,,,,https://www.openstreetmap.org/way/210684464
2168,w210679816,,North Franklin Street,630,-977.1,-957.0,46.5,717.0,4150,0,0,1,1.0,0,,,,,https://www.openstreetmap.org/way/210679816
2704,w210680445,,North Franklin Street,646,-963.8,-994.1,32.0,752.3,4150,0,0,1,1.0,0,,,,,https://www.openstreetmap.org/way/210680445
2175,w210679824,,West Superior Street,310,-983.7,-1229.4,38.5,986.1,4150,0,0,1,1.0,0,,,,,https://www.openstreetmap.org/way/210679824
2171,w210679820,,West Chicago Avenue,309,-973.1,-1271.1,18.0,1030.4,4150,0,0,1,1.0,0,,,,,https://www.openstreetmap.org/way/210679820
2176,w210679825,,West Chicago Avenue,311,-980.5,-1274.4,22.0,1031.8,4150,0,0,1,1.0,0,,,,,https://www.openstreetmap.org/way/210679825
2921,w210680710,,North Orleans Street,757,-1015.2,-1275.1,80.0,1033.7,4150,0,1,1,1.0,0,,,,,https://www.openstreetmap.org/way/210680710
2652,w210680380,,North Orleans Street,873,-1040.0,-1546.4,7.0,1322.7,4150,0,0,1,1.0,0,,,,,https://www.openstreetmap.org/way/210680380
2654,w210680383,,North Orleans Street,875,-1040.3,-1557.8,5.0,1330.3,4150,0,0,1,1.0,0,,,,,https://www.openstreetmap.org/way/210680383
3234,w395360043,Niche 905,North Orleans Street,905,-1041.9,-1619.2,65.5,1366.5,4150,0,0,1,1.0,0,,,,,https://www.openstreetmap.org/way/395360043
3209,w330745201,,,,-1031.8,-1677.1,12.0,1452.1,4150,0,0,1,1.0,0,,,,,https://www.openstreetmap.org/way/330745201
3208,w330745200,,North Orleans Street,931,-1046.8,-1676.0,17.5,1452.7,4150,0,0,1,1.0,0,,,,,https://www.openstreetmap.org/way/330745200
2687,w210680421,,North Orleans Street,939,-1044.3,-1699.0,15.0,1474.8,4150,0,0,1,1.0,0,,,,,https://www.openstreetmap.org/way/210680421
1619,w210679190,,North Orleans Street,1009-1011,-1055.4,-1789.3,5.5,1562.9,4150,0,0,1,1.0,0,,,,,https://www.openstreetmap.org/way/210679190
2243,w210679898,,West Old Town Court,343,-1116.2,-2142.3,30.0,1913.5,4150,0,0,1,1.0,0,,,,,https://www.openstreetmap.org/way/210679898
2794,w210680562,,North Orleans Court,,-1109.2,-2198.8,15.0,1957.4,4150,0,0,1,1.0,0,,,,,https://www.openstreetmap.org/way/210680562
2218,w210679870,,West Scott Street,332,-1100.8,-2249.8,9.5,2026.9,4150,0,0,1,1.0,0,,,,,https://www.openstreetmap.org/way/210679870
2222,w210679874,,West Scott Street,334,-1108.8,-2252.4,10.0,2027.8,4150,0,0,1,1.0,0,,,,,https://www.openstreetmap.org/way/210679874
2225,w210679877,,West Scott Street,336,-1116.4,-2248.5,9.5,2028.6,4150,0,0,1,1.0,0,,,,,https://www.openstreetmap.org/way/210679877
2229,w210679881,,West Scott Street,338,-1124.1,-2252.0,10.0,2029.7,4150,0,0,1,1.0,0,,,,,https://www.openstreetmap.org/way/210679881
2816,w210680586,,,,-1100.7,-2271.0,4.0,2050.7,4150,0,0,1,1.0,0,,,,,https://www.openstreetmap.org/way/210680586
2826,w210680597,,,,-1108.1,-2270.9,5.0,2051.8,4150,0,0,1,1.0,0,,,,,https://www.openstreetmap.org/way/210680597
2805,w210680574,,,,-1115.9,-2270.7,4.5,2052.2,4150,0,0,1,1.0,0,,,,,https://www.openstreetmap.org/way/210680574
2840,w210680612,,,,-1123.8,-2270.4,4.0,2053.2,4150,0,0,1,1.0,0,,,,,https://www.openstreetmap.org/way/210680612
2828,w210680599,,,,-1131.8,-2269.9,4.0,2053.8,4150,0,0,1,1.0,0,,,,,https://www.openstreetmap.org/way/210680599
2877,w210680653,,,,-1100.1,-2283.6,4.0,2063.5,4150,0,0,1,1.0,0,,,,,https://www.openstreetmap.org/way/210680653
2873,w210680649,,,,-1108.0,-2283.4,4.0,2064.3,4150,0,0,1,1.0,0,,,,,https://www.openstreetmap.org/way/210680649
2797,w210680565,,,,-1115.8,-2283.2,5.5,2065.1,4150,0,0,1,1.0,0,,,,,https://www.openstreetmap.org/way/210680565
2835,w210680607,,,,-1123.5,-2283.0,4.5,2065.9,4150,0,0,1,1.0,0,,,,,https://www.openstreetmap.org/way/210680607
2820,w210680590,,,,-1131.8,-2282.8,5.0,2066.9,4150,0,0,1,1.0,0,,,,,https://www.openstreetmap.org/way/210680590
2206,w210679858,,West Goethe Street,329,-1107.5,-2306.9,8.5,2079.8,4150,0,0,1,1.0,0,,,,,https://www.openstreetmap.org/way/210679858
2216,w210679868,,West Goethe Street,331,-1115.3,-2306.6,9.5,2080.2,4150,0,0,1,1.0,0,,,,,https://www.openstreetmap.org/way/210679868
2220,w210679872,,West Goethe Street,333,-1123.6,-2307.2,10.0,2080.8,4150,0,0,1,1.0,0,,,,,https://www.openstreetmap.org/way/210679872
2227,w210679879,,West Goethe Street,337,-1131.0,-2306.3,8.5,2082.2,4150,0,0,1,1.0,0,,,,,https://www.openstreetmap.org/way/210679879
2221,w210679873,,West Goethe Street,334,-1108.8,-2339.8,10.0,2118.1,4150,0,0,1,1.0,0,,,,,https://www.openstreetmap.org/way/210679873
2224,w210679876,,West Goethe Street,336,-1116.1,-2340.3,8.5,2118.9,4150,0,0,1,1.0,0,,,,,https://www.openstreetmap.org/way/210679876
2228,w210679880,,West Goethe Street,338,-1124.0,-2340.2,10.0,2119.7,4150,0,0,1,1.0,0,,,,,https://www.openstreetmap.org/way/210679880
2235,w210679890,,West Goethe Street,340,-1132.4,-2339.0,10.0,2120.5,4150,0,0,1,1.0,0,,,,,https://www.openstreetmap.org/way/210679890
2239,w210679894,,West Goethe Street,342,-1139.9,-2339.7,8.5,2121.5,4150,0,0,1,1.0,0,,,,,https://www.openstreetmap.org/way/210679894
2882,w210680660,,,,-1110.1,-2369.0,4.0,2149.5,4150,0,0,1,1.0,0,,,,,https://www.openstreetmap.org/way/210680660
2852,w210680626,,,,-1118.0,-2368.8,8.5,2150.4,4150,0,0,1,1.0,0,,,,,https://www.openstreetmap.org/way/210680626
2815,w210680584,,,,-1125.8,-2368.5,8.5,2151.1,4150,0,0,1,1.0,0,,,,,https://www.openstreetmap.org/way/210680584
2830,w210680601,,,,-1133.9,-2368.5,5.0,2152.1,4150,0,0,1,1.0,0,,,,,https://www.openstreetmap.org/way/210680601
2859,w210680634,,,,-1141.8,-2368.3,9.0,2152.9,4150,0,0,1,1.0,0,,,,,https://www.openstreetmap.org/way/210680634
2869,w210680645,,,,-1112.0,-2382.3,5.5,2163.1,4150,0,0,1,1.0,0,,,,,https://www.openstreetmap.org/way/210680645
2875,w210680651,,,,-1119.4,-2382.1,7.0,2163.8,4150,0,0,1,1.0,0,,,,,https://www.openstreetmap.org/way/210680651
2862,w210680637,,,,-1127.2,-2381.9,6.0,2164.5,4150,0,0,1,1.0,0,,,,,https://www.openstreetmap.org/way/210680637
2836,w210680608,,,,-1134.7,-2381.8,9.5,2165.3,4150,0,0,1,1.0,0,,,,,https://www.openstreetmap.org/way/210680608
2848,w210680622,,,,-1142.5,-2381.6,4.0,2166.4,4150,0,0,1,1.0,0,,,,,https://www.openstreetmap.org/way/210680622
2865,w210680641,,,,-1150.1,-2381.4,4.0,2167.0,4150,0,0,1,1.0,0,,,,,https://www.openstreetmap.org/way/210680641
2223,w210679875,,West Evergreen Avenue,335,-1119.6,-2411.8,11.0,2184.9,4150,0,0,1,1.0,0,,,,,https://www.openstreetmap.org/way/210679875
2226,w210679878,,West Evergreen Avenue,337,-1127.7,-2412.7,11.5,2186.0,4150,0,0,1,1.0,0,,,,,https://www.openstreetmap.org/way/210679878
2230,w210679883,,West Evergreen Avenue,339,-1135.1,-2411.8,12.0,2187.2,4150,0,0,1,1.0,0,,,,,https://www.openstreetmap.org/way/210679883
2241,w210679896,,West Evergreen Avenue,343,-1143.7,-2411.9,13.0,2188.0,4150,0,0,1,1.0,0,,,,,https://www.openstreetmap.org/way/210679896
2246,w210679901,,West Evergreen Avenue,345,-1151.4,-2412.2,10.0,2188.5,4150,0,0,1,1.0,0,,,,,https://www.openstreetmap.org/way/210679901
1951,w210679579,,North Sedgwick Street,1341-1343,-1140.8,-2450.2,25.0,2227.7,4150,0,0,1,1.0,0,,,,,https://www.openstreetmap.org/way/210679579
3320,w543791072,,North Sedgwick Street,1353,-1142.7,-2478.7,18.0,2260.6,4150,0,0,1,1.0,0,,,,,https://www.openstreetmap.org/way/543791072
3388,w683937746,Than Tower,West Schiller Street,343,-1133.7,-2504.8,9.5,2269.2,4150,0,0,1,1.0,0,,,,,https://www.openstreetmap.org/way/683937746
2759,w210680515,Al Sahara Rugs,North Franklin Street,530,-960.7,-780.2,36.5,541.1,4155,0,0,1,1.0,0,,,,,https://www.openstreetmap.org/way/210680515
3103,w212058631,Silver Tower,West Ohio Street,325,-962.2,-815.4,132.0,575.9,4155,0,1,1,1.0,0,,,,,https://www.openstreetmap.org/way/212058631
2711,w210680453,,West Erie Street,316,-996.4,-1050.6,18.0,811.2,4155,0,0,1,1.0,0,,,,,https://www.openstreetmap.org/way/210680453
3369,w569711587,,West Chicago Avenue,334,-1041.3,-1337.7,15.0,1109.9,4155,0,0,1,1.0,0,,,,,https://www.openstreetmap.org/way/569711587
2648,w210680376,,North Orleans Street,870,-1079.9,-1542.0,18.0,1326.4,4155,0,0,1,1.0,0,,,,,https://www.openstreetmap.org/way/210680376
2668,w210680399,Saint Luke Church of God in Christ,North Orleans Street,914,-1092.1,-1629.5,10.0,1402.6,4155,0,0,1,1.0,0,,,,,https://www.openstreetmap.org/way/210680399
2778,w210680541,Saint Matthew United Methodist Church,North Orleans Street,940,-1101.6,-1706.2,12.0,1488.2,4155,0,0,1,1.0,0,,,,,https://www.openstreetmap.org/way/210680541
2238,w210679893,,West Oak Street,341-351,-1106.4,-1732.2,17.0,1509.2,4155,0,0,1,1.0,0,,,,,https://www.openstreetmap.org/way/210679893
1600,w210679169,,North Orleans Street,1000,-1097.1,-1788.7,10.5,1547.4,4155,0,0,1,1.0,0,,,,,https://www.openstreetmap.org/way/210679169
2264,w210679923,,West Wendell Street,360,-1132.3,-1860.8,7.0,1635.9,4155,0,0,1,1.0,0,,,,,https://www.openstreetmap.org/way/210679923
3514,w1007687941,,,,-1110.7,-1874.9,3.5,1660.1,4155,0,0,1,1.0,0,,,,,https://www.openstreetmap.org/way/1007687941
3327,w545557713,,,,-1111.5,-1881.8,4.0,1667.2,4155,0,0,1,1.0,0,,,,,https://www.openstreetmap.org/way/545557713
2284,w210679950,,West Division Street,,-1185.6,-2140.5,9.5,1925.5,4155,0,0,1,1.0,0,,,,,https://www.openstreetmap.org/way/210679950
1798,w210679419,,North Sedgwick Street,1240,-1190.2,-2234.9,9.5,2025.0,4155,0,0,1,1.0,0,,,,,https://www.openstreetmap.org/way/210679419
2296,w210679963,,West Goethe Street,414,-1219.4,-2335.3,15.5,2120.5,4155,0,0,1,1.0,0,,,,,https://www.openstreetmap.org/way/210679963
1960,w210679588,,North Hudson Avenue,1351-1373,-1240.1,-2505.6,19.0,2248.2,4155,0,0,1,1.0,0,,,,,https://www.openstreetmap.org/way/210679588
3008,w210684500,,North Hudson Avenue,1415,-1242.7,-2596.1,19.0,2367.3,4155,0,0,1,1.0,0,,,,,https://www.openstreetmap.org/way/210684500
3533,w1056359030,3Eleven Luxury Apartments,West Illinois Street,303,-943.3,-637.9,89.5,403.4,4160,0,1,1,1.0,0,,,,,https://www.openstreetmap.org/way/1056359030
3156,w240806164,Club Lago,West Superior Street,331,-1039.6,-1174.1,28.0,942.3,4160,0,0,1,1.0,0,,,,,https://www.openstreetmap.org/way/240806164
2237,w210679892,,West Chicago Avenue,341,-1092.5,-1272.7,34.0,1044.8,4160,0,0,1,1.0,0,,,,,https://www.openstreetmap.org/way/210679892
2257,w210679913,,North Orleans Street,820,-1108.3,-1372.8,22.0,1149.5,4160,0,0,1,1.0,0,,,,,https://www.openstreetmap.org/way/210679913
2872,w210680648,,,,-1100.8,-1500.3,13.5,1289.1,4160,0,0,1,1.0,0,,,,,https://www.openstreetmap.org/way/210680648
3259,w445817828,Sedgwick at Locust,West Locust Street,367,-1143.2,-1542.2,30.5,1324.8,4160,0,0,1,1.0,0,,,,,https://www.openstreetmap.org/way/445817828
3212,w330745944,,North Sedgwick Street,,-1174.9,-1881.8,14.0,1646.9,4160,0,0,1,1.0,0,,,,,https://www.openstreetmap.org/way/330745944
3134,w234424675,,West Elm Street,420-444,-1259.4,-2012.8,13.5,1814.1,4160,0,0,1,1.0,0,,,,,https://www.openstreetmap.org/way/234424675
2313,w210679981,,West Evergreen Avenue,425,-1273.8,-2366.2,6.0,2168.5,4160,0,0,1,1.0,0,,,,,https://www.openstreetmap.org/way/210679981
2327,w210679996,,West Evergreen Avenue,435,-1298.0,-2391.4,8.5,2191.3,4160,0,0,1,1.0,0,,,,,https://www.openstreetmap.org/way/210679996
1436,w210315072,Evergreen Tower II,North Cleveland Avenue,1343,-1335.4,-2514.8,36.5,2320.3,4160,0,0,1,1.0,0,,,,,https://www.openstreetmap.org/way/210315072
2185,w210679834,,West Grand Avenue,316-318,-991.3,-779.4,24.5,548.8,4165,0,0,1,1.0,0,,,,,https://www.openstreetmap.org/way/210679834
3102,w212058628,Bowne Building,West Ohio Street,325,-1012.6,-814.0,43.5,584.2,4165,0,0,1,1.0,0,,,,,https://www.openstreetmap.org/way/212058628
2507,w210680198,,North Orleans Street,674,-1074.1,-1079.5,11.5,871.9,4165,0,0,1,1.0,0,,,,,https://www.openstreetmap.org/way/210680198
2509,w210680200,,North Orleans Street,676,-1077.8,-1085.6,11.5,877.5,4165,0,0,1,1.0,0,,,,,https://www.openstreetmap.org/way/210680200
2510,w210680201,The Green Door Tavern,North Orleans Street,678,-1076.5,-1093.5,9.0,883.8,4165,0,0,1,1.0,0,,,,,https://www.openstreetmap.org/way/210680201
2253,w210679908,,West Huron Street,350-364,-1095.0,-1129.4,17.0,915.9,4165,0,0,1,1.0,0,,,,,https://www.openstreetmap.org/way/210679908
2520,w210680211,,North Orleans Street,700-702,-1080.7,-1141.0,16.5,925.9,4165,0,0,1,1.0,0,,,,,https://www.openstreetmap.org/way/210680211
2539,w210680234,,North Orleans Street,720,-1093.0,-1169.7,18.0,950.1,4165,0,0,1,1.0,0,,,,,https://www.openstreetmap.org/way/210680234
2912,w210680700,340 West Superior,West Superior Street,340,-1087.0,-1220.9,63.5,1003.5,4165,0,0,1,1.0,0,,,,,https://www.openstreetmap.org/way/210680700
2256,w210679911,,West Chicago Avenue,351-355,-1106.8,-1280.3,24.0,1067.2,4165,0,0,1,1.0,0,,,,,https://www.openstreetmap.org/way/210679911
2259,w210679916,Public Storage,West Chicago Avenue,362,-1139.5,-1339.0,27.5,1121.8,4165,0,0,1,1.0,0,,,,,https://www.openstreetmap.org/way/210679916
2601,w210680324,,North Sedgwick Street,815-829,-1151.1,-1387.6,17.5,1169.5,4165,0,0,1,1.0,0,,,,,https://www.openstreetmap.org/way/210680324
2266,w210679925,Former Le Cordon Bleu College of Culinary Arts,West Chestnut Street,361,-1157.5,-1466.8,13.0,1242.6,4165,0,0,1,1.0,0,,,,,https://www.openstreetmap.org/way/210679925
2706,w210680447,Lower North Center,North Sedgwick Street,1000-1022,-1220.0,-1788.7,8.5,1565.6,4165,0,0,1,1.0,0,,,,,https://www.openstreetmap.org/way/210680447
3131,w234424672,,North Hudson Avenue,1151,-1281.4,-2034.1,13.0,1843.7,4165,0,0,1,1.0,0,,,,,https://www.openstreetmap.org/way/234424672
4,w31065736,Clybourn 1200,North Clybourn Avenue,1200,-1338.5,-2144.1,28.0,1945.8,4165,0,0,1,1.0,0,,,,,https://www.openstreetmap.org/way/31065736
2732,w210680481,Old Town Square Shopping Center,North Clybourn Avenue,1229-1239,-1312.1,-2215.5,8.5,2018.8,4165,0,0,1,1.0,0,,,,,https://www.openstreetmap.org/way/210680481
3358,w565852825,,,,-1337.3,-2222.4,10.0,2039.5,4165,0,0,1,1.0,0,,,,,https://www.openstreetmap.org/way/565852825
3556,w1168444262,,North Cleveland Avenue,1310-1312,-1393.7,-2367.9,10.5,2194.1,4165,0,0,1,1.0,0,,,,,https://www.openstreetmap.org/way/1168444262
1127,w210307399,,North Cleveland Avenue,1314-1316,-1382.8,-2384.5,17.0,2210.6,4165,0,0,1,1.0,0,,,,,https://www.openstreetmap.org/way/210307399
1129,w210307412,,North Cleveland Avenue,1318,-1385.2,-2396.2,15.0,2224.9,4165,0,0,1,1.0,0,,,,,https://www.openstreetmap.org/way/210307412
1131,w210307419,,North Cleveland Avenue,1322,-1389.0,-2403.8,9.0,2232.5,4165,0,0,1,1.0,0,,,,,https://www.openstreetmap.org/way/210307419
1132,w210307428,,North Cleveland Avenue,1324,-1393.2,-2412.9,13.0,2238.9,4165,0,0,1,1.0,0,,,,,https://www.openstreetmap.org/way/210307428
1138,w210307450,,North Cleveland Avenue,1330,-1392.0,-2429.4,14.5,2257.0,4165,0,0,1,1.0,0,,,,,https://www.openstreetmap.org/way/210307450
1140,w210307456,,North Cleveland Avenue,1332,-1386.0,-2439.6,14.5,2266.5,4165,0,0,1,1.0,0,,,,,https://www.openstreetmap.org/way/210307456
1142,w210307464,,North Cleveland Avenue,1334,-1392.2,-2446.3,13.5,2275.3,4165,0,0,1,1.0,0,,,,,https://www.openstreetmap.org/way/210307464
1146,w210307487,,North Cleveland Avenue,1340,-1390.9,-2458.3,17.0,2284.6,4165,0,0,1,1.0,0,,,,,https://www.openstreetmap.org/way/210307487
1148,w210307493,,North Cleveland Avenue,1342,-1384.4,-2463.9,14.0,2291.2,4165,0,0,1,1.0,0,,,,,https://www.openstreetmap.org/way/210307493
1150,w210307503,,North Cleveland Avenue,1346-1348,-1391.7,-2477.0,15.5,2300.5,4165,0,0,1,1.0,0,,,,,https://www.openstreetmap.org/way/210307503
1418,w210308721,,,,-1410.2,-2476.2,11.5,2304.6,4165,0,0,1,1.0,0,,,,,https://www.openstreetmap.org/way/210308721
1152,w210307514,,North Cleveland Avenue,1350-1352,-1396.3,-2492.6,8.5,2316.5,4165,0,0,1,1.0,0,,,,,https://www.openstreetmap.org/way/210307514
1432,w210315068,,North Cleveland Avenue,1354,-1392.2,-2502.4,11.0,2330.3,4165,0,0,1,1.0,0,,,,,https://www.openstreetmap.org/way/210315068
1478,w210319313,,,,-1412.3,-2502.7,6.5,2335.9,4165,0,0,1,1.0,0,,,,,https://www.openstreetmap.org/way/210319313
1433,w210315069,,North Cleveland Avenue,1356,-1391.4,-2510.5,13.0,2337.1,4165,0,0,1,1.0,0,,,,,https://www.openstreetmap.org/way/210315069
3561,w1173127554,,,,-1412.0,-2509.5,6.0,2341.6,4165,0,0,1,1.0,0,,,,,https://www.openstreetmap.org/way/1173127554
1435,w210315071,,North Cleveland Avenue,1360,-1391.2,-2516.6,10.5,2343.3,4165,0,0,1,1.0,0,,,,,https://www.openstreetmap.org/way/210315071
1482,w210319553,,,,-1411.4,-2517.6,4.0,2348.7,4165,0,0,1,1.0,0,,,,,https://www.openstreetmap.org/way/210319553
1438,w210315074,,North Cleveland Avenue,1362,-1391.1,-2524.8,10.0,2350.9,4165,0,0,1,1.0,0,,,,,https://www.openstreetmap.org/way/210315074
1487,w210319949,,,,-1411.5,-2524.9,4.0,2356.5,4165,0,0,1,1.0,0,,,,,https://www.openstreetmap.org/way/210319949
1439,w210315075,,North Cleveland Avenue,1364,-1388.4,-2532.4,12.5,2357.9,4165,0,0,1,1.0,0,,,,,https://www.openstreetmap.org/way/210315075
1479,w210319368,,,,-1411.3,-2532.3,6.5,2363.5,4165,0,0,1,1.0,0,,,,,https://www.openstreetmap.org/way/210319368
1441,w210315077,,North Cleveland Avenue,1366,-1391.5,-2539.9,12.5,2365.3,4165,0,0,1,1.0,0,,,,,https://www.openstreetmap.org/way/210315077
1484,w210319719,,,,-1424.9,-2532.0,4.5,2366.3,4165,0,0,1,1.0,0,,,,,https://www.openstreetmap.org/way/210319719
1483,w210319671,,,,-1412.1,-2539.9,5.5,2371.1,4165,0,0,1,1.0,0,,,,,https://www.openstreetmap.org/way/210319671
1488,w210320136,,,,-1424.8,-2540.8,7.0,2374.2,4165,0,0,1,1.0,0,,,,,https://www.openstreetmap.org/way/210320136
1476,w210319273,,,,-1412.2,-2547.2,6.5,2378.0,4165,0,0,1,1.0,0,,,,,https://www.openstreetmap.org/way/210319273
1489,w210320200,,,,-1425.9,-2546.7,7.0,2380.6,4165,0,0,1,1.0,0,,,,,https://www.openstreetmap.org/way/210320200
1480,w210319404,,,,-1412.3,-2554.3,4.5,2385.4,4165,0,0,1,1.0,0,,,,,https://www.openstreetmap.org/way/210319404
1486,w210319853,,,,-1424.8,-2553.8,6.5,2387.6,4165,0,0,1,1.0,0,,,,,https://www.openstreetmap.org/way/210319853
1470,w210318795,,,,-1411.6,-2561.5,10.0,2391.8,4165,0,0,1,1.0,0,,,,,https://www.openstreetmap.org/way/210318795
1474,w210319113,,,,-1408.3,-2576.4,10.0,2400.2,4165,0,0,1,1.0,0,,,,,https://www.openstreetmap.org/way/210319113
1471,w210318832,,,,-1427.1,-2583.6,6.5,2417.1,4165,0,0,1,1.0,0,,,,,https://www.openstreetmap.org/way/210318832
2477,w210680159,,North Orleans Street,634,-1072.7,-961.1,15.5,755.4,4170,0,0,1,1.0,0,,,,,https://www.openstreetmap.org/way/210680159
2484,w210680173,,North Orleans Street,644,-1084.7,-991.3,38.0,774.4,4170,0,0,1,1.0,0,,,,,https://www.openstreetmap.org/way/210680173
2255,w210679910,,West Huron Street,351,-1102.8,-1080.3,25.5,866.9,4170,0,0,1,1.0,0,,,,,https://www.openstreetmap.org/way/210679910
2272,w210679934,Superior House,West Superior Street,366,-1141.0,-1230.4,12.0,1013.1,4170,0,0,1,1.0,0,,,,,https://www.openstreetmap.org/way/210679934
2267,w210679926,,West Chicago Avenue,363,-1136.2,-1272.1,14.0,1058.2,4170,0,0,1,1.0,0,,,,,https://www.openstreetmap.org/way/210679926
2269,w210679930,,West Chicago Avenue,365,-1143.5,-1272.0,16.0,1059.9,4170,0,0,1,1.0,0,,,,,https://www.openstreetmap.org/way/210679930
2568,w210680285,,North Sedgwick Street,747,-1155.9,-1260.8,18.5,1061.8,4170,0,0,1,1.0,0,,,,,https://www.openstreetmap.org/way/210680285
3554,w1168146224,,West Chicago Avenue,357,-1161.9,-1332.5,17.0,1132.3,4170,0,0,1,1.0,0,,,,,https://www.openstreetmap.org/way/1168146224
3555,w1168146225,,North Sedgwick Street,811,-1170.9,-1354.6,18.0,1158.5,4170,0,0,1,1.0,0,,,,,https://www.openstreetmap.org/way/1168146225
3269,w453109380,,North Cleveland Avenue,1015,-1319.2,-1788.6,10.5,1611.2,4170,0,0,1,1.0,0,,,,,https://www.openstreetmap.org/way/453109380
3284,w453109418,,North Cleveland Avenue,1017,-1319.7,-1820.0,11.5,1641.5,4170,0,0,1,1.0,0,,,,,https://www.openstreetmap.org/way/453109418
3287,w453109421,,West Hobbie Street,435,-1303.4,-1847.2,10.5,1667.5,4170,0,0,1,1.0,0,,,,,https://www.openstreetmap.org/way/453109421
3282,w453109405,,West Hobbie Street,437,-1308.9,-1847.1,10.5,1668.9,4170,0,0,1,1.0,0,,,,,https://www.openstreetmap.org/way/453109405
3281,w453109403,,West Hobbie Street,439,-1314.5,-1846.9,10.5,1670.3,4170,0,0,1,1.0,0,,,,,https://www.openstreetmap.org/way/453109403
3133,w234424674,,West Elm Street,462-476,-1359.9,-2011.3,13.5,1839.3,4170,0,0,1,1.0,0,,,,,https://www.openstreetmap.org/way/234424674
3197,w325765087,,North Cleveland Avenue,1151,-1362.3,-2040.7,10.5,1868.4,4170,0,0,1,1.0,0,,,,,https://www.openstreetmap.org/way/325765087
3311,w539466710,,West Division Street,500,-1400.5,-2142.3,21.5,1964.6,4170,0,0,1,1.0,0,,,,,https://www.openstreetmap.org/way/539466710
1117,w210307341,,North Clybourn Avenue,1267-1271,-1397.1,-2278.3,12.0,2105.7,4170,0,0,1,1.0,0,,,,,https://www.openstreetmap.org/way/210307341
1118,w210307342,,North Clybourn Avenue,1275,-1413.1,-2291.5,18.0,2126.0,4170,0,0,1,1.0,0,,,,,https://www.openstreetmap.org/way/210307342
1120,w210307344,,North Clybourn Avenue,1279,-1418.9,-2296.8,18.0,2132.5,4170,0,0,1,1.0,0,,,,,https://www.openstreetmap.org/way/210307344
1121,w210307345,,North Clybourn Avenue,1281,-1428.2,-2305.3,18.5,2139.4,4170,0,0,1,1.0,0,,,,,https://www.openstreetmap.org/way/210307345
1334,w210308483,Kingdom Hall of Jehova's Witneesses,North Mohawk Street,1301,-1430.0,-2353.1,7.5,2177.2,4170,0,0,1,1.0,0,,,,,https://www.openstreetmap.org/way/210308483
3252,w411440185,,North Mohawk Street,1323-1325,-1441.1,-2385.2,15.0,2222.6,4170,0,0,1,1.0,0,,,,,https://www.openstreetmap.org/way/411440185
1135,w210307441,,North Mohawk Street,1327,-1441.2,-2397.8,15.5,2239.3,4170,0,0,1,1.0,0,,,,,https://www.openstreetmap.org/way/210307441
1443,w210315079,,North Mohawk Street,1368,-1492.7,-2522.8,15.5,2368.5,4170,0,0,1,1.0,0,,,,,https://www.openstreetmap.org/way/210315079
1446,w210315082,,North Mohawk Street,1372,-1491.2,-2537.2,14.5,2386.0,4170,0,0,1,1.0,0,,,,,https://www.openstreetmap.org/way/210315082
1449,w210315085,,North Mohawk Street,1400,-1494.8,-2545.9,13.0,2395.4,4170,0,0,1,1.0,0,,,,,https://www.openstreetmap.org/way/210315085
1477,w210319283,,,,-1515.3,-2543.8,5.0,2400.9,4170,0,0,1,1.0,0,,,,,https://www.openstreetmap.org/way/210319283
1453,w210315089,,North Mohawk Street,1404,-1496.1,-2555.1,15.0,2405.6,4170,0,0,1,1.0,0,,,,,https://www.openstreetmap.org/way/210315089
1473,w210319085,,,,-1515.5,-2554.4,7.5,2410.7,4170,0,0,1,1.0,0,,,,,https://www.openstreetmap.org/way/210319085
1455,w210315091,,North Mohawk Street,1406,-1493.5,-2561.8,13.5,2411.2,4170,0,0,1,1.0,0,,,,,https://www.openstreetmap.org/way/210315091
1457,w210315093,,North Mohawk Street,1408,-1492.8,-2569.6,17.0,2418.2,4170,0,0,1,1.0,0,,,,,https://www.openstreetmap.org/way/210315093
1459,w210315095,,North Mohawk Street,1410,-1493.8,-2577.1,12.0,2425.7,4170,0,0,1,1.0,0,,,,,https://www.openstreetmap.org/way/210315095
1462,w210315098,,North Mohawk Street,1414,-1493.8,-2585.2,13.5,2433.0,4170,0,0,1,1.0,0,,,,,https://www.openstreetmap.org/way/210315098
1481,w210319430,,,,-1516.2,-2584.3,14.5,2440.2,4170,0,0,1,1.0,0,,,,,https://www.openstreetmap.org/way/210319430
2254,w210679909,,West Ontario Street,350-372,-1126.4,-960.5,33.5,748.6,4175,0,0,1,1.0,0,brick,,,,https://www.openstreetmap.org/way/210679909
2261,w210679918,,West Erie Street,357,-1112.2,-993.2,30.0,789.1,4175,0,0,1,1.0,0,,,,,https://www.openstreetmap.org/way/210679918
2265,w210679924,Three Sixty West,West Erie Street,360,-1138.4,-1044.0,8.0,838.9,4175,0,0,1,1.0,0,,,,,https://www.openstreetmap.org/way/210679924
2271,w210679933,,West Huron Street,368,-1157.0,-1132.6,27.0,933.6,4175,0,0,1,1.0,0,,,,,https://www.openstreetmap.org/way/210679933
2557,w210680267,,North Sedgwick Street,740,-1196.8,-1239.8,19.5,1054.1,4175,0,0,1,1.0,0,,,,,https://www.openstreetmap.org/way/210680267
3244,w411433477,,West Chicago Avenue,411,-1204.1,-1271.1,12.5,1071.7,4175,0,0,1,1.0,0,,,,,https://www.openstreetmap.org/way/411433477
3210,w330745202,Jesse White Community Center & Fieldhouse,West Chicago Avenue,410,-1232.3,-1343.7,13.0,1154.4,4175,0,0,1,1.0,0,,,,,https://www.openstreetmap.org/way/330745202
3152,w240073316,,North Hudson Avenue,825,-1250.5,-1411.1,20.0,1227.3,4175,0,0,1,1.0,0,,,,,https://www.openstreetmap.org/way/240073316
2678,w210680410,,North Hudson Avenue,924-952,-1311.8,-1637.5,13.0,1453.8,4175,0,0,1,1.0,0,,,,,https://www.openstreetmap.org/way/210680410
2692,w210680430,,North Hudson Avenue,954-984,-1313.5,-1691.6,13.0,1505.9,4175,0,0,1,1.0,0,,,,,https://www.openstreetmap.org/way/210680430
1160,w210307578,,West Oak Street,437-459,-1338.3,-1724.1,12.0,1559.6,4175,0,0,1,1.0,0,,,,,https://www.openstreetmap.org/way/210307578
3266,w453109371,,West Oak Street,444,-1331.0,-1764.0,11.5,1597.9,4175,0,0,1,1.0,0,,,,,https://www.openstreetmap.org/way/453109371
3271,w453109385,,West Oak Street,448,-1343.6,-1763.8,12.5,1601.4,4175,0,0,1,1.0,0,,,,,https://www.openstreetmap.org/way/453109385
3265,w453109370,,West Oak Street,450,-1349.3,-1763.7,12.5,1603.0,4175,0,0,1,1.0,0,,,,,https://www.openstreetmap.org/way/453109370
3264,w453109369,,West Oak Street,452,-1355.0,-1763.6,12.5,1604.7,4175,0,0,1,1.0,0,,,,,https://www.openstreetmap.org/way/453109369
3283,w453109416,,North Cleveland Avenue,1013,-1358.4,-1787.7,10.5,1622.2,4175,0,0,1,1.0,0,,,,,https://www.openstreetmap.org/way/453109416
3285,w453109419,,North Cleveland Avenue,1019,-1358.8,-1819.2,11.5,1652.3,4175,0,0,1,1.0,0,,,,,https://www.openstreetmap.org/way/453109419
3275,w453109393,,West Hobbie Street,453,-1356.3,-1846.1,10.5,1681.2,4175,0,0,1,1.0,0,,,,,https://www.openstreetmap.org/way/453109393
3274,w453109392,,West Hobbie Street,455,-1362.0,-1846.0,10.0,1682.8,4175,0,0,1,1.0,0,,,,,https://www.openstreetmap.org/way/453109392
3273,w453109390,,West Hobbie Street,457,-1367.7,-1845.9,10.5,1684.4,4175,0,0,1,1.0,0,,,,,https://www.openstreetmap.org/way/453109390
3272,w453109387,,West Hobbie Street,459,-1373.4,-1845.8,10.0,1685.9,4175,0,0,1,1.0,0,,,,,https://www.openstreetmap.org/way/453109387
1109,w210307140,,West Elm Street,505,-1413.4,-1972.8,20.0,1816.4,4175,0,0,1,1.0,0,,,,,https://www.openstreetmap.org/way/210307140
3137,w234424678,,West Elm Street,500-514,-1420.2,-2010.9,13.5,1854.7,4175,0,0,1,1.0,0,,,,,https://www.openstreetmap.org/way/234424678
1119,w210307343,Winfield Moody Health Center,North Clybourn Avenue,1276,-1477.8,-2274.3,10.5,2113.0,4175,0,0,1,1.0,0,,,,,https://www.openstreetmap.org/way/210307343
3508,w957138101,,,,-1492.9,-2301.4,20.0,2154.6,4175,0,0,1,1.0,0,,,,,https://www.openstreetmap.org/way/957138101
1124,w210307380,,North Clybourn Avenue,1310,-1521.8,-2336.7,14.5,2198.9,4175,0,0,1,1.0,0,,,,,https://www.openstreetmap.org/way/210307380
3118,w230246634,,,,-1548.1,-2364.7,21.0,2229.8,4175,0,0,1,1.0,0,,,,,https://www.openstreetmap.org/way/230246634
2282,w210679947,,West Huron Street,400,-1203.5,-1132.1,61.0,943.3,4180,0,0,1,1.0,0,,,,,https://www.openstreetmap.org/way/210679947
2294,w210679960,,West Superior Street,411,-1207.6,-1167.6,29.5,981.5,4180,0,0,1,1.0,0,,,,,https://www.openstreetmap.org/way/210679960
2292,w210679958,,West Superior Street,410,-1230.9,-1226.6,29.5,1036.2,4180,0,0,1,1.0,0,,,,,https://www.openstreetmap.org/way/210679958
2297,w210679964,,West Chicago Avenue,415,-1225.6,-1271.4,14.5,1083.5,4180,0,0,1,1.0,0,,,,,https://www.openstreetmap.org/way/210679964
3245,w411433479,,North Hudson Avenue,751,-1259.6,-1270.3,8.5,1086.1,4180,0,0,1,1.0,0,,,,,https://www.openstreetmap.org/way/411433479
2655,w210680384,,North Hudson Avenue,876-892,-1308.0,-1508.1,17.0,1337.9,4180,0,0,1,1.0,0,,,,,https://www.openstreetmap.org/way/210680384
2666,w210680395,,North Cleveland Avenue,901-919,-1334.7,-1571.3,12.0,1398.6,4180,0,0,1,1.0,0,,,,,https://www.openstreetmap.org/way/210680395
1322,w210308393,,North Cleveland Avenue,920-936,-1360.6,-1634.7,11.0,1467.6,4180,0,0,1,1.0,0,,,,,https://www.openstreetmap.org/way/210308393
1329,w210308442,,North Cleveland Avenue,938-954,-1362.2,-1685.8,6.5,1516.8,4180,0,0,1,1.0,0,,,,,https://www.openstreetmap.org/way/210308442
1330,w210308444,,North Mohawk Street,939-955,-1387.0,-1684.9,15.0,1524.1,4180,0,0,1,1.0,0,,,,,https://www.openstreetmap.org/way/210308444
3551,w1135007624,,West Elm Street,535,-1498.0,-1968.1,0.5,1840.0,4180,0,0,1,1.0,0,,,,,https://www.openstreetmap.org/way/1135007624
1027,w210306941,Chicago Fire Department Engine Company 4,West Division Street,548,-1538.1,-2131.6,12.0,2002.8,4180,0,0,1,1.0,0,,,,,https://www.openstreetmap.org/way/210306941
1388,w210308542,Stranger's Home Church,West Evergreen Avenue,617-621,-1632.3,-2389.9,14.0,2279.7,4180,0,0,1,1.0,0,,,,,https://www.openstreetmap.org/way/210308542
3296,w508827814,369 Grand,West Grand Avenue,369,-1116.2,-727.5,17.0,521.4,4185,0,0,1,1.0,0,glass,,,,https://www.openstreetmap.org/way/508827814
2286,w210679952,,West Erie Street,,-1207.2,-989.4,29.0,801.1,4185,0,0,1,1.0,0,,,,,https://www.openstreetmap.org/way/210679952
2281,w210679945,,West Erie Street,400,-1206.5,-1040.6,23.5,859.2,4185,0,0,1,1.0,0,,,,,https://www.openstreetmap.org/way/210679945
2288,w210679954,,West Huron Street,409,-1210.0,-1078.8,27.0,900.2,4185,0,0,1,1.0,0,,,,,https://www.openstreetmap.org/way/210679954
2307,w210679975,,West Huron Street,420,-1236.2,-1131.3,59.5,957.4,4185,0,0,1,1.0,0,,,,,https://www.openstreetmap.org/way/210679975
2303,w210679971,,West Superior Street,419-423,-1242.6,-1166.8,15.5,993.1,4185,0,0,1,1.0,0,,,,,https://www.openstreetmap.org/way/210679971
2602,w210680325,,North Cleveland Avenue,815-835,-1329.2,-1396.2,16.5,1228.4,4185,0,0,1,1.0,0,,,,,https://www.openstreetmap.org/way/210680325
2619,w210680345,,North Cleveland Avenue,837-853,-1331.0,-1451.5,14.5,1285.2,4185,0,0,1,1.0,0,,,,,https://www.openstreetmap.org/way/210680345
1301,w210308191,,North Cleveland Avenue,836-852,-1355.2,-1450.9,12.5,1293.3,4185,0,0,1,1.0,0,,,,,https://www.openstreetmap.org/way/210308191
1307,w210308265,,North Cleveland Avenue,854-872,-1357.1,-1514.9,5.5,1353.0,4185,0,0,1,1.0,0,,,,,https://www.openstreetmap.org/way/210308265
1316,w210308333,,North Mohawk Street,901-919,-1383.7,-1569.7,10.5,1413.6,4185,0,0,1,1.0,0,,,,,https://www.openstreetmap.org/way/210308333
1321,w210308392,,North Mohawk Street,920-934,-1409.5,-1630.8,18.5,1483.0,4185,0,0,1,1.0,0,,,,,https://www.openstreetmap.org/way/210308392
1333,w210308482,,North Cambridge Avenue,971-985,-1435.5,-1675.5,11.5,1541.6,4185,0,0,1,1.0,0,,,,,https://www.openstreetmap.org/way/210308482
3125,w231835385,The Oak,West Oak Street,554,-1512.8,-1775.9,31.0,1640.9,4185,0,0,1,1.0,0,,,,,https://www.openstreetmap.org/way/231835385
1226,w210307766,Holy Family Lutheran Church,West Hobbie Street,542,-1529.8,-1879.5,8.0,1763.7,4185,0,0,1,1.0,0,,,,,https://www.openstreetmap.org/way/210307766
3507,w957138100,Elm 551 @ Parkside,West Elm Street,551,-1532.6,-1950.5,0.5,1809.8,4185,0,0,1,1.0,0,,,,,https://www.openstreetmap.org/way/957138100
1155,w210307565,,North Ogden Avenue,1409,-1761.6,-2427.6,8.0,2350.0,4185,0,0,1,1.0,0,,,,,https://www.openstreetmap.org/way/210307565
3724,r2821726,Truth-Child Parent Center,North Ogden Avenue,1443,-1744.1,-2496.3,23.0,2392.8,4185,0,0,1,1.0,0,,,,,https://www.openstreetmap.org/relation/2821726
758,w160718245,,North Orleans Street,444,-1070.0,-631.6,15.5,441.1,4190,0,0,1,1.0,0,,,,,https://www.openstreetmap.org/way/160718245
3398,w686179131,Gallery 400,West Ontario Street,400,-1197.3,-953.1,66.5,776.2,4190,0,0,1,1.0,0,brick,,,,https://www.openstreetmap.org/way/686179131
2301,w210679968,,West Erie Street,416,-1229.3,-1041.6,16.0,875.6,4190,0,0,1,1.0,0,,,,,https://www.openstreetmap.org/way/210679968
2694,w210680433,Huron Pointe,West Huron Street,421-433,-1264.7,-1087.7,57.0,911.5,4190,0,0,1,1.0,0,,,,,https://www.openstreetmap.org/way/210680433
2311,w210679979,,West Huron Street,424,-1257.6,-1126.5,16.5,970.7,4190,0,0,1,1.0,0,,,,,https://www.openstreetmap.org/way/210679979
2315,w210679983,,West Huron Street,426,-1265.8,-1124.1,16.5,972.8,4190,0,0,1,1.0,0,,,,,https://www.openstreetmap.org/way/210679983
2316,w210679985,,West Huron Street,428,-1273.0,-1130.0,17.0,975.7,4190,0,0,1,1.0,0,,,,,https://www.openstreetmap.org/way/210679985
2324,w210679993,,West Superior Street,431,-1272.3,-1165.7,17.5,1006.6,4190,0,0,1,1.0,0,,,,,https://www.openstreetmap.org/way/210679993
2325,w210679994,,West Superior Street,433,-1280.5,-1165.5,17.0,1009.6,4190,0,0,1,1.0,0,,,,,https://www.openstreetmap.org/way/210679994
2544,w210680240,,North Hudson Avenue,734,-1312.1,-1221.2,14.5,1079.6,4190,0,0,1,1.0,0,,,,,https://www.openstreetmap.org/way/210680240
2547,w210680245,,North Hudson Avenue,736,-1312.3,-1231.3,15.0,1091.9,4190,0,0,1,1.0,0,,,,,https://www.openstreetmap.org/way/210680245
2551,w210680253,,North Hudson Avenue,738,-1312.4,-1237.5,14.5,1097.7,4190,0,0,1,1.0,0,,,,,https://www.openstreetmap.org/way/210680253
2556,w210680265,,North Hudson Avenue,740,-1311.5,-1242.7,15.0,1103.4,4190,0,0,1,1.0,0,,,,,https://www.openstreetmap.org/way/210680265
3224,w381267205,The Hudson,North Hudson Avenue,750,-1354.9,-1269.8,83.0,1115.7,4190,0,1,1,1.0,0,,,,,https://www.openstreetmap.org/way/381267205
1300,w210308151,,North Mohawk Street,817-835,-1378.3,-1397.6,15.5,1251.1,4190,0,0,1,1.0,0,,,,,https://www.openstreetmap.org/way/210308151
1302,w210308192,,North Mohawk Street,836-852,-1404.2,-1449.3,6.0,1310.4,4190,0,0,1,1.0,0,,,,,https://www.openstreetmap.org/way/210308192
1312,w210308318,,North Cambridge Avenue,877-909,-1430.8,-1513.3,21.5,1378.4,4190,0,0,1,1.0,0,,,,,https://www.openstreetmap.org/way/210308318
1319,w210308378,,North Cambridge Avenue,911-939,-1432.6,-1567.7,16.5,1429.3,4190,0,0,1,1.0,0,,,,,https://www.openstreetmap.org/way/210308378
1326,w210308420,,North Cambridge Avenue,930-944,-1457.8,-1591.0,8.5,1469.0,4190,0,0,1,1.0,0,,,,,https://www.openstreetmap.org/way/210308420
1213,w210307697,,West Locust Street,516-532,-1478.1,-1575.0,8.0,1469.4,4190,0,0,1,1.0,0,,,,,https://www.openstreetmap.org/way/210307697
1217,w210307703,,West Delaware Place,517-533,-1478.8,-1605.6,8.5,1497.9,4190,0,0,1,1.0,0,,,,,https://www.openstreetmap.org/way/210307703
1211,w210307695,,West Delaware Place,516-532,-1479.6,-1630.3,8.5,1520.9,4190,0,0,1,1.0,0,,,,,https://www.openstreetmap.org/way/210307695
1067,w210307002,Atlas Performance and CrossFit,North Larrabee Street,1020-1030,-1590.6,-1829.8,11.5,1732.6,4190,0,0,1,1.0,0,,,,,https://www.openstreetmap.org/way/210307002
1110,w210307169,Xavier,West Division Street,625,-1639.1,-2048.4,62.0,1920.5,4190,0,0,1,1.0,0,,,,,https://www.openstreetmap.org/way/210307169
1344,w210308494,,West Division Street,635,-1678.0,-2083.8,10.5,2010.1,4190,0,0,1,1.0,0,,,,,https://www.openstreetmap.org/way/210308494
1271,w210307944,,West Eastman Street,708,-1839.5,-2454.0,13.0,2416.9,4190,0,0,1,1.0,0,,,,,https://www.openstreetmap.org/way/210307944
1269,w210307942,,West Blackhawk Street,707,-1840.5,-2491.2,13.0,2451.9,4190,0,0,1,1.0,0,,,,,https://www.openstreetmap.org/way/210307942
1272,w210307946,,West Blackhawk Street,709,-1865.0,-2492.0,12.5,2461.7,4190,0,0,1,1.0,0,,,,,https://www.openstreetmap.org/way/210307946
3869,w160718243,350 West Hubbard,West Hubbard Street,350,-1093.7,-593.8,30.5,403.1,4195,0,0,1,1.0,0,,,,,https://www.openstreetmap.org/way/160718243
3676,w1315998518,,West Grand Avenue,400,-1156.7,-773.0,9.0,594.3,4195,0,0,1,1.0,0,,,,,https://www.openstreetmap.org/way/1315998518
3536,w1065362256,,,,-1166.3,-813.4,9.5,647.1,4195,0,0,1,1.0,0,,,,,https://www.openstreetmap.org/way/1065362256
3400,w686179133,,West Ontario Street,,-1223.8,-952.8,59.0,787.6,4195,0,0,1,1.0,0,brick,,,,https://www.openstreetmap.org/way/686179133
2323,w210679992,,West Erie Street,430-432,-1268.9,-1041.8,30.0,885.9,4195,0,0,1,1.0,0,,,,,https://www.openstreetmap.org/way/210679992
2328,w210679997,,West Huron Street,436,-1308.6,-1131.0,20.0,989.0,4195,0,0,1,1.0,0,,,,,https://www.openstreetmap.org/way/210679997
3246,w411433481,,,,-1319.6,-1167.1,21.0,1027.6,4195,0,0,1,1.0,0,,,,,https://www.openstreetmap.org/way/411433481
2336,w210680005,,West Superior Street,445,-1329.6,-1166.8,21.0,1032.6,4195,0,0,1,1.0,0,,,,,https://www.openstreetmap.org/way/210680005
2339,w210680008,,West Superior Street,448,-1341.9,-1209.7,14.5,1082.3,4195,0,0,1,1.0,0,,,,,https://www.openstreetmap.org/way/210680008
1161,w210307579,,West Superior Street,450,-1349.6,-1209.4,15.0,1085.8,4195,0,0,1,1.0,0,,,,,https://www.openstreetmap.org/way/210307579
2349,w210680019,,West Superior Street,460,-1347.2,-1239.2,15.0,1111.2,4195,0,0,1,1.0,0,,,,,https://www.openstreetmap.org/way/210680019
1167,w210307585,,West Superior Street,460,-1357.8,-1239.1,15.5,1113.8,4195,0,0,1,1.0,0,,,,,https://www.openstreetmap.org/way/210307585
1166,w210307584,,West Superior Street,460,-1368.7,-1239.0,15.0,1119.8,4195,0,0,1,1.0,0,,,,,https://www.openstreetmap.org/way/210307584
1298,w210308144,,North Cambridge Avenue,815-845,-1427.1,-1392.4,12.0,1266.6,4195,0,0,1,1.0,0,,,,,https://www.openstreetmap.org/way/210308144
1304,w210308201,,North Cambridge Avenue,840-854,-1452.8,-1425.1,8.5,1315.3,4195,0,0,1,1.0,0,,,,,https://www.openstreetmap.org/way/210308201
1216,w210307702,,West Chestnut Street,517-533,-1474.0,-1439.8,8.5,1344.6,4195,0,0,1,1.0,0,,,,,https://www.openstreetmap.org/way/210307702
1310,w210308313,,North Cambridge Avenue,870-884,-1454.5,-1480.7,8.0,1366.6,4195,0,0,1,1.0,0,,,,,https://www.openstreetmap.org/way/210308313
1210,w210307694,,West Chestnut Street,516-532,-1474.6,-1464.4,8.5,1367.1,4195,0,0,1,1.0,0,,,,,https://www.openstreetmap.org/way/210307694
1224,w210307749,,West Iowa Street,527-533,-1475.4,-1495.2,8.0,1395.3,4195,0,0,1,1.0,0,,,,,https://www.openstreetmap.org/way/210307749
1311,w210308314,,North Larrabee Street,873,-1513.8,-1538.6,27.0,1424.9,4195,0,0,1,1.0,0,,,,,https://www.openstreetmap.org/way/210308314
1318,w210308347,,North Larrabee Street,907-909,-1515.0,-1580.1,10.5,1480.6,4195,0,0,1,1.0,0,,,,,https://www.openstreetmap.org/way/210308347
1320,w210308388,,North Larrabee Street,917,-1525.4,-1604.2,17.0,1517.2,4195,0,0,1,1.0,0,,,,,https://www.openstreetmap.org/way/210308388
3384,w665448250,,North Crosby Street,943,-1566.9,-1692.4,8.0,1587.9,4195,0,0,1,1.0,0,,,,,https://www.openstreetmap.org/way/665448250
1372,w210308522,,North Crosby Street,1107,-1689.3,-1900.3,11.0,1853.0,4195,0,0,1,1.0,0,,,,,https://www.openstreetmap.org/way/210308522
1371,w210308521,,North Crosby Street,1109,-1689.4,-1907.9,11.0,1859.8,4195,0,0,1,1.0,0,,,,,https://www.openstreetmap.org/way/210308521
1362,w210308512,,North Crosby Street,1111,-1688.9,-1916.3,10.5,1867.3,4195,0,0,1,1.0,0,,,,,https://www.openstreetmap.org/way/210308512
1378,w210308528,,North Crosby Street,1115,-1689.7,-1923.2,11.0,1873.8,4195,0,0,1,1.0,0,,,,,https://www.openstreetmap.org/way/210308528
1368,w210308518,,North Crosby Street,1117,-1690.0,-1930.7,11.0,1880.9,4195,0,0,1,1.0,0,,,,,https://www.openstreetmap.org/way/210308518
1383,w210308533,,West Elm Street,637,-1672.1,-1965.2,10.5,1899.2,4195,0,0,1,1.0,0,,,,,https://www.openstreetmap.org/way/210308533
1369,w210308519,,West Elm Street,639,-1679.2,-1964.6,10.5,1902.4,4195,0,0,1,1.0,0,,,,,https://www.openstreetmap.org/way/210308519
1353,w210308503,,West Elm Street,641,-1687.0,-1963.7,10.5,1905.4,4195,0,0,1,1.0,0,,,,,https://www.openstreetmap.org/way/210308503
1380,w210308530,,West Elm Street,643,-1694.9,-1964.9,10.5,1908.3,4195,0,0,1,1.0,0,,,,,https://www.openstreetmap.org/way/210308530
1377,w210308527,,West Elm Street,645,-1702.2,-1964.2,10.0,1911.5,4195,0,0,1,1.0,0,,,,,https://www.openstreetmap.org/way/210308527
1413,w210308705,,,,-1718.0,-1995.7,3.5,1955.6,4195,0,0,1,1.0,0,,,,,https://www.openstreetmap.org/way/210308705
1396,w210308568,,,,-1718.2,-2003.3,3.5,1962.5,4195,0,0,1,1.0,0,,,,,https://www.openstreetmap.org/way/210308568
1408,w210308668,,,,-1718.4,-2010.9,3.5,1969.7,4195,0,0,1,1.0,0,,,,,https://www.openstreetmap.org/way/210308668
1375,w210308525,,North Frontier Avenue,1147,-1742.6,-2010.8,9.0,1976.2,4195,0,0,1,1.0,0,,,,,https://www.openstreetmap.org/way/210308525
1399,w210308581,,,,-1718.7,-2018.7,4.0,1976.9,4195,0,0,1,1.0,0,,,,,https://www.openstreetmap.org/way/210308581
1364,w210308514,,North Frontier Avenue,1149,-1742.0,-2018.9,9.5,1983.1,4195,0,0,1,1.0,0,,,,,https://www.openstreetmap.org/way/210308514
1422,w210308751,,,,-1718.8,-2026.2,6.5,1983.8,4195,0,0,1,1.0,0,,,,,https://www.openstreetmap.org/way/210308751
1367,w210308517,,North Frontier Avenue,1151,-1743.0,-2026.0,9.5,1990.1,4195,0,0,1,1.0,0,,,,,https://www.openstreetmap.org/way/210308517
1409,w210308673,,,,-1719.2,-2034.0,5.5,1990.9,4195,0,0,1,1.0,0,,,,,https://www.openstreetmap.org/way/210308673
1355,w210308505,,North Frontier Avenue,1153,-1742.4,-2034.2,9.0,1996.8,4195,0,0,1,1.0,0,,,,,https://www.openstreetmap.org/way/210308505
1403,w210308634,,,,-1719.3,-2041.6,5.5,1997.7,4195,0,0,1,1.0,0,,,,,https://www.openstreetmap.org/way/210308634
1374,w210308524,,North Frontier Avenue,1155,-1743.4,-2041.3,9.5,2004.0,4195,0,0,1,1.0,0,,,,,https://www.openstreetmap.org/way/210308524
1401,w210308593,,,,-1719.3,-2049.4,5.0,2004.7,4195,0,0,1,1.0,0,,,,,https://www.openstreetmap.org/way/210308593
1361,w210308511,,North Frontier Avenue,1157,-1742.9,-2049.5,9.0,2011.1,4195,0,0,1,1.0,0,,,,,https://www.openstreetmap.org/way/210308511
1337,w210308487,,West Division Street,653,-1731.5,-2082.4,11.5,2030.6,4195,0,0,1,1.0,0,,,,,https://www.openstreetmap.org/way/210308487
1351,w210308501,,West Division Street,655,-1738.6,-2080.9,10.5,2033.4,4195,0,0,1,1.0,0,,,,,https://www.openstreetmap.org/way/210308501
1384,w210308534,,West Division Street,657,-1746.5,-2082.4,10.5,2036.8,4195,0,0,1,1.0,0,,,,,https://www.openstreetmap.org/way/210308534
1385,w210308535,,West Division Street,659,-1754.2,-2082.2,11.0,2039.7,4195,0,0,1,1.0,0,,,,,https://www.openstreetmap.org/way/210308535
1347,w210308497,,West Division Street,661,-1761.6,-2080.5,10.5,2042.7,4195,0,0,1,1.0,0,,,,,https://www.openstreetmap.org/way/210308497
1125,w210307384,,North Burling Street,1311,-1866.9,-2290.7,7.0,2285.6,4195,0,0,1,1.0,0,,,,,https://www.openstreetmap.org/way/210307384
1128,w210307403,,North Burling Street,1315-1317,-1869.4,-2304.6,10.5,2297.0,4195,0,0,1,1.0,0,,,,,https://www.openstreetmap.org/way/210307403
1136,w210307446,,North Burling Street,1329,-1868.2,-2340.8,13.0,2320.0,4195,0,0,1,1.0,0,,,,,https://www.openstreetmap.org/way/210307446
1430,w210308829,,North Burling Street,1331-1333,-1885.1,-2339.4,10.5,2334.6,4195,0,0,1,1.0,0,,,,,https://www.openstreetmap.org/way/210308829
1144,w210307474,,North Burling Street,1337,-1886.2,-2354.0,7.0,2350.6,4195,0,0,1,1.0,0,,,,,https://www.openstreetmap.org/way/210307474
1278,w210307993,,West Fair Place,720,-1861.9,-2368.0,13.5,2353.6,4195,0,0,1,1.0,0,,,,,https://www.openstreetmap.org/way/210307993
1276,w210307976,,West Evergreen Avenue,715-723,-1874.4,-2379.8,14.0,2361.1,4195,0,0,1,1.0,0,,,,,https://www.openstreetmap.org/way/210307976
1154,w210307564,,North Burling Street,1408-1410,-1920.5,-2428.2,12.5,2427.4,4195,0,0,1,1.0,0,,,,,https://www.openstreetmap.org/way/210307564
1293,w210308114,,West Eastman Street,757,-1936.3,-2437.0,7.0,2447.4,4195,0,0,1,1.0,0,,,,,https://www.openstreetmap.org/way/210308114
1156,w210307569,,North Burling Street,1414-1428,-1917.7,-2473.4,12.5,2455.1,4195,0,0,1,1.0,0,,,,,https://www.openstreetmap.org/way/210307569
1157,w210307571,,North Halsted Street,1415,-1947.6,-2461.9,14.0,2471.1,4195,0,0,1,1.0,0,,,,,https://www.openstreetmap.org/way/210307571
1158,w210307573,,North Halsted Street,1421,-1948.5,-2478.4,13.5,2486.4,4195,0,0,1,1.0,0,,,,,https://www.openstreetmap.org/way/210307573
1159,w210307575,,North Halsted Street,1427,-1948.4,-2494.0,14.5,2500.4,4195,0,0,1,1.0,0,,,,,https://www.openstreetmap.org/way/210307575
3525,w1024669104,,West Schiller Street,749,-1941.0,-2505.8,0.5,2508.2,4195,0,0,1,1.0,0,,,,,https://www.openstreetmap.org/way/1024669104
3195,w325764476,,,,-1936.6,-2597.5,73.0,2557.9,4195,0,0,1,1.0,0,,,,,https://www.openstreetmap.org/way/325764476
3510,w1004593499,,,,-1942.8,-2583.2,73.0,2562.1,4195,0,0,1,1.0,0,,,,,https://www.openstreetmap.org/way/1004593499
3535,w1065362255,,,,-1180.9,-807.2,5.0,648.3,4200,0,0,1,1.0,0,,,,,https://www.openstreetmap.org/way/1065362255
2338,w210680007,,West Huron Street,448,-1339.2,-1126.8,18.0,1003.6,4200,0,0,1,1.0,0,,,,,https://www.openstreetmap.org/way/210680007
3249,w411433484,,,,-1348.9,-1129.2,18.5,1007.3,4200,0,0,1,1.0,0,,,,,https://www.openstreetmap.org/way/411433484
1170,w210307588,,West Superior Street,461,-1372.7,-1162.2,20.0,1046.2,4200,0,0,1,1.0,0,,,,,https://www.openstreetmap.org/way/210307588
1178,w210307607,,West Superior Street,466,-1381.8,-1210.5,15.0,1099.6,4200,0,0,1,1.0,0,,,,,https://www.openstreetmap.org/way/210307607
1182,w210307615,,West Superior Street,470,-1394.3,-1208.8,15.0,1104.7,4200,0,0,1,1.0,0,,,,,https://www.openstreetmap.org/way/210307615
1286,w210308049,,North Kingsbury Street,739,-1400.7,-1230.6,15.0,1126.4,4200,0,0,1,1.0,0,,,,,https://www.openstreetmap.org/way/210308049
1287,w210308060,,North Kingsbury Street,741,-1402.3,-1236.9,15.5,1131.9,4200,0,0,1,1.0,0,,,,,https://www.openstreetmap.org/way/210308060
1202,w210307638,,West Chicago Avenue,500-530,-1501.3,-1367.3,19.0,1230.6,4200,0,0,1,1.0,0,,,,,https://www.openstreetmap.org/way/210307638
3173,w283130642,,North Larrabee Street,847,-1502.1,-1478.0,8.0,1379.2,4200,0,0,1,1.0,0,,,,,https://www.openstreetmap.org/way/283130642
1395,w210308555,,North Larrabee Street,906-918,-1567.2,-1586.3,14.0,1496.0,4200,0,0,1,1.0,0,,,,,https://www.openstreetmap.org/way/210308555
1392,w210308552,,North Howe Street,,-1585.2,-1626.3,13.0,1549.9,4200,0,0,1,1.0,0,,,,,https://www.openstreetmap.org/way/210308552
1394,w210308554,,North Howe Street,,-1602.3,-1653.8,13.0,1582.4,4200,0,0,1,1.0,0,,,,,https://www.openstreetmap.org/way/210308554
1393,w210308553,,West Oak Street,623-631,-1619.5,-1681.3,12.5,1614.8,4200,0,0,1,1.0,0,,,,,https://www.openstreetmap.org/way/210308553
1029,w210306948,,North Crosby Street,1000,-1630.9,-1716.7,12.0,1667.3,4200,0,0,1,1.0,0,,,,,https://www.openstreetmap.org/way/210306948
1230,w210307822,,West Oak Street,632,-1651.2,-1712.2,12.0,1669.0,4200,0,0,1,1.0,0,,,,,https://www.openstreetmap.org/way/210307822
1031,w210306954,,North Crosby Street,1002,-1634.0,-1721.8,12.0,1673.2,4200,0,0,1,1.0,0,,,,,https://www.openstreetmap.org/way/210306954
1034,w210306957,,North Crosby Street,1004,-1637.2,-1727.1,12.0,1679.5,4200,0,0,1,1.0,0,,,,,https://www.openstreetmap.org/way/210306957
1038,w210306962,,North Crosby Street,1006,-1640.1,-1732.0,12.0,1685.6,4200,0,0,1,1.0,0,,,,,https://www.openstreetmap.org/way/210306962
1065,w210306999,,North Kingsbury Street,1019,-1659.2,-1729.6,12.0,1688.9,4200,0,0,1,1.0,0,,,,,https://www.openstreetmap.org/way/210306999
1042,w210306967,,North Crosby Street,1008,-1642.8,-1736.6,12.0,1690.9,4200,0,0,1,1.0,0,,,,,https://www.openstreetmap.org/way/210306967
1046,w210306973,,North Crosby Street,1010,-1645.4,-1741.1,12.0,1696.2,4200,0,0,1,1.0,0,,,,,https://www.openstreetmap.org/way/210306973
1050,w210306980,,North Crosby Street,1012,-1649.8,-1745.3,12.5,1701.5,4200,0,0,1,1.0,0,,,,,https://www.openstreetmap.org/way/210306980
1055,w210306986,,North Crosby Street,1014,-1651.3,-1750.4,12.5,1707.1,4200,0,0,1,1.0,0,,,,,https://www.openstreetmap.org/way/210306986
1060,w210306992,,North Crosby Street,1016,-1654.5,-1755.8,12.0,1713.3,4200,0,0,1,1.0,0,,,,,https://www.openstreetmap.org/way/210306992
1064,w210306997,,North Crosby Street,1018,-1657.2,-1760.3,12.0,1718.4,4200,0,0,1,1.0,0,,,,,https://www.openstreetmap.org/way/210306997
1066,w210307001,,North Crosby Street,1020,-1660.0,-1764.9,12.0,1723.9,4200,0,0,1,1.0,0,,,,,https://www.openstreetmap.org/way/210307001
1073,w210307011,,North Crosby Street,1026,-1669.5,-1778.6,12.0,1739.9,4200,0,0,1,1.0,0,,,,,https://www.openstreetmap.org/way/210307011
1076,w210307015,,North Crosby Street,1028,-1672.5,-1783.3,12.0,1746.0,4200,0,0,1,1.0,0,,,,,https://www.openstreetmap.org/way/210307015
1079,w210307020,,North Crosby Street,1030,-1675.3,-1787.7,12.5,1751.0,4200,0,0,1,1.0,0,,,,,https://www.openstreetmap.org/way/210307020
1082,w210307026,,North Crosby Street,1032,-1679.0,-1793.3,12.5,1756.2,4200,0,0,1,1.0,0,,,,,https://www.openstreetmap.org/way/210307026
1085,w210307029,,North Crosby Street,1034,-1682.6,-1798.0,12.5,1762.4,4200,0,0,1,1.0,0,,,,,https://www.openstreetmap.org/way/210307029
1087,w210307033,,North Crosby Street,1036,-1685.0,-1804.8,12.0,1770.6,4200,0,0,1,1.0,0,,,,,https://www.openstreetmap.org/way/210307033
1090,w210307037,,North Crosby Street,1038,-1687.9,-1809.5,12.0,1775.9,4200,0,0,1,1.0,0,,,,,https://www.openstreetmap.org/way/210307037
1093,w210307040,,North Crosby Street,1040,-1690.7,-1814.0,12.5,1781.8,4200,0,0,1,1.0,0,,,,,https://www.openstreetmap.org/way/210307040
1096,w210307044,,North Crosby Street,1042,-1693.5,-1818.4,12.0,1786.4,4200,0,0,1,1.0,0,,,,,https://www.openstreetmap.org/way/210307044
1099,w210307047,,North Crosby Street,1044,-1696.5,-1823.2,12.0,1792.2,4200,0,0,1,1.0,0,,,,,https://www.openstreetmap.org/way/210307047
1102,w210307052,,North Crosby Street,1046,-1698.9,-1827.2,12.0,1797.8,4200,0,0,1,1.0,0,,,,,https://www.openstreetmap.org/way/210307052
1026,w210306938,Northtown Village,North Halsted Street,1311-1313,-1931.6,-2285.8,30.0,2284.8,4200,0,0,1,1.0,0,,,,,https://www.openstreetmap.org/way/210306938
1134,w210307440,,North Halsted Street,1327,-1947.1,-2322.4,14.0,2345.4,4200,0,0,1,1.0,0,,,,,https://www.openstreetmap.org/way/210307440
1141,w210307461,,North Halsted Street,1333,-1946.2,-2336.3,10.0,2357.6,4200,0,0,1,1.0,0,,,,,https://www.openstreetmap.org/way/210307461
1147,w210307490,,North Halsted Street,1341,-1945.4,-2350.1,10.5,2369.4,4200,0,0,1,1.0,0,,,,,https://www.openstreetmap.org/way/210307490
1249,w210307847,,West Hobbie Street,655,-1721.2,-1806.3,12.5,1784.7,4210,0,0,1,1.0,0,,,,,https://www.openstreetmap.org/way/210307847
2326,w210679995,,West Ontario Street,434,-1288.5,-951.4,20.5,817.0,4215,0,0,1,1.0,0,,,,,https://www.openstreetmap.org/way/210679995
3250,w411433485,,,,-1380.8,-1132.9,9.0,1025.1,4215,0,0,1,1.0,0,,,,,https://www.openstreetmap.org/way/411433485
1098,w210307046,,North Kingsbury Street,1043,-1715.5,-1785.3,12.5,1764.6,4215,0,0,1,1.0,0,,,,,https://www.openstreetmap.org/way/210307046
1250,w210307850,,West Hobbie Street,657,-1725.9,-1803.5,12.5,1784.3,4215,0,0,1,1.0,0,,,,,https://www.openstreetmap.org/way/210307850
1305,w210308210,River Village Pointe,North Kingsbury Street,845,-1568.0,-1498.6,30.5,1407.5,4220,0,0,1,1.0,0,,,,,https://www.openstreetmap.org/way/210308210
1317,w210308335,,North Kingsbury Street,903-933,-1619.5,-1594.7,12.0,1514.8,4220,0,0,1,1.0,0,,,,,https://www.openstreetmap.org/way/210308335
1044,w210306970,,North Kingsbury Street,1009,-1684.3,-1715.5,12.0,1686.5,4220,0,0,1,1.0,0,,,,,https://www.openstreetmap.org/way/210306970
1101,w210307050,,North Kingsbury Street,1045,-1720.0,-1782.6,12.5,1764.2,4220,0,0,1,1.0,0,,,,,https://www.openstreetmap.org/way/210307050
1252,w210307855,,West Hobbie Street,659,-1730.3,-1800.8,12.0,1784.0,4220,0,0,1,1.0,0,,,,,https://www.openstreetmap.org/way/210307855
3859,w153339075,Hubbard Place,West Hubbard Street,360,-1174.3,-622.7,137.0,454.7,4225,0,1,1,0.9986,0,,,,,https://www.openstreetmap.org/way/153339075
2293,w210679959,,West Grand Avenue,410-420,-1252.4,-776.6,27.5,622.6,4225,0,0,1,1.0,0,,,,,https://www.openstreetmap.org/way/210679959
1040,w210306965,,North Kingsbury Street,1007,-1690.5,-1712.3,12.0,1686.0,4225,0,0,1,1.0,0,,,,,https://www.openstreetmap.org/way/210306965
1104,w210307055,,North Kingsbury Street,1047,-1724.4,-1779.9,12.5,1763.9,4225,0,0,1,1.0,0,,,,,https://www.openstreetmap.org/way/210307055
1255,w210307868,,West Hobbie Street,661,-1735.3,-1797.8,12.0,1783.6,4225,0,0,1,1.0,0,,,,,https://www.openstreetmap.org/way/210307868
1164,w210307582,,West Erie Street,459,-1340.0,-987.3,24.0,865.5,4230,0,0,1,1.0,0,,,,,https://www.openstreetmap.org/way/210307582
1328,w210308436,,North Kingsbury Street,937-945,-1651.2,-1642.5,10.5,1599.3,4230,0,0,1,1.0,0,,,,,https://www.openstreetmap.org/way/210308436
1036,w210306959,,North Kingsbury Street,1005,-1694.9,-1709.6,12.0,1685.5,4230,0,0,1,1.0,0,,,,,https://www.openstreetmap.org/way/210306959
1105,w210307060,,North Kingsbury Street,1049,-1729.1,-1777.0,12.5,1763.5,4230,0,0,1,1.0,0,,,,,https://www.openstreetmap.org/way/210307060
1257,w210307877,,West Hobbie Street,663,-1740.2,-1794.8,12.0,1783.1,4230,0,0,1,1.0,0,,,,,https://www.openstreetmap.org/way/210307877
1111,w210307177,Switchgear Building,North Crosby Street,1180,-1844.4,-2047.3,5.0,2052.1,4230,0,0,1,1.0,0,,,,,https://www.openstreetmap.org/way/210307177
3888,w210307636,The Montgomery,West Superior Street,500,-1459.3,-1247.3,123.0,1143.3,4235,0,1,1,1.0,0,,,,,https://www.openstreetmap.org/way/210307636
1236,w210307829,,West Oak Street,641-649,-1660.3,-1659.6,10.5,1627.2,4235,0,0,1,1.0,0,,,,,https://www.openstreetmap.org/way/210307829
1032,w210306955,,North Kingsbury Street,1003,-1697.9,-1705.5,12.0,1685.2,4235,0,0,1,1.0,0,,,,,https://www.openstreetmap.org/way/210306955
1106,w210307063,,North Kingsbury Street,1051,-1733.8,-1774.2,12.0,1763.1,4235,0,0,1,1.0,0,,,,,https://www.openstreetmap.org/way/210307063
1258,w210307890,,West Hobbie Street,665,-1744.4,-1792.1,12.5,1782.7,4235,0,0,1,1.0,0,,,,,https://www.openstreetmap.org/way/210307890
1030,w210306951,,North Kingsbury Street,1001,-1702.1,-1702.8,12.0,1684.8,4240,0,0,1,1.0,0,,,,,https://www.openstreetmap.org/way/210306951
1107,w210307066,,North Kingsbury Street,1053,-1738.1,-1771.5,12.5,1762.8,4240,0,0,1,1.0,0,,,,,https://www.openstreetmap.org/way/210307066
1205,w210307643,,West Superior Street,501-513,-1445.6,-1165.1,13.5,1074.0,4245,0,0,1,1.0,0,,,,,https://www.openstreetmap.org/way/210307643
1108,w210307071,,North Kingsbury Street,1055,-1742.8,-1768.7,12.5,1762.4,4245,0,0,1,1.0,0,,,,,https://www.openstreetmap.org/way/210307071
1406,w210308650,Control House,,,-1800.8,-1865.0,9.0,1875.4,4255,0,0,1,1.0,0,,,,,https://www.openstreetmap.org/way/210308650
1336,w210308485,Kingsbury on the Park,North Kingsbury Street,653,-1381.9,-986.6,94.0,885.5,4260,0,1,1,1.0,0,,,,,https://www.openstreetmap.org/way/210308485
1204,w210307642,,West Huron Street,501-513,-1451.1,-1074.2,37.5,992.8,4260,0,0,1,1.0,0,,,,,https://www.openstreetmap.org/way/210307642
1215,w210307701,,West Superior Street,517-531,-1500.0,-1162.1,39.0,1092.2,4260,0,0,1,1.0,0,,,,,https://www.openstreetmap.org/way/210307701
3890,w210307773,600 West,West Chicago Avenue,600,-1698.9,-1561.3,55.5,1280.8,4260,0,0,1,1.0,0,,,,,https://www.openstreetmap.org/way/210307773
1033,w210306956,,North River Walk,1003,-1752.8,-1653.2,12.5,1667.1,4260,0,0,1,1.0,0,,,,,https://www.openstreetmap.org/way/210306956
1037,w210306960,,North River Walk,1005,-1754.9,-1658.5,12.5,1672.7,4260,0,0,1,1.0,0,,,,,https://www.openstreetmap.org/way/210306960
1041,w210306966,,North River Walk,1007,-1756.9,-1663.8,12.5,1678.2,4260,0,0,1,1.0,0,,,,,https://www.openstreetmap.org/way/210306966
1045,w210306971,,North River Walk,1009,-1758.9,-1669.0,12.5,1683.9,4260,0,0,1,1.0,0,,,,,https://www.openstreetmap.org/way/210306971
1049,w210306979,,North River Walk,1011,-1761.0,-1674.6,12.5,1689.4,4260,0,0,1,1.0,0,,,,,https://www.openstreetmap.org/way/210306979
1054,w210306985,,North River Walk,1013,-1763.3,-1680.6,13.0,1695.8,4260,0,0,1,1.0,0,,,,,https://www.openstreetmap.org/way/210306985
1059,w210306990,,North River Walk,1015,-1765.6,-1686.7,12.5,1702.0,4260,0,0,1,1.0,0,,,,,https://www.openstreetmap.org/way/210306990
1063,w210306996,,North River Walk,1017,-1764.6,-1697.0,13.0,1708.6,4260,0,0,1,1.0,0,,,,,https://www.openstreetmap.org/way/210306996
1072,w210307009,,North River Walk,1025,-1775.2,-1717.4,12.5,1733.5,4260,0,0,1,1.0,0,,,,,https://www.openstreetmap.org/way/210307009
3711,w1547842198,,,,-1764.0,-1724.4,12.5,1733.5,4260,0,0,1,1.0,0,,,,,https://www.openstreetmap.org/way/1547842198
1074,w210307012,,North Kingsbury Street,1026,-1754.2,-1729.3,12.5,1735.1,4260,0,0,1,1.0,0,,,,,https://www.openstreetmap.org/way/210307012
1077,w210307016,,North Kingsbury Street,1028,-1757.4,-1734.4,13.0,1740.8,4260,0,0,1,1.0,0,,,,,https://www.openstreetmap.org/way/210307016
1404,w210308639,,North River Walk,1027,-1778.3,-1724.0,12.5,1741.6,4260,0,0,1,1.0,0,,,,,https://www.openstreetmap.org/way/210308639
1080,w210307021,,North Kingsbury Street,1030,-1760.5,-1739.5,12.5,1747.2,4260,0,0,1,1.0,0,,,,,https://www.openstreetmap.org/way/210307021
1414,w210308707,,North River Walk,1029,-1781.2,-1729.8,13.0,1748.1,4260,0,0,1,1.0,0,,,,,https://www.openstreetmap.org/way/210308707
1083,w210307027,,North Kingsbury Street,1032,-1763.4,-1744.1,12.5,1752.7,4260,0,0,1,1.0,0,,,,,https://www.openstreetmap.org/way/210307027
1424,w210308764,,North River Walk,1031,-1783.9,-1735.5,12.5,1754.5,4260,0,0,1,1.0,0,,,,,https://www.openstreetmap.org/way/210308764
1086,w210307030,,North Kingsbury Street,1034,-1766.3,-1748.8,13.0,1758.1,4260,0,0,1,1.0,0,,,,,https://www.openstreetmap.org/way/210307030
1405,w210308645,,North River Walk,1033,-1786.4,-1741.0,12.5,1760.8,4260,0,0,1,1.0,0,,,,,https://www.openstreetmap.org/way/210308645
1088,w210307035,,North Kingsbury Street,1036,-1769.3,-1753.7,13.0,1763.6,4260,0,0,1,1.0,0,,,,,https://www.openstreetmap.org/way/210307035
1402,w210308601,,North River Walk,1035,-1789.0,-1746.7,12.5,1766.4,4260,0,0,1,1.0,0,,,,,https://www.openstreetmap.org/way/210308601
3710,w1547842197,,,,-1795.4,-1750.9,10.5,1773.5,4260,0,0,1,1.0,0,,,,,https://www.openstreetmap.org/way/1547842197
1091,w210307038,,North Kingsbury Street,1038,-1801.2,-1760.8,12.5,1781.5,4260,0,0,1,1.0,0,,,,,https://www.openstreetmap.org/way/210307038
1094,w210307041,,North Kingsbury Street,1040,-1794.9,-1764.6,13.0,1781.8,4260,0,0,1,1.0,0,,,,,https://www.openstreetmap.org/way/210307041
1097,w210307045,,North Kingsbury Street,1042,-1788.6,-1768.4,12.5,1782.1,4260,0,0,1,1.0,0,,,,,https://www.openstreetmap.org/way/210307045
1100,w210307048,,North Kingsbury Street,1044,-1783.2,-1771.8,12.5,1782.5,4260,0,0,1,1.0,0,,,,,https://www.openstreetmap.org/way/210307048
2302,w210679970,,West Grand Avenue,419,-1231.9,-718.8,16.0,555.7,4265,0,0,1,1.0,0,,,,,https://www.openstreetmap.org/way/210679970
1174,w210307595,,West Ontario Street,463,-1351.2,-891.1,14.0,790.8,4265,0,0,1,1.0,0,concrete,,,,https://www.openstreetmap.org/way/210307595
3889,w210307668,Erie on the Park,West Huron Street,510,-1470.1,-1053.2,92.0,967.9,4265,0,1,1,1.0,0,,,,,https://www.openstreetmap.org/way/210307668
1391,w210308548,Bridge House,,,-1611.2,-1310.1,10.0,1299.6,4265,0,0,1,1.0,0,,,,,https://www.openstreetmap.org/way/210308548
1428,w210308815,,,,-1843.7,-1694.8,4.5,1739.6,4265,0,0,1,1.0,0,,,,,https://www.openstreetmap.org/way/210308815
1390,w210308547,,,,-1843.7,-1724.0,9.5,1756.3,4265,0,0,1,1.0,0,,,,,https://www.openstreetmap.org/way/210308547
3101,w212016122,Kingsbury Plaza,North Kingsbury Street,520,-1313.3,-703.9,140.0,585.1,4270,0,1,1,1.0,0,,,,,https://www.openstreetmap.org/way/212016122
1227,w210307769,River Bank Lofts,North Kingsbury Street,550,-1349.7,-781.5,29.0,669.0,4270,0,0,1,1.0,0,,,,,https://www.openstreetmap.org/way/210307769
1221,w210307717,,West Erie Street,520,-1491.7,-1044.7,33.0,982.4,4270,0,0,1,1.0,0,,,,,https://www.openstreetmap.org/way/210307717
1389,w210308545,Two River Place,North Larrabee Street,718-720,-1566.7,-1158.9,68.0,1118.2,4270,0,0,1,1.0,0,,,,,https://www.openstreetmap.org/way/210308545
3674,w1315998489,Bridge House,,,-1426.8,-875.3,17.0,832.7,4275,0,0,1,1.0,0,,,,,https://www.openstreetmap.org/way/1315998489
1225,w210307760,,West Erie Street,534-536,-1515.8,-1053.1,12.0,1005.6,4275,0,0,1,1.0,0,,,,,https://www.openstreetmap.org/way/210307760
1266,w210307936,Chicago Tribune Freedom Center North,West Chicago Avenue,700-756,-1855.2,-1343.6,22.0,1391.2,4280,0,0,1,1.0,0,,,,,https://www.openstreetmap.org/way/210307936
1420,w210308730,Bridge House,,,-1927.9,-1441.8,14.0,1585.5,4285,0,0,1,1.0,0,,,,,https://www.openstreetmap.org/way/210308730
3534,w1062775016,Grand Avenue Bridge House,West Grand Avenue,,-1413.8,-723.2,8.5,702.5,4290,0,0,1,1.0,0,,,,,https://www.openstreetmap.org/way/1062775016
3406,w686309064,Bridge House,,,-1497.4,-840.9,17.0,846.3,4290,0,0,1,1.0,0,,,,,https://www.openstreetmap.org/way/686309064
1180,w210307610,,North Canal Street,469,-1402.2,-652.1,13.5,637.0,4295,0,0,1,1.0,0,,,,,https://www.openstreetmap.org/way/210307610
1186,w210307619,,North Canal Street,473,-1405.3,-659.3,14.0,644.2,4295,0,0,1,1.0,0,,,,,https://www.openstreetmap.org/way/210307619
1189,w210307622,,North Canal Street,477,-1408.5,-666.5,14.0,652.1,4295,0,0,1,1.0,0,,,,,https://www.openstreetmap.org/way/210307622
1191,w210307624,,North Canal Street,481,-1411.5,-673.6,14.0,660.0,4295,0,0,1,1.0,0,,,,,https://www.openstreetmap.org/way/210307624
1193,w210307626,,North Canal Street,485,-1414.5,-680.5,13.5,667.1,4295,0,0,1,1.0,0,,,,,https://www.openstreetmap.org/way/210307626
1200,w210307634,,North Canal Street,499,-1436.5,-714.0,16.0,709.3,4295,0,0,1,1.0,0,,,,,https://www.openstreetmap.org/way/210307634
3692,w1495250946,,,,-1501.7,-785.9,2.0,773.0,4295,0,0,1,1.0,0,,,,,https://www.openstreetmap.org/way/1495250946
1505,w210671696,,North Canal Street,401,-1324.1,-529.0,13.5,494.1,4300,0,0,1,1.0,0,,,,,https://www.openstreetmap.org/way/210671696
1506,w210671697,,North Canal Street,405,-1326.8,-535.4,13.5,501.3,4300,0,0,1,1.0,0,,,,,https://www.openstreetmap.org/way/210671697
1507,w210671699,,North Canal Street,409,-1332.5,-540.7,13.5,508.6,4300,0,0,1,1.0,0,,,,,https://www.openstreetmap.org/way/210671699
1508,w210671700,,North Canal Street,413,-1337.4,-547.8,14.0,515.9,4300,0,0,1,1.0,0,,,,,https://www.openstreetmap.org/way/210671700
1509,w210671701,,North Canal Street,417,-1341.9,-554.1,14.0,525.2,4300,0,0,1,1.0,0,,,,,https://www.openstreetmap.org/way/210671701
1510,w210671702,,North Canal Street,421,-1346.1,-560.1,14.0,531.8,4300,0,0,1,1.0,0,,,,,https://www.openstreetmap.org/way/210671702
1511,w210671703,,North Canal Street,425,-1347.4,-567.1,14.0,539.2,4300,0,0,1,1.0,0,,,,,https://www.openstreetmap.org/way/210671703
904,w210270376,,North Canal Street,429,-1355.8,-578.4,14.0,553.0,4300,0,0,1,1.0,0,,,,,https://www.openstreetmap.org/way/210270376
907,w210270380,,North Canal Street,433,-1360.0,-584.5,14.0,560.1,4300,0,0,1,1.0,0,,,,,https://www.openstreetmap.org/way/210270380
1183,w210307616,,North Canal Street,472,-1430.5,-662.3,16.5,662.8,4300,0,0,1,1.0,0,,,,,https://www.openstreetmap.org/way/210307616
3846,w149509955,Kinzie Park Tower,North Clinton Street,501,-1475.5,-677.2,111.5,693.9,4300,0,1,1,1.0,0,,,,,https://www.openstreetmap.org/way/149509955
3693,w1495250951,,,,-1512.4,-767.4,0.5,794.3,4300,0,0,1,1.0,0,,,,,https://www.openstreetmap.org/way/1495250951
909,w210270382,,North Canal Street,434,-1386.7,-577.0,14.0,572.1,4305,0,0,1,1.0,0,,,,,https://www.openstreetmap.org/way/210270382
913,w210270386,,North Canal Street,438,-1391.1,-584.1,14.0,581.8,4305,0,0,1,1.0,0,,,,,https://www.openstreetmap.org/way/210270386
917,w210270395,,North Canal Street,442,-1397.4,-592.7,14.0,591.7,4305,0,0,1,1.0,0,,,,,https://www.openstreetmap.org/way/210270395
921,w210270400,,North Canal Street,446,-1401.2,-600.9,13.5,600.5,4305,0,0,1,1.0,0,,,,,https://www.openstreetmap.org/way/210270400
949,w210270488,,North Clinton Street,469,-1441.0,-622.9,16.0,643.8,4305,0,0,1,1.0,0,,,,,https://www.openstreetmap.org/way/210270488
950,w210270489,,North Clinton Street,473,-1444.7,-629.1,16.0,650.2,4305,0,0,1,1.0,0,,,,,https://www.openstreetmap.org/way/210270489
953,w210270492,,North Clinton Street,477,-1447.9,-634.4,16.5,656.8,4305,0,0,1,1.0,0,,,,,https://www.openstreetmap.org/way/210270492
956,w210270495,,North Clinton Street,481,-1450.4,-640.8,14.0,663.6,4305,0,0,1,1.0,0,,,,,https://www.openstreetmap.org/way/210270495
957,w210270496,,North Clinton Street,485,-1452.8,-650.7,16.0,670.7,4305,0,0,1,1.0,0,,,,,https://www.openstreetmap.org/way/210270496
1265,w210307935,,North Halsted Street,700-702,-1959.1,-1175.7,29.0,1388.2,4305,0,0,1,1.0,0,,,,,https://www.openstreetmap.org/way/210307935
885,w210270337,South River Park at Kinzie Park,North Clinton Street,400,-1351.9,-499.5,28.5,474.9,4310,0,0,1,1.0,0,,,,,https://www.openstreetmap.org/way/210270337
886,w210270343,,North Clinton Street,401,-1365.1,-534.5,14.5,529.2,4310,0,0,1,1.0,0,,,,,https://www.openstreetmap.org/way/210270343
888,w210270346,,North Clinton Street,405,-1370.4,-533.0,14.0,530.5,4310,0,0,1,1.0,0,,,,,https://www.openstreetmap.org/way/210270346
897,w210270364,,North Clinton Street,417,-1392.5,-539.8,14.0,550.2,4310,0,0,1,1.0,0,,,,,https://www.openstreetmap.org/way/210270364
899,w210270370,,North Clinton Street,421,-1394.8,-545.2,15.0,556.7,4310,0,0,1,1.0,0,,,,,https://www.openstreetmap.org/way/210270370
901,w210270372,,North Clinton Street,425,-1398.2,-550.0,14.0,562.2,4310,0,0,1,1.0,0,,,,,https://www.openstreetmap.org/way/210270372
905,w210270377,,North Clinton Street,429,-1401.0,-554.8,13.5,567.3,4310,0,0,1,1.0,0,,,,,https://www.openstreetmap.org/way/210270377
908,w210270381,,North Clinton Street,433,-1403.4,-559.9,14.0,572.7,4310,0,0,1,1.0,0,,,,,https://www.openstreetmap.org/way/210270381
912,w210270385,,North Clinton Street,437,-1407.2,-565.9,14.0,579.1,4310,0,0,1,1.0,0,,,,,https://www.openstreetmap.org/way/210270385
916,w210270393,,North Clinton Street,441,-1410.3,-571.1,14.0,586.0,4310,0,0,1,1.0,0,,,,,https://www.openstreetmap.org/way/210270393
958,w210270497,,North Clinton Street,486,-1472.6,-628.9,13.0,670.1,4310,0,0,1,1.0,0,,,,,https://www.openstreetmap.org/way/210270497
960,w210270499,,North Clinton Street,492,-1478.0,-636.8,13.5,679.4,4310,0,0,1,1.0,0,,,,,https://www.openstreetmap.org/way/210270499
961,w210270500,,North Clinton Street,496,-1481.5,-643.2,13.5,688.6,4310,0,0,1,1.0,0,,,,,https://www.openstreetmap.org/way/210270500
1427,w210308801,,,,-1751.8,-910.8,14.5,1028.3,4310,0,0,1,1.0,0,,,,,https://www.openstreetmap.org/way/210308801
1263,w210307922,,North Green Street,681-695,-1987.7,-1115.5,10.0,1343.4,4310,0,0,1,1.0,0,,,,,https://www.openstreetmap.org/way/210307922
922,w210270401,,North Clinton Street,446,-1432.4,-563.7,14.0,596.6,4315,0,0,1,1.0,0,,,,,https://www.openstreetmap.org/way/210270401
928,w210270433,,North Clinton Street,452,-1437.3,-571.9,14.0,606.2,4315,0,0,1,1.0,0,,,,,https://www.openstreetmap.org/way/210270433
936,w210270461,,North Clinton Street,458,-1442.1,-580.2,14.0,615.5,4315,0,0,1,1.0,0,,,,,https://www.openstreetmap.org/way/210270461
910,w210270383,,North Clinton Street,434,-1422.6,-547.2,14.0,578.3,4320,0,0,1,1.0,0,,,,,https://www.openstreetmap.org/way/210270383
1220,w210307714,,North Desplaines Street,520,-1699.5,-798.5,6.0,943.8,4320,0,0,1,1.0,0,,,,,https://www.openstreetmap.org/way/210307714
1267,w210307938,WaterSaver Faucet Co.,West Erie Street,701,-1821.5,-913.9,17.5,1082.6,4320,0,0,1,1.0,0,,,,,https://www.openstreetmap.org/way/210307938
900,w210270371,,North Clinton Street,422,-1412.9,-530.7,13.5,560.0,4325,0,0,1,1.0,0,,,,,https://www.openstreetmap.org/way/210270371
893,w210270354,,North Clinton Street,410,-1403.9,-513.9,13.5,543.2,4335,0,0,1,1.0,0,,,,,https://www.openstreetmap.org/way/210270354
3705,w1531862176,,,,-1598.1,-647.1,0.5,774.9,4355,0,0,1,1.0,0,,,,,https://www.openstreetmap.org/way/1531862176
3706,w1531862177,,,,-1602.2,-646.8,21.0,777.7,4355,0,0,1,1.0,0,,,,,https://www.openstreetmap.org/way/1531862177
3707,w1531862178,,,,-1600.3,-656.1,21.0,784.2,4355,0,0,1,1.0,0,,,,,https://www.openstreetmap.org/way/1531862178
1245,w210307841,,West Grand Avenue,652,-1697.0,-748.6,5.5,908.4,4355,0,0,1,1.0,0,,,,,https://www.openstreetmap.org/way/210307841
1207,w210307663,The Salvation Army,North Union Avenue,509,-1730.3,-769.1,45.0,939.2,4355,0,0,1,1.0,0,,,,,https://www.openstreetmap.org/way/210307663
1262,w210307901,,West Ohio Street,671,-1760.6,-812.5,11.0,1001.3,4355,0,0,1,1.0,0,,,,,https://www.openstreetmap.org/way/210307901
3214,w331561291,,,,-1869.5,-916.8,19.0,1130.8,4355,0,0,1,1.0,0,,,,,https://www.openstreetmap.org/way/331561291
1264,w210307934,,West Grand Avenue,700,-1796.9,-734.4,17.5,977.4,4360,0,0,1,1.0,0,,,,,https://www.openstreetmap.org/way/210307934
1209,w210307686,,North Halsted Street,515-525,-1889.1,-790.1,26.5,1058.8,4360,0,0,1,1.0,0,,,,,https://www.openstreetmap.org/way/210307686
3326,w545548737,,,,-1876.1,-816.1,16.5,1093.3,4360,0,0,1,1.0,0,,,,,https://www.openstreetmap.org/way/545548737
3845,w149509848,Alta at K Station,West Kinzie Street,555,-1485.5,-423.7,126.5,509.3,4365,0,1,1,1.0,0,concrete,,,,https://www.openstreetmap.org/way/149509848
518,w149372365,Blommer Chocolate Factory,West Kinzie Street,600,-1575.7,-515.0,32.0,636.7,4365,0,0,1,1.0,0,,,,,https://www.openstreetmap.org/way/149372365
988,w210270532,,West Hubbard Street,658-660,-1728.0,-616.1,17.5,846.5,4365,0,0,1,1.0,0,,,,,https://www.openstreetmap.org/way/210270532
992,w210270536,,West Hubbard Street,664,-1745.1,-615.8,15.5,865.4,4365,0,0,1,1.0,0,,,,,https://www.openstreetmap.org/way/210270536
933,w210270454,,North Union Avenue,456-460,-1799.9,-661.5,18.0,932.1,4365,0,0,1,1.0,0,,,,,https://www.openstreetmap.org/way/210270454
3512,w1006039528,,,,-1811.2,-648.0,8.5,942.5,4365,0,0,1,1.0,0,,,,,https://www.openstreetmap.org/way/1006039528
3335,w546131163,,North Milwaukee Avenue,,-1817.2,-649.1,5.5,949.2,4365,0,0,1,1.0,0,,,,,https://www.openstreetmap.org/way/546131163
3334,w546131161,,North Milwaukee Avenue,,-1824.1,-658.9,5.0,959.8,4365,0,0,1,1.0,0,,,,,https://www.openstreetmap.org/way/546131161
1270,w210307943,,West Grand Avenue,707,-1808.3,-690.2,16.5,962.6,4365,0,0,1,1.0,0,,,,,https://www.openstreetmap.org/way/210307943
3333,w546131160,,North Milwaukee Avenue,,-1832.9,-666.2,6.0,970.9,4365,0,0,1,1.0,0,,,,,https://www.openstreetmap.org/way/546131160
1274,w210307955,,West Grand Avenue,711-717,-1832.7,-689.2,21.0,972.3,4365,0,0,1,1.0,0,,,,,https://www.openstreetmap.org/way/210307955
3332,w546131159,,North Milwaukee Avenue,,-1845.1,-669.0,11.0,982.6,4365,0,0,1,1.0,0,,,,,https://www.openstreetmap.org/way/546131159
1194,w210307628,,North Milwaukee Avenue,485,-1853.4,-677.9,16.0,997.1,4365,0,0,1,1.0,0,,,,,https://www.openstreetmap.org/way/210307628
1277,w210307988,,West Grand Avenue,719-721,-1859.9,-689.9,19.5,1003.3,4365,0,0,1,1.0,0,,,,,https://www.openstreetmap.org/way/210307988
1281,w210308008,,West Grand Avenue,723-729,-1879.4,-695.4,19.0,1023.3,4365,0,0,1,1.0,0,,,,,https://www.openstreetmap.org/way/210308008
3187,w304920610,,,,-1899.6,-733.9,10.0,1060.6,4365,0,0,1,1.0,0,,,,,https://www.openstreetmap.org/way/304920610
1203,w210307640,,North Milwaukee Avenue,501,-1957.6,-774.6,27.5,1106.8,4365,0,0,1,1.0,0,,,,,https://www.openstreetmap.org/way/210307640
892,w210270352,,North Milwaukee Avenue,409,-1673.2,-519.0,19.5,746.7,4370,0,0,1,1.0,0,,,,,https://www.openstreetmap.org/way/210270352
944,w210270481,,North Milwaukee Avenue,464-470,-1835.7,-612.3,11.5,930.8,4370,0,0,1,1.0,0,,,,,https://www.openstreetmap.org/way/210270481
952,w210270491,,North Milwaukee Avenue,474,-1862.1,-622.3,13.5,961.1,4370,0,0,1,1.0,0,,,,,https://www.openstreetmap.org/way/210270491
1173,w210307594,,North Halsted Street,462-464,-1954.8,-671.7,13.5,1063.6,4370,0,0,1,1.0,0,,,,,https://www.openstreetmap.org/way/210307594
3844,w149509841,,North Desplaines Street,353,-1589.2,-406.5,118.0,590.0,4375,0,1,1,0.9889,0,,,,,https://www.openstreetmap.org/way/149509841
855,w210270242,,North Clinton Street,310,-1420.0,-286.6,13.0,425.7,4380,0,0,1,1.0,0,,,,,https://www.openstreetmap.org/way/210270242
863,w210270250,,North Clinton Street,310,-1424.8,-286.6,13.0,429.6,4380,0,0,1,1.0,0,,,,,https://www.openstreetmap.org/way/210270250
865,w210270252,,North Clinton Street,310,-1430.5,-286.4,13.0,434.4,4380,0,0,1,1.0,0,,,,,https://www.openstreetmap.org/way/210270252
856,w210270243,,North Clinton Street,310,-1436.2,-286.4,13.0,439.9,4380,0,0,1,1.0,0,,,,,https://www.openstreetmap.org/way/210270243
854,w210270241,,North Clinton Street,310,-1441.3,-286.2,13.0,444.7,4380,0,0,1,1.0,0,,,,,https://www.openstreetmap.org/way/210270241
864,w210270251,,North Clinton Street,310,-1447.2,-286.1,13.5,449.3,4380,0,0,1,1.0,0,,,,,https://www.openstreetmap.org/way/210270251
859,w210270246,,North Clinton Street,310,-1454.1,-286.0,13.5,455.5,4380,0,0,1,1.0,0,,,,,https://www.openstreetmap.org/way/210270246
881,w210270302,,North Clinton Street,320,-1453.5,-305.7,13.5,462.3,4380,0,0,1,1.0,0,,,,,https://www.openstreetmap.org/way/210270302
870,w210270291,,North Clinton Street,320,-1460.7,-303.9,13.5,469.3,4380,0,0,1,1.0,0,,,,,https://www.openstreetmap.org/way/210270291
878,w210270299,,North Clinton Street,320,-1466.0,-303.9,14.0,474.2,4380,0,0,1,1.0,0,,,,,https://www.openstreetmap.org/way/210270299
880,w210270301,,North Clinton Street,320,-1471.6,-303.9,13.0,478.9,4380,0,0,1,1.0,0,,,,,https://www.openstreetmap.org/way/210270301
877,w210270298,,North Clinton Street,320,-1477.5,-303.9,13.0,484.6,4380,0,0,1,1.0,0,,,,,https://www.openstreetmap.org/way/210270298
876,w210270297,,North Clinton Street,320,-1482.7,-303.9,13.0,489.4,4380,0,0,1,1.0,0,,,,,https://www.openstreetmap.org/way/210270297
883,w210270316,Jefferson Tap & Grille,North Jefferson Street,325,-1509.0,-308.6,10.0,502.5,4380,0,0,1,1.0,0,,,,,https://www.openstreetmap.org/way/210270316
3202,w330309436,,,,-1575.9,-345.4,12.5,576.5,4380,0,0,1,1.0,0,brick,,,,https://www.openstreetmap.org/way/330309436
3667,w1284734796,,North Halsted Street,365,-1812.1,-445.3,111.0,817.7,4380,0,1,1,1.0,0,,,,,https://www.openstreetmap.org/way/1284734796
3395,w685618791,K2,North Halsted Street,365,-1828.3,-444.5,111.0,835.8,4380,0,1,1,1.0,0,,,,,https://www.openstreetmap.org/way/685618791
962,w210270501,,West Fulton Street,550,-1442.5,-254.7,28.0,409.0,4385,0,0,1,1.0,0,,,,,https://www.openstreetmap.org/way/210270501
867,w210270264,,North Jefferson Street,315,-1500.2,-277.7,18.0,490.5,4385,0,0,1,1.0,0,,,,,https://www.openstreetmap.org/way/210270264
3678,w1331963411,,,,-1595.6,-304.5,11.5,594.7,4385,0,0,1,1.0,0,brick,,,,https://www.openstreetmap.org/way/1331963411
3842,w149372399,Kinzie Station Tower,North Jefferson Street,330,-1615.6,-330.0,83.0,602.8,4385,0,1,1,1.0,0,brick,,,,https://www.openstreetmap.org/way/149372399
3107,w218557039,,West Wayman Street,650-660,-1697.2,-316.8,47.0,666.3,4385,0,0,1,1.0,0,concrete,,,,https://www.openstreetmap.org/way/218557039
3941,w1006034330,,North Union Avenue,354,-1821.7,-397.9,4.5,801.2,4385,0,0,1,1.0,0,,,,,https://www.openstreetmap.org/way/1006034330
3666,w1284734788,Onni Fulton Market,North Union Avenue,354,-1806.9,-399.5,5.5,802.0,4385,0,0,1,1.0,0,,,,,https://www.openstreetmap.org/way/1284734788
969,w210270509,,West Fulton Street,600-606,-1566.0,-262.0,39.5,523.7,4390,0,0,1,1.0,0,,,,,https://www.openstreetmap.org/way/210270509
3690,w1451394838,Trio,West Wayman Street,670,-1741.6,-313.7,72.0,727.7,4390,0,0,1,1.0,0,glass,,,,https://www.openstreetmap.org/way/1451394838
1023,w210270734,,,,-1781.8,-256.8,11.5,756.6,4395,0,0,1,1.0,0,brick,,,,https://www.openstreetmap.org/way/210270734
843,w210270142,,North Jefferson Street,216,-1549.7,-167.5,18.0,507.7,4400,0,0,1,1.0,0,,,,,https://www.openstreetmap.org/way/210270142
841,w210270138,,North Desplaines Street,215,-1602.5,-170.0,20.5,558.3,4400,0,0,1,1.0,0,,,,,https://www.openstreetmap.org/way/210270138
846,w210270170,,North Desplaines Street,224,-1676.0,-188.1,33.5,629.1,4400,0,0,1,1.0,0,brick,,,,https://www.openstreetmap.org/way/210270170
3704,w1531862117,,,,-1765.2,-189.5,4.0,731.5,4400,0,0,1,1.0,0,,,,,https://www.openstreetmap.org/way/1531862117
842,w210270139,,North Jefferson Street,215,-1493.6,-135.9,39.5,440.6,4405,0,0,1,1.0,0,,,,,https://www.openstreetmap.org/way/210270139
3934,w590536163,,West Lake Street,600-614,-1546.7,-139.0,83.0,501.1,4405,0,1,1,1.0,0,concre,,,,https://www.openstreetmap.org/way/590536163
3200,w329775431,,North Halsted Street,118-122,-1934.5,-160.5,18.5,890.4,4405,0,0,1,1.0,0,brick,,,,https://www.openstreetmap.org/way/329775431
1024,w210270813,Dunkin',West Lake Street,555,-1456.5,-78.7,15.5,417.2,4420,0,0,1,1.0,0,,,,,https://www.openstreetmap.org/way/210270813
1010,w210270700,180 North Jefferson,North Jefferson Street,180,-1549.5,-67.2,87.0,499.2,4440,0,1,1,1.0,0,concrete,,,,https://www.openstreetmap.org/way/210270700
3194,w321370183,,West Lake Street,605,-1576.9,-70.3,46.0,519.6,4440,0,0,1,1.0,0,,,,,https://www.openstreetmap.org/way/321370183
980,w210270524,,West Lake Street,641,-1665.1,-64.4,24.0,619.6,4445,0,0,1,1.0,0,brick,,,,https://www.openstreetmap.org/way/210270524
991,w210270535,,West Lake Street,661,-1712.6,-63.9,17.0,666.3,4445,0,0,1,1.0,0,,,,,https://www.openstreetmap.org/way/210270535
996,w210270543,Lake Street Studios,West Lake Street,727,-1851.5,-68.2,36.0,810.5,4445,0,0,1,1.0,0,,,,,https://www.openstreetmap.org/way/210270543
3925,w330879851,The Parker,West Couch Place,730,-1888.9,-63.0,96.5,819.6,4445,0,1,1,1.0,0,,,,,https://www.openstreetmap.org/way/330879851
986,w210270530,,West Randolph Street,656-658,-1711.6,-4.8,23.0,668.9,4460,0,0,1,1.0,0,brick,,,,https://www.openstreetmap.org/way/210270530
3763,w40785446,167 Green Street,North Green Street,167,-1973.7,-30.2,15.5,885.7,4475,0,0,1,1.0,0,,,,,https://www.openstreetmap.org/way/40785446
981,w210270525,,West Randolph Street,648,-1682.4,-4.9,20.0,642.8,4505,0,0,1,1.0,0,brick,,,,https://www.openstreetmap.org/way/210270525
985,w210270529,,West Randolph Street,652-654,-1698.3,-4.8,23.0,655.8,4505,0,0,1,1.0,0,brick,,,,https://www.openstreetmap.org/way/210270529
1009,w210270699,Information Resources,West Randolph Street,564,-1480.6,7.9,37.0,426.2,4515,0,0,1,1.0,0,,,,,https://www.openstreetmap.org/way/210270699
3886,w210270517,,West Randolph Street,622,-1595.3,16.8,28.0,547.8,4515,0,0,1,1.0,0,,,,,https://www.openstreetmap.org/way/210270517
976,w210270518,,West Randolph Street,624-626,-1618.6,11.8,28.5,570.9,4515,0,0,1,1.0,0,brick,,,,https://www.openstreetmap.org/way/210270518
971,w210270512,,West Randolph Street,615,-1573.7,65.1,19.5,534.7,4565,0,0,1,1.0,0,,,,,https://www.openstreetmap.org/way/210270512
834,w210269887,,North Jefferson Street,130,-1548.5,79.6,25.0,495.3,4575,0,0,1,1.0,0,,,,,https://www.openstreetmap.org/way/210269887
831,w210269807,,North Jefferson Street,123,-1482.7,95.4,19.5,424.2,4580,0,0,1,1.0,0,,,,,https://www.openstreetmap.org/way/210269807
830,w210269735,,North Halsted Street,121-123,-1886.3,104.1,16.5,843.6,4590,0,0,1,1.0,0,brick,,,,https://www.openstreetmap.org/way/210269735
828,w210269702,,North Jefferson Street,117-119,-1482.6,111.8,20.5,424.1,4600,0,0,1,1.0,0,,,,,https://www.openstreetmap.org/way/210269702
826,w210269426,,North Jefferson Street,111,-1482.6,128.0,18.0,424.2,4610,0,0,1,1.0,0,,,,,https://www.openstreetmap.org/way/210269426
827,w210269599,,North Halsted Street,114-120,-1927.5,120.4,18.5,882.0,4615,0,0,1,1.0,0,,,,,https://www.openstreetmap.org/way/210269599
3368,w569369774,,,,-1949.8,118.6,8.5,910.8,4615,0,0,1,1.0,0,,,,,https://www.openstreetmap.org/way/569369774
3884,w204718505,,North Jefferson Street,116-118,-1553.3,115.5,78.0,501.4,4630,0,0,1,1.0,0,,,,,https://www.openstreetmap.org/way/204718505
964,w210270503,,West Washington Boulevard,560,-1465.1,153.4,19.0,423.1,4655,0,0,1,1.0,0,,,,,https://www.openstreetmap.org/way/210270503
966,w210270505,,West Washington Boulevard,562-564,-1477.8,153.6,19.0,435.4,4655,0,0,1,1.0,0,,,,,https://www.openstreetmap.org/way/210270505
967,w210270506,,West Washington Boulevard,566-568,-1490.1,163.2,11.5,448.7,4655,0,0,1,1.0,0,,,,,https://www.openstreetmap.org/way/210270506
806,w204718504,IBEW 134,West Washington Boulevard,600-618,-1552.2,157.5,18.0,492.6,4655,0,0,1,1.0,0,,,,,https://www.openstreetmap.org/way/204718504
3918,w234055046,Catalyst,North Desplaines Street,123,-1604.3,135.0,63.5,545.0,4655,0,0,1,1.0,0,wood,,,,https://www.openstreetmap.org/way/234055046
1005,w210270564,M/A Architects,West Washington Boulevard,802-806,-1928.3,156.7,13.5,881.0,4660,0,0,1,1.0,0,brick,,,,https://www.openstreetmap.org/way/210270564
1007,w210270567,,West Washington Boulevard,808,-1957.0,156.4,17.0,903.7,4660,0,0,1,1.0,0,brick,,,,https://www.openstreetmap.org/way/210270567
3564,w1175442370,,,,-613.2,212.7,26.0,421.1,4680,0,0,1,1.0,0,,,,,https://www.openstreetmap.org/way/1175442370
175,w131998285,Skybridge,West Washington Street,737,-1848.0,227.1,131.5,797.6,4750,0,1,1,1.0,0,concrete,,,,https://www.openstreetmap.org/way/131998285
839,w210270124,,North Green Street,21-25,-1978.4,258.5,26.0,918.8,4750,0,0,1,1.0,0,brick,,,,https://www.openstreetmap.org/way/210270124
1021,w210270721,WCIU-TV Studios,North Halsted Street,26,-1932.4,244.9,17.0,878.6,4780,0,0,1,1.0,0,brick,,,,https://www.openstreetmap.org/way/210270721
825,w210269379,,North Green Street,11,-1972.3,286.2,21.0,917.9,4780,0,0,1,1.0,0,brick,,,,https://www.openstreetmap.org/way/210269379
3531,w1052127893,,West Madison Street,650,-1670.2,288.4,9.5,614.8,4785,0,0,1,1.0,0,,,,,https://www.openstreetmap.org/way/1052127893
174,w131998284,Whole Foods Market,North Halsted Street,1,-1864.5,263.0,129.0,796.3,4795,0,1,1,1.0,0,glass,,,,https://www.openstreetmap.org/way/131998284
1003,w210270560,,West Madison Street,800,-1931.3,308.1,31.0,878.0,4810,0,0,1,1.0,0,glass,,,,https://www.openstreetmap.org/way/210270560
3127,w233930076,Presidential Towers Garage,South Jefferson Street,32,-1550.5,378.0,138.0,488.8,4865,0,1,1,1.0,0,,,,,https://www.openstreetmap.org/way/233930076
1017,w210270712,Two Mid City Plaza,South Halsted Street,2,-1932.3,372.0,27.5,875.6,4875,0,0,1,1.0,0,brick,,,,https://www.openstreetmap.org/way/210270712
3216,w331694617,Gateway West Loop,South Green Street,11,-1972.0,368.9,55.0,919.7,4875,0,0,1,1.0,0,metal,,,,https://www.openstreetmap.org/way/331694617
3965,r20449794,Presidential Towers,West Madison Street,555-625,-1568.2,437.1,143.5,488.7,4915,0,1,1,1.0,0,,,,,https://www.openstreetmap.org/relation/20449794
3317,w541939631,,,,-1596.8,429.1,74.5,531.9,4915,0,0,1,1.0,0,,,,,https://www.openstreetmap.org/way/541939631
3113,w220950832,Mariano's Fresh Market,South Halsted Street,40,-1945.4,437.1,51.0,874.5,4945,0,0,1,1.0,0,,,,,https://www.openstreetmap.org/way/220950832
3835,w148910676,Crowne Plaza Chicago West Loop,South Halsted Street,25,-1869.3,448.1,56.0,793.5,4955,0,0,1,1.0,0,concrete,,,,https://www.openstreetmap.org/way/148910676
680,w156356430,,West Monroe Street,703,-1654.0,498.2,11.0,606.9,4995,0,0,1,1.0,0,,,,,https://www.openstreetmap.org/way/156356430
3115,w220952643,,South Halsted Street,116,-1918.5,525.4,10.0,873.4,5020,0,0,1,1.0,0,,,,,https://www.openstreetmap.org/way/220952643
678,w156356419,Joseph Cardinal Bernardin Archives & Records Center,West Monroe Street,711,-1696.1,517.4,18.5,637.2,5025,0,0,1,1.0,0,,,,,https://www.openstreetmap.org/way/156356419
571,w152976484,Frances Xavier Warde School,South Desplaines Street,120,-1654.2,553.2,18.0,606.7,5045,0,0,1,1.0,0,,,,,https://www.openstreetmap.org/way/152976484
3114,w220952642,,,,-1917.2,558.1,10.0,871.8,5060,0,0,1,1.0,0,,,,,https://www.openstreetmap.org/way/220952642
3226,w381273049,,,,-1646.6,578.1,8.5,609.3,5070,0,0,1,1.0,0,,,,,https://www.openstreetmap.org/way/381273049
540,w150857017,,West Adams Street,566,-1482.5,586.0,37.5,434.8,5090,0,0,1,1.0,0,,,,,https://www.openstreetmap.org/way/150857017
525,w149372420,Glessner Center,South Jefferson Street,130,-1531.0,580.0,26.5,483.5,5090,0,0,1,1.0,0,,,,,https://www.openstreetmap.org/way/149372420
748,w160062315,,West Adams Street,609-611,-1544.8,640.0,20.0,498.6,5125,0,0,1,1.0,0,,,,,https://www.openstreetmap.org/way/160062315
524,w149372415,IIT Downtown Campus,West Adams Street,565,-1468.6,649.7,51.5,409.5,5160,0,0,1,1.0,0,,,,,https://www.openstreetmap.org/way/149372415
753,w160062322,,South Jefferson Street,208,-1541.0,659.5,30.5,481.6,5160,0,0,1,1.0,0,,,,,https://www.openstreetmap.org/way/160062322
3851,w151571145,Arkadia Tower,West Adams Street,765,-1854.7,656.4,113.0,788.4,5170,0,1,1,0.9988,0,,,,,https://www.openstreetmap.org/way/151571145
756,w160062327,,South Jefferson Street,216,-1535.3,683.6,29.5,481.0,5180,0,0,1,1.0,0,,,,,https://www.openstreetmap.org/way/160062327
840,w210270131,Athena Greek Restaurant,South Halsted Street,212,-1928.8,674.9,34.0,869.7,5180,0,0,1,1.0,0,,,,,https://www.openstreetmap.org/way/210270131
749,w160062316,,South Jefferson Street,222,-1535.0,698.6,26.5,480.7,5190,0,0,1,1.0,0,,,,,https://www.openstreetmap.org/way/160062316
471,w148685512,,West Adams Street,625,-1593.2,678.0,138.0,531.8,5195,0,1,1,1.0,0,glass,,,,https://www.openstreetmap.org/way/148685512
845,w210270157,,South Halsted Street,222,-1921.7,700.7,13.5,869.0,5195,0,0,1,1.0,0,,,,,https://www.openstreetmap.org/way/210270157
3683,w1422308515,,,,-1846.5,713.9,16.5,804.7,5210,0,0,1,1.0,0,brick,,,,https://www.openstreetmap.org/way/1422308515
848,w210270195,,South Halsted Street,231-233,-1875.9,730.1,17.5,831.9,5220,0,0,1,1.0,0,brick,,,,https://www.openstreetmap.org/way/210270195
849,w210270198,,South Halsted Street,232,-1918.1,731.4,7.0,867.6,5225,0,0,1,1.0,0,brick,,,,https://www.openstreetmap.org/way/210270198
3841,w149372346,,West Quincy Street,565,-1462.0,718.0,69.5,407.1,5235,0,0,1,1.0,0,,,,,https://www.openstreetmap.org/way/149372346
754,w160062323,Burnham Otis Building,West Jackson Boulevard,600,-1542.9,717.8,54.5,480.3,5235,0,0,1,1.0,0,,,,,https://www.openstreetmap.org/way/160062323
755,w160062325,,West Jackson Boulevard,626,-1589.3,732.0,37.0,530.4,5235,0,0,1,1.0,0,,,,,https://www.openstreetmap.org/way/160062325
682,w156356433,Haberdasher Square Lofts 2,West Jackson Boulevard,700,-1657.1,731.0,55.5,601.9,5235,0,0,1,1.0,0,,,,,https://www.openstreetmap.org/way/156356433
3864,w156356416,Haberdasher Square Lofts 1,West Jackson Boulevard,728,-1703.8,718.5,57.0,640.2,5235,0,0,1,1.0,0,,,,,https://www.openstreetmap.org/way/156356416
1001,w210270555,,West Jackson Boulevard,760-766,-1850.3,734.4,20.0,807.2,5240,0,0,1,1.0,0,brick,,,,https://www.openstreetmap.org/way/210270555
1015,w210270705,,South Halsted Street,235-239,-1865.3,735.5,22.5,820.5,5240,0,0,1,1.0,0,brick,,,,https://www.openstreetmap.org/way/210270705
850,w210270199,,South Halsted Street,234,-1912.4,746.8,7.5,867.3,5240,0,0,1,1.0,0,brick,,,,https://www.openstreetmap.org/way/210270199
1006,w210270565,,West Jackson Boulevard,806-810,-1934.5,734.7,33.0,889.6,5240,0,0,1,1.0,0,,,,,https://www.openstreetmap.org/way/210270565
1019,w210270716,820 West Jackson,West Jackson Boulevard,820,-1956.4,725.8,38.0,905.5,5240,0,0,1,1.0,0,brick,,,,https://www.openstreetmap.org/way/210270716
550,w150864791,Edward Johnson & Associates P.C.,West Jackson Boulevard,555,-1454.2,776.3,32.5,408.7,5275,0,0,1,1.0,0,,,,,https://www.openstreetmap.org/way/150864791
549,w150864783,Lou Mitchell's Restaurant,West Jackson Boulevard,565,-1469.6,776.6,16.0,427.8,5275,0,0,1,1.0,0,,,,,https://www.openstreetmap.org/way/150864783
548,w150864781,,West Jackson Boulevard,571,-1483.0,776.7,19.0,439.7,5275,0,0,1,1.0,0,,,,,https://www.openstreetmap.org/way/150864781
681,w156356431,,West Jackson Boulevard,701,-1654.3,792.7,30.0,600.8,5280,0,0,1,1.0,0,,,,,https://www.openstreetmap.org/way/156356431
851,w210270233,,South Halsted Street,300-304,-1921.3,784.3,13.0,866.5,5280,0,0,1,1.0,0,,,,,https://www.openstreetmap.org/way/210270233
751,w160062318,Capitol Hill Lofts,West Jackson Boulevard,625,-1591.4,775.9,37.5,529.9,5285,0,0,1,1.0,0,brick,,,,https://www.openstreetmap.org/way/160062318
852,w210270237,,South Halsted Street,306-308,-1925.5,796.2,19.0,866.0,5290,0,0,1,1.0,0,brick,,,,https://www.openstreetmap.org/way/210270237
3201,w330295613,JeffJack Apartments,West Jackson Boulevard,601,-1531.6,781.7,52.0,479.1,5295,0,0,1,1.0,0,concrete,,,,https://www.openstreetmap.org/way/330295613
750,w160062317,James T. Igoe Building,South Jefferson Street,328,-1541.8,859.1,56.0,478.7,5300,0,0,1,1.0,0,tiles,,,,https://www.openstreetmap.org/way/160062317
3315,w541409899,,,,-1536.7,804.3,46.5,478.7,5300,0,0,1,1.0,0,,,,,https://www.openstreetmap.org/way/541409899
3300,w509254482,,,,-1592.3,829.0,16.0,529.5,5300,0,0,1,1.0,0,,,,,https://www.openstreetmap.org/way/509254482
3299,w509254481,,,,-1592.8,809.8,16.0,529.6,5300,0,0,1,1.0,0,brick,,,,https://www.openstreetmap.org/way/509254481
3314,w541409898,,,,-1650.8,817.5,10.5,599.4,5300,0,0,1,1.0,0,,,,,https://www.openstreetmap.org/way/541409898
679,w156356426,H Mart,West Jackson Boulevard,711,-1679.1,807.3,17.0,630.5,5300,0,0,1,1.0,0,,,,,https://www.openstreetmap.org/way/156356426
1002,w210270558,770 Lofts,West Jackson Boulevard,775,-1860.8,794.9,37.5,807.0,5300,0,0,1,1.0,0,,,,,https://www.openstreetmap.org/way/210270558
3746,r19972350,,South Halsted Street,301-315,-1879.2,799.7,27.5,830.5,5300,0,0,1,1.0,0,stone,,,,https://www.openstreetmap.org/relation/19972350
866,w210270256,,South Halsted Street,310-314,-1919.2,811.8,18.5,865.7,5300,0,0,1,1.0,0,brick,,,,https://www.openstreetmap.org/way/210270256
869,w210270267,,South Halsted Street,316,-1920.6,823.4,18.5,865.7,5300,0,0,1,1.0,0,stone,,,,https://www.openstreetmap.org/way/210270267
3684,w1422308516,,South Halsted Street,318,-1915.5,832.6,18.5,865.7,5300,0,0,1,1.0,0,stone,,,,https://www.openstreetmap.org/way/1422308516
3927,w336031222,The Van Buren,West Van Buren Street,808,-1922.2,859.4,15.0,865.7,5300,0,0,1,1.0,0,,,,,https://www.openstreetmap.org/way/336031222
868,w210270266,,South Green Street,315,-1965.7,830.6,9.5,904.0,5300,0,0,1,1.0,0,brick,,,,https://www.openstreetmap.org/way/210270266
853,w210270239,,South Green Street,309,-1959.6,802.2,11.5,904.4,5300,0,0,1,1.0,0,brick,,,,https://www.openstreetmap.org/way/210270239
546,w150864776,,South Jefferson Street,321,-1470.8,830.6,19.5,407.9,5305,0,0,1,1.0,0,brick,,,,https://www.openstreetmap.org/way/150864776
545,w150864774,,South Jefferson Street,319,-1463.7,821.3,16.0,410.2,5305,0,0,1,1.0,0,,,,,https://www.openstreetmap.org/way/150864774
747,w160062314,,South Desplaines Street,333,-1591.4,864.6,32.5,529.7,5305,0,0,1,1.0,0,brick,,,,https://www.openstreetmap.org/way/160062314
543,w150857069,Chicago Fire Department Engine Company 5,South Desplaines Street,324,-1643.5,849.7,30.5,599.1,5305,0,0,1,1.0,0,brick,,,,https://www.openstreetmap.org/way/150857069
544,w150857070,Platinum Tower,West Van Buren Street,700,-1647.2,869.6,51.0,601.6,5305,0,0,1,1.0,0,glass,,,,https://www.openstreetmap.org/way/150857070
790,w181379030,National Hellenic Museum,South Halsted Street,333,-1866.7,866.2,21.5,805.4,5305,0,0,1,1.0,0,,,,,https://www.openstreetmap.org/way/181379030
496,w148903003,,,,-1874.7,916.5,8.5,842.3,5305,0,0,1,1.0,0,,,,,https://www.openstreetmap.org/way/148903003
884,w210270321,,West Van Buren Street,812,-1965.2,874.5,28.5,904.3,5305,0,0,1,1.0,0,brick,,,,https://www.openstreetmap.org/way/210270321
513,w149372298,,South Jefferson Street,400,-1555.6,949.1,36.5,484.7,5310,0,0,1,1.0,0,concrete,,,,https://www.openstreetmap.org/way/149372298
674,w155078573,,South Desplaines Street,400,-1645.7,924.5,13.5,610.8,5310,0,0,1,1.0,0,,,,,https://www.openstreetmap.org/way/155078573
495,w148902948,The Rice Building,West Van Buren Street,815,-1948.5,936.9,30.0,905.4,5310,0,0,1,1.0,0,brick,,,,https://www.openstreetmap.org/way/148902948
561,w151781637,Gotham Lofts West,South Jefferson Street,417,-1468.0,949.0,26.0,421.4,5315,0,0,1,1.0,0,,,,,https://www.openstreetmap.org/way/151781637
3668,w1287946230,,,,-1803.7,989.5,13.5,783.4,5315,0,0,1,1.0,0,,,,,https://www.openstreetmap.org/way/1287946230
3511,w1005034497,Halsted UIC CTA Station,South Halsted Street,430,-1907.9,1032.1,8.0,886.8,5315,0,0,1,1.0,0,,,,,https://www.openstreetmap.org/way/1005034497
560,w151781635,,,,-1463.0,979.5,26.0,432.3,5320,0,0,1,1.0,0,,,,,https://www.openstreetmap.org/way/151781635
3956,r2050505,Student Residence Commons Courtyard,South Halsted Street,600,-1951.1,1203.4,18.5,939.8,5320,0,0,1,1.0,0,brick,,,,https://www.openstreetmap.org/relation/2050505
8,w37126546,Chicago Greyhound Terminal,West Harrison Street,630,-1555.8,1122.7,14.5,545.6,5325,0,0,1,1.0,0,,,,,https://www.openstreetmap.org/way/37126546
813,w210257138,Cermak Pumping Station,West Harrison Street,735,-1732.6,1209.2,12.0,774.8,5325,0,0,1,1.0,0,,,,,https://www.openstreetmap.org/way/210257138
558,w151675563,Commons North & South,South Halsted Street,624-700,-1922.3,1274.5,23.5,955.1,5325,0,0,1,1.0,0,brick,,,,https://www.openstreetmap.org/way/151675563
677,w155078588,,South Clinton Street,500,-1449.2,1073.0,44.0,422.4,5330,0,0,1,1.0,0,,,,,https://www.openstreetmap.org/way/155078588
676,w155078579,,South Jefferson Street,521,-1457.3,1107.5,35.0,478.9,5330,0,0,1,1.0,0,,,,,https://www.openstreetmap.org/way/155078579
83,w95357362,Extra Space Storage,West Harrison Street,707,-1646.2,1208.4,28.5,683.9,5330,0,0,1,1.0,0,,,,,https://www.openstreetmap.org/way/95357362
816,w210259584,,,,-1730.6,1259.7,6.5,810.1,5330,0,0,1,1.0,0,,,,,https://www.openstreetmap.org/way/210259584
181,w143012953,Student Recreation Facility,South Halsted Street,737,-1833.6,1366.1,22.0,902.6,5330,0,0,1,1.0,0,,,,,https://www.openstreetmap.org/way/143012953
3703,w1506940015,,,,-1434.1,1096.3,41.0,437.0,5335,0,0,1,1.0,0,,,,,https://www.openstreetmap.org/way/1506940015
675,w155078578,,South Clinton Street,500,-1408.9,1106.6,45.0,440.1,5335,0,0,1,1.0,0,,,,,https://www.openstreetmap.org/way/155078578
673,w155078568,,West Harrison Street,550,-1424.3,1137.7,31.5,477.7,5335,0,0,1,1.0,0,,,,,https://www.openstreetmap.org/way/155078568
791,w181384355,Extra Space Storage,West Harrison Street,601,-1553.8,1196.3,18.0,579.7,5335,0,0,1,1.0,0,,,,,https://www.openstreetmap.org/way/181384355
814,w210258569,,South Desplaines Street,601-751,-1558.7,1296.0,16.0,608.8,5335,0,0,1,1.0,0,,,,,https://www.openstreetmap.org/way/210258569
815,w210258604,,South Desplaines Street,700,-1643.4,1287.4,24.0,732.7,5335,0,0,1,1.0,0,,,,,https://www.openstreetmap.org/way/210258604
530,w149730610,,West Harrison Street,516-520,-1322.7,1138.8,13.0,405.9,5345,0,0,1,1.0,0,,,,,https://www.openstreetmap.org/way/149730610
553,w151571146,Cook County Domestic Violence Courthouse,West Harrison Street,555,-1430.9,1207.7,25.0,503.8,5345,0,0,1,1.0,0,,,,,https://www.openstreetmap.org/way/151571146
757,w160062367,,South Clinton Street,700,-1398.3,1274.1,12.0,544.3,5345,0,0,1,1.0,0,,,,,https://www.openstreetmap.org/way/160062367
3708,w1532038020,,,,-1475.9,1283.5,4.5,620.9,5345,0,0,1,1.0,0,,,,,https://www.openstreetmap.org/way/1532038020
528,w149730605,U.S. Customs House,South Canal Street,610,-1293.8,1204.8,63.5,415.3,5350,0,0,1,1.0,0,,,,,https://www.openstreetmap.org/way/149730605
1491,w210542688,,South Clinton Street,701,-1352.0,1260.4,5.0,518.5,5350,0,0,1,1.0,0,,,,,https://www.openstreetmap.org/way/210542688
552,w151571142,USPS Vehicle Maintenance Facility,South Canal Street,740,-1328.5,1354.5,28.5,503.8,5360,0,0,1,1.0,0,,,,,https://www.openstreetmap.org/way/151571142
472,w148788172,Wells Street Tower,South Wells Street,701,-738.3,1290.2,110.5,413.2,5505,0,1,1,1.0,0,,,,,https://www.openstreetmap.org/way/148788172
486,w148803819,,South LaSalle Street,701,-579.4,1286.5,37.5,488.8,5515,0,0,1,1.0,0,,,,,https://www.openstreetmap.org/way/148803819
3537,w1071777746,,,,-588.9,1297.6,15.5,501.8,5515,0,0,1,1.0,0,,,,,https://www.openstreetmap.org/way/1071777746
484,w148803817,,South LaSalle Street,707,-572.8,1303.9,17.0,507.2,5515,0,0,1,1.0,0,,,,,https://www.openstreetmap.org/way/148803817
479,w148803806,Brock and Rankin Building,South LaSalle Street,619,-579.8,1210.8,37.0,415.3,5520,0,0,1,1.0,0,,,,,https://www.openstreetmap.org/way/148803806
481,w148803810,Dwight Lofts,South Clark Street,642,-545.1,1228.9,67.5,446.1,5520,0,0,1,1.0,0,,,,,https://www.openstreetmap.org/way/148803810
487,w148803820,Straits Row,South LaSalle Street,633,-579.2,1255.0,30.5,450.5,5520,0,0,1,1.0,0,,,,,https://www.openstreetmap.org/way/148803820
478,w148803804,Artcraft Building,South Clark Street,650,-544.6,1266.9,47.0,491.0,5520,0,0,1,1.0,0,,,,,https://www.openstreetmap.org/way/148803804
483,w148803813,,South Clark Street,700,-544.4,1284.0,24.0,507.0,5520,0,0,1,1.0,0,,,,,https://www.openstreetmap.org/way/148803813
3834,w148803821,Burnham Pointe,South Clark Street,720,-540.4,1338.4,98.0,519.2,5520,0,1,1,1.0,0,,,,,https://www.openstreetmap.org/way/148803821
539,w150720490,,South Clark Street,645,-490.1,1256.3,17.0,522.4,5520,0,0,1,1.0,0,,,,,https://www.openstreetmap.org/way/150720490
535,w150720473,,South Clark Street,649-651,-490.0,1263.7,19.5,527.4,5520,0,0,1,1.0,0,,,,,https://www.openstreetmap.org/way/150720473
538,w150720489,Imprint,South Clark Street,717,-490.2,1295.9,18.0,533.7,5520,0,0,1,1.0,0,,,,,https://www.openstreetmap.org/way/150720489
485,w148803818,,South Clark Street,600,-545.9,1177.9,19.0,412.0,5525,0,0,1,1.0,0,,,,,https://www.openstreetmap.org/way/148803818
536,w150720477,Fifth Third Bank,South Clark Street,601,-493.7,1172.3,8.5,451.2,5525,0,0,1,1.0,0,,,,,https://www.openstreetmap.org/way/150720477
3953,w1329393193,Printers Square Condominium,South Federal Street,740,-457.1,1281.8,55.0,494.5,5525,0,0,1,1.0,0,,,,,https://www.openstreetmap.org/way/1329393193
534,w150720469,,South Clark Street,645-647,-490.3,1245.0,10.0,510.3,5525,0,0,1,1.0,0,,,,,https://www.openstreetmap.org/way/150720469
439,w148295179,Grace Place,South Dearborn Street,637,-372.0,1261.6,23.0,606.8,5525,0,0,1,1.0,0,,,,,https://www.openstreetmap.org/way/148295179
438,w148261329,Rowe Building,South Dearborn Street,714,-415.4,1312.2,59.5,613.3,5525,0,0,1,1.0,0,,,,,https://www.openstreetmap.org/way/148261329
102,w118074934,Donohue Building,South Dearborn Street,701-721,-370.9,1304.7,47.0,622.4,5525,0,0,1,1.0,0,,,,,https://www.openstreetmap.org/way/118074934
488,w148808724,Plymouth Court Garage,South Plymouth Court,711,-329.1,1296.5,37.5,651.2,5525,0,0,1,1.0,0,,,,,https://www.openstreetmap.org/way/148808724
145,w124873934,Harrison Street Lofts,West Harrison Street,80,-494.4,1110.8,62.0,416.1,5530,0,0,1,1.0,0,,,,,https://www.openstreetmap.org/way/124873934
3843,w149379943,Digital Realty ORD11,South Federal Street,600,-454.8,1166.4,19.0,474.5,5530,0,0,1,1.0,0,,,,,https://www.openstreetmap.org/way/149379943
449,w148517233,Pontiac Building,South Dearborn Street,542,-422.1,1116.5,57.5,479.1,5530,0,0,1,1.0,0,,,,,https://www.openstreetmap.org/way/148517233
448,w148517232,Transportation Building,South Dearborn Street,600,-418.8,1197.5,87.5,510.3,5530,0,1,1,1.0,0,,,,,https://www.openstreetmap.org/way/148517232
537,w150720488,AT&T,South Federal Street,520,-463.3,1083.2,52.0,414.8,5535,0,0,1,0.9955,0,,,,,https://www.openstreetmap.org/way/150720488
446,w148517229,,South Dearborn Street,500,-423.2,1053.4,30.5,450.1,5535,0,0,1,1.0,0,,,,,https://www.openstreetmap.org/way/148517229
443,w148517223,,South Dearborn Street,530,-422.9,1075.4,48.0,460.5,5535,0,0,1,1.0,0,,,,,https://www.openstreetmap.org/way/148517223
444,w148517225,,South Dearborn Street,538,-415.5,1094.1,49.5,471.0,5535,0,0,1,1.0,0,,,,,https://www.openstreetmap.org/way/148517225
440,w148517218,,West Ida B. Wells Drive,41,-377.0,1047.4,14.5,490.5,5535,0,0,1,1.0,0,,,,,https://www.openstreetmap.org/way/148517218
441,w148517220,Old Franklin Building,South Dearborn Street,525,-377.9,1074.6,32.5,496.8,5535,0,0,1,1.0,0,,,,,https://www.openstreetmap.org/way/148517220
442,w148517222,Terminals Building,South Dearborn Street,537,-377.4,1104.8,57.5,514.4,5535,0,0,1,1.0,0,,,,,https://www.openstreetmap.org/way/148517222
447,w148517231,,South Dearborn Street,555,-377.4,1123.6,52.0,525.8,5535,0,0,1,1.0,0,,,,,https://www.openstreetmap.org/way/148517231
305,w147078400,BP Shop,West Ida B. Wells Drive,50,-422.3,982.5,7.5,428.3,5540,0,0,1,1.0,0,,,,,https://www.openstreetmap.org/way/147078400
183,w143671308,400 Dearborn,South Dearborn Street,400,-425.6,904.6,26.0,404.5,5545,0,0,1,1.0,0,,,,,https://www.openstreetmap.org/way/143671308
3634,w1268612564,,,,-424.1,926.7,5.0,418.6,5545,0,0,1,1.0,0,,,,,https://www.openstreetmap.org/way/1268612564
109,w124865455,Marquette Building,South Dearborn Street,140,-446.5,563.0,91.5,420.6,5610,0,1,1,1.0,0,,,,,https://www.openstreetmap.org/way/124865455
127,w124865491,Bell Savings Building,West Monroe Street,79,-510.8,489.6,61.0,405.7,5615,0,0,1,1.0,0,,,,,https://www.openstreetmap.org/way/124865491
119,w124865478,,West Monroe Street,73,-487.3,494.7,58.5,428.0,5615,0,0,1,1.0,0,,,,,https://www.openstreetmap.org/way/124865478
382,w147482998,Italian VIllage,West Monroe Street,71,-476.5,494.5,29.0,439.5,5615,0,0,1,1.0,0,,,,,https://www.openstreetmap.org/way/147482998
3119,w230613002,,South Clark Street,23-47,-510.3,423.4,9.5,462.3,5620,0,0,1,1.0,0,,,,,https://www.openstreetmap.org/way/230613002
383,w147486325,Hyatt Centric The Loop Chicago,West Monroe Street,100,-564.2,429.4,94.5,420.1,5625,0,1,1,1.0,0,,,,,https://www.openstreetmap.org/way/147486325
3570,w1175807343,,,,-573.4,411.2,120.0,438.7,5625,0,1,1,0.9753,0,,,,,https://www.openstreetmap.org/way/1175807343
113,w124865462,Two First National Building,South Clark Street,20,-562.9,389.6,125.5,445.2,5625,0,1,1,1.0,0,,,,,https://www.openstreetmap.org/way/124865462
3865,w156356427,The Edge Lofts and Tower,South Desplaines Street,210,-1680.8,652.1,77.5,603.2,5870,0,0,1,1.0,0,,,,,https://www.openstreetmap.org/way/156356427
499,w148910679,Peerless Building,South Halsted Street,200-210,-1935.8,646.8,49.0,870.3,5885,0,0,1,1.0,0,brick,,,,https://www.openstreetmap.org/way/148910679
752,w160062320,,South Jefferson Street,206,-1532.1,647.0,12.0,482.2,5895,0,0,1,1.0,0,,,,,https://www.openstreetmap.org/way/160062320
501,w148910721,Taco Lulú,West Adams Street,601,-1524.5,632.4,7.0,482.4,5900,0,0,1,1.0,0,,,,,https://www.openstreetmap.org/way/148910721
3540,w1079680566,Luxe Suites Chicago,West Adams Street,812,-1945.3,597.3,56.0,870.6,5935,0,0,1,1.0,0,brick,,,,https://www.openstreetmap.org/way/1079680566
470,w148682635,Old Saint Patrick's Church,South Desplaines Street,180,-1659.9,597.0,39.0,605.0,5940,0,0,1,1.0,0,brick,,,,https://www.openstreetmap.org/way/148682635
683,w156356435,Saint Patrick's Rectory,West Adams Street,718,-1693.3,596.0,19.0,653.1,5945,0,0,1,1.0,0,,,,,https://www.openstreetmap.org/way/156356435
3950,w1204298135,Emerald On Green Street,South Green Street,123-125,-1972.3,542.3,45.5,910.2,5950,0,0,1,1.0,0,,,,,https://www.openstreetmap.org/way/1204298135
833,w210269883,,South Halsted Street,128,-1924.5,577.5,18.5,871.5,5965,0,0,1,1.0,0,,,,,https://www.openstreetmap.org/way/210269883
500,w148910688,Walgreens,South Halsted Street,111,-1863.6,554.8,13.0,810.5,5980,0,0,1,1.0,0,,,,,https://www.openstreetmap.org/way/148910688
823,w210268951,Wild Fork,South Halsted Street,100,-1921.0,502.4,9.0,873.8,6025,0,0,1,1.0,0,,,,,https://www.openstreetmap.org/way/210268951
3836,w148910731,727 West Madison,West Madison Street,727,-1853.7,378.4,76.0,796.7,6165,0,0,1,1.0,0,,,,,https://www.openstreetmap.org/way/148910731
263,w145080938,Loop Synagogue,South Clark Street,16,-568.4,357.5,19.5,449.7,6195,0,0,1,1.0,0,,,,,https://www.openstreetmap.org/way/145080938
317,w147096406,,South Clark Street,6,-563.9,344.5,94.5,449.5,6205,0,1,1,1.0,0,,,,,https://www.openstreetmap.org/way/147096406
316,w147096405,,West Madison Street,123,-597.4,338.5,100.0,431.2,6220,0,1,1,1.0,0,,,,,https://www.openstreetmap.org/way/147096405
319,w147096408,Loop Center Building,West Madison Street,105,-564.5,331.8,93.5,448.5,6220,0,1,1,1.0,0,,,,,https://www.openstreetmap.org/way/147096408
3532,w1052127894,,West Madison Street,660,-1707.7,289.2,11.5,665.0,6235,0,0,1,1.0,0,,,,,https://www.openstreetmap.org/way/1052127894
498,w148910678,Harold Washington Social Security Center,West Madison Street,600,-1575.4,261.4,57.5,496.4,6270,0,0,1,1.0,0,,,,,https://www.openstreetmap.org/way/148910678
259,w145080934,Avondale Center,North Clark Street,10-20,-562.4,278.0,129.0,461.0,6290,0,1,1,1.0,0,,,,,https://www.openstreetmap.org/way/145080934
260,w145080935,Intercounty Title Building,West Madison Street,120,-606.4,275.7,59.5,421.0,6295,0,0,1,1.0,0,,,,,https://www.openstreetmap.org/way/145080935
262,w145080937,St. Peter's Church,West Madison Street,110,-584.3,271.4,59.0,436.3,6295,0,0,1,1.0,0,,,,,https://www.openstreetmap.org/way/145080937
1016,w210270707,,West Washington Boulevard,651,-1668.1,225.5,13.0,613.0,6295,0,0,1,1.0,0,,,,,https://www.openstreetmap.org/way/210270707
822,w210268950,,West Washington Boulevard,647-659,-1686.7,222.7,34.0,640.5,6300,0,0,1,1.0,0,,,,,https://www.openstreetmap.org/way/210268950
570,w152976463,Bank of America,North Halsted Street,105,-1885.7,154.4,8.0,838.6,6380,0,0,1,1.0,0,,,,,https://www.openstreetmap.org/way/152976463
3887,w210270709,R+D659,West Randolph Street,659,-1676.9,86.7,61.0,617.0,6435,0,0,1,1.0,0,concrete,,,,https://www.openstreetmap.org/way/210270709
832,w210269859,,North Desplaines Street,125,-1615.3,94.0,16.0,560.8,6445,0,0,1,1.0,0,brick,,,,https://www.openstreetmap.org/way/210269859
999,w210270552,,West Randolph Street,737-741,-1887.2,77.9,18.5,843.7,6450,0,0,1,1.0,0,brick,,,,https://www.openstreetmap.org/way/210270552
963,w210270502,,West Randolph Street,557,-1469.0,68.6,27.0,424.7,6460,0,0,1,1.0,0,,,,,https://www.openstreetmap.org/way/210270502
1020,w210270720,Werner Printing,North Jefferson Street,133-135,-1491.9,69.0,27.5,441.5,6460,0,0,1,1.0,0,,,,,https://www.openstreetmap.org/way/210270720
821,w210268946,,North Desplaines Street,127,-1615.7,81.3,6.5,567.6,6460,0,0,1,1.0,0,brick,,,,https://www.openstreetmap.org/way/210268946
1004,w210270563,,West Randolph Street,801-807,-1930.8,78.2,16.5,882.6,6460,0,0,1,1.0,0,brick,,,,https://www.openstreetmap.org/way/210270563
1008,w210270568,,West Randolph Street,811,-1953.0,76.8,13.5,906.0,6460,0,0,1,1.0,0,brick,,,,https://www.openstreetmap.org/way/210270568
970,w210270511,,West Randolph Street,601,-1537.3,66.4,22.0,495.4,6470,0,0,1,1.0,0,,,,,https://www.openstreetmap.org/way/210270511
3371,w591854355,,West Randolph Street,609,-1554.5,67.0,19.5,508.0,6470,0,0,1,1.0,0,,,,,https://www.openstreetmap.org/way/591854355
974,w210270515,,West Randolph Street,619,-1586.6,64.5,17.5,546.8,6470,0,0,1,1.0,0,,,,,https://www.openstreetmap.org/way/210270515
975,w210270516,,West Randolph Street,621,-1593.2,64.7,17.5,554.2,6470,0,0,1,1.0,0,,,,,https://www.openstreetmap.org/way/210270516
3691,w1471691114,,West Randolph Street,623,-1599.5,64.8,17.5,560.2,6470,0,0,1,1.0,0,,,,,https://www.openstreetmap.org/way/1471691114
990,w210270534,,West Randolph Street,660-662,-1722.7,4.3,17.5,680.5,6525,0,0,1,1.0,0,brick,,,,https://www.openstreetmap.org/way/210270534
997,w210270544,,West Randolph Street,730,-1865.0,-6.6,33.0,821.0,6525,0,0,1,1.0,0,brick,,,,https://www.openstreetmap.org/way/210270544
3367,w566817176,,West Randolph Street,732,-1875.4,-4.2,13.0,833.5,6525,0,0,1,1.0,0,brick,,,,https://www.openstreetmap.org/way/566817176
998,w210270551,,West Randolph Street,736,-1884.4,-4.1,10.0,845.1,6525,0,0,1,1.0,0,,,,,https://www.openstreetmap.org/way/210270551
1000,w210270553,,West Randolph Street,738,-1890.4,-4.0,10.5,851.1,6525,0,0,1,1.0,0,,,,,https://www.openstreetmap.org/way/210270553
836,w210270055,,North Halsted Street,151-161,-1896.9,-4.0,10.0,857.4,6525,0,0,1,1.0,0,,,,,https://www.openstreetmap.org/way/210270055
3670,w1305773557,,West Randolph Street,808,-1935.6,10.6,18.5,883.9,6525,0,0,1,1.0,0,,,,,https://www.openstreetmap.org/way/1305773557
3372,w591858424,,West Randolph Street,810,-1953.3,11.1,14.5,914.3,6525,0,0,1,1.0,0,,,,,https://www.openstreetmap.org/way/591858424
819,w210268941,City View Tower,West Randolph Street,720,-1837.7,-9.8,45.5,796.2,6530,0,0,1,1.0,0,brick,,,,https://www.openstreetmap.org/way/210268941
837,w210270056,,North Jefferson Street,156,-1544.2,-22.9,17.0,496.5,6540,0,0,1,1.0,0,brick,,,,https://www.openstreetmap.org/way/210270056
3930,w439898690,EMME Chicago,North Desplaines Street,165,-1602.5,-15.3,51.5,516.0,6540,0,0,1,1.0,0,,,,,https://www.openstreetmap.org/way/439898690
838,w210270067,,North Halsted Street,160,-1933.2,-7.6,16.0,884.5,6550,0,0,1,1.0,0,brick,,,,https://www.openstreetmap.org/way/210270067
968,w210270507,Chicago Transit Authority Headquarters,West Lake Street,567,-1486.9,-54.0,60.5,428.7,6565,0,0,1,1.0,0,glass,,,,https://www.openstreetmap.org/way/210270507
982,w210270526,,West Randolph Street,650,-1688.9,-4.8,23.0,650.2,6575,0,0,1,1.0,0,brick,,,,https://www.openstreetmap.org/way/210270526
983,w210270527,,West Lake Street,651,-1684.2,-64.1,24.0,638.5,6585,0,0,1,1.0,0,brick,,,,https://www.openstreetmap.org/way/210270527
987,w210270531,,West Lake Street,657,-1699.3,-64.0,22.5,657.9,6585,0,0,1,1.0,0,,,,,https://www.openstreetmap.org/way/210270531
3698,w1499490079,,,,-1538.7,-96.2,13.0,498.4,6625,0,0,1,1.0,0,,,,,https://www.openstreetmap.org/way/1499490079
972,w210270513,,West Lake Street,616-626,-1603.4,-127.7,16.5,558.4,6625,0,0,1,1.0,0,,,,,https://www.openstreetmap.org/way/210270513
977,w210270519,,West Lake Street,628,-1625.2,-125.2,17.0,582.7,6625,0,0,1,1.0,0,brick,,,,https://www.openstreetmap.org/way/210270519
3689,w1449932904,,West Lake Street,640,-1666.7,-134.3,21.5,622.7,6625,0,0,1,1.0,0,,,,,https://www.openstreetmap.org/way/1449932904
979,w210270522,,West Lake Street,650,-1694.3,-134.6,22.5,640.5,6625,0,0,1,1.0,0,,,,,https://www.openstreetmap.org/way/210270522
989,w210270533,,West Lake Street,660,-1718.9,-134.3,16.5,677.7,6625,0,0,1,1.0,0,brick,,,,https://www.openstreetmap.org/way/210270533
993,w210270537,,West Lake Street,666,-1728.1,-128.3,6.0,687.6,6625,0,0,1,1.0,0,brick,,,,https://www.openstreetmap.org/way/210270537
684,w156379141,East Bank Storage Company,West Lake Street,730,-1863.5,-127.5,40.0,812.1,6625,0,0,1,1.0,0,brick,,,,https://www.openstreetmap.org/way/156379141
984,w210270528,,West Fulton Market,651-665,-1726.0,-197.9,29.5,658.5,6630,0,0,1,1.0,0,,,,,https://www.openstreetmap.org/way/210270528
3199,w329775428,801-811 W Fulton,West Fulton Market,801,-1943.5,-197.1,16.5,894.7,6630,0,0,1,1.0,0,,,,,https://www.openstreetmap.org/way/329775428
1018,w210270714,,North Jefferson Street,217,-1490.8,-181.1,30.0,437.9,6635,0,0,1,1.0,0,,,,,https://www.openstreetmap.org/way/210270714
844,w210270146,,North Jefferson Street,218,-1553.7,-194.9,21.0,508.9,6635,0,0,1,1.0,0,,,,,https://www.openstreetmap.org/way/210270146
973,w210270514,,West Fulton Street,617,-1595.8,-196.8,21.5,561.9,6635,0,0,1,1.0,0,,,,,https://www.openstreetmap.org/way/210270514
847,w210270171,,North Desplaines Street,225,-1618.7,-199.4,13.5,574.6,6635,0,0,1,1.0,0,,,,,https://www.openstreetmap.org/way/210270171
995,w210270539,,West Fulton Market,702,-1792.6,-259.9,13.5,765.7,6635,0,0,1,1.0,0,brick,,,,https://www.openstreetmap.org/way/210270539
556,w151571999,740 West Fulton Condominiums,West Fulton Market,740,-1890.7,-282.6,57.0,854.8,6635,0,0,1,1.0,0,concrete,,,,https://www.openstreetmap.org/way/151571999
3938,w691709744,,West Fulton Market,800,-1977.9,-258.8,27.0,905.6,6635,0,0,1,1.0,0,,,,,https://www.openstreetmap.org/way/691709744
818,w210268937,China Club Lofts,North Desplaines Street,311,-1605.4,-261.8,39.5,568.7,6640,0,0,1,1.0,0,brick,,,,https://www.openstreetmap.org/way/210268937
3745,r19850069,Fulton Court Townhomes,West Fulton Market,640-660,-1709.2,-261.1,18.0,644.1,6640,0,0,1,1.0,0,brick,,,,https://www.openstreetmap.org/relation/19850069
812,w206804554,333 North Green,North Green Street,333,-1965.8,-327.2,12.0,918.6,6640,0,0,1,1.0,0,glass,,,,https://www.openstreetmap.org/way/206804554
965,w210270504,,West Fulton Street,560-570,-1493.5,-253.6,28.5,457.7,6645,0,0,1,1.0,0,,,,,https://www.openstreetmap.org/way/210270504
857,w210270244,,North Clinton Street,310,-1460.4,-285.9,13.5,462.0,6650,0,0,1,1.0,0,,,,,https://www.openstreetmap.org/way/210270244
858,w210270245,,North Clinton Street,310,-1465.8,-285.8,13.0,467.0,6650,0,0,1,1.0,0,,,,,https://www.openstreetmap.org/way/210270245
861,w210270248,,North Clinton Street,310,-1471.2,-285.6,13.0,471.9,6650,0,0,1,1.0,0,,,,,https://www.openstreetmap.org/way/210270248
862,w210270249,,North Clinton Street,310,-1476.7,-285.6,13.0,476.9,6650,0,0,1,1.0,0,,,,,https://www.openstreetmap.org/way/210270249
860,w210270247,,North Clinton Street,310,-1481.8,-285.5,13.0,482.1,6650,0,0,1,1.0,0,,,,,https://www.openstreetmap.org/way/210270247
882,w210270311,,North Jefferson Street,321,-1503.6,-291.1,17.5,496.9,6650,0,0,1,1.0,0,,,,,https://www.openstreetmap.org/way/210270311
1013,w210270703,,North Jefferson Street,324,-1579.1,-313.1,15.5,546.7,6650,0,0,1,1.0,0,brick,,,,https://www.openstreetmap.org/way/210270703
871,w210270292,,North Clinton Street,320,-1420.2,-306.1,13.5,433.6,6655,0,0,1,1.0,0,,,,,https://www.openstreetmap.org/way/210270292
875,w210270296,,North Clinton Street,320,-1425.3,-306.0,13.5,437.8,6655,0,0,1,1.0,0,,,,,https://www.openstreetmap.org/way/210270296
879,w210270300,,North Clinton Street,320,-1430.8,-306.0,13.0,442.7,6655,0,0,1,1.0,0,,,,,https://www.openstreetmap.org/way/210270300
874,w210270295,,North Clinton Street,320,-1436.4,-305.9,13.0,447.6,6655,0,0,1,1.0,0,,,,,https://www.openstreetmap.org/way/210270295
873,w210270294,,North Clinton Street,320,-1442.1,-305.9,13.0,452.5,6655,0,0,1,1.0,0,,,,,https://www.openstreetmap.org/way/210270294
872,w210270293,,North Clinton Street,320,-1447.7,-305.9,13.5,458.2,6655,0,0,1,1.0,0,,,,,https://www.openstreetmap.org/way/210270293
1012,w210270702,,North Jefferson Street,333,-1491.1,-334.4,28.0,488.1,6655,0,0,1,1.0,0,,,,,https://www.openstreetmap.org/way/210270702
527,w149509853,Echelon Chicago,North Desplaines Street,353,-1619.1,-402.3,118.0,645.0,6655,0,1,1,1.0,0,concrete,,,,https://www.openstreetmap.org/way/149509853
526,w149509846,Jewel-Osco,North Desplaines Street,370,-1724.3,-417.0,18.0,705.9,6655,0,0,1,1.0,0,concrete,,,,https://www.openstreetmap.org/way/149509846
1014,w210270704,,North Clinton Street,330,-1445.0,-336.3,28.0,444.2,6660,0,0,1,1.0,0,,,,,https://www.openstreetmap.org/way/210270704
894,w210270355,Pickens Kane Moving & Storage,North Halsted Street,411,-1841.4,-521.8,30.0,772.4,6660,0,0,1,1.0,0,brick,,,,https://www.openstreetmap.org/way/210270355
920,w210270398,,North Halsted Street,445,-1899.5,-613.3,6.5,991.0,6660,0,0,1,1.0,0,,,,,https://www.openstreetmap.org/way/210270398
3257,w442116819,,North Halsted Street,440-442,-1950.4,-607.9,20.0,1029.6,6660,0,0,1,1.0,0,,,,,https://www.openstreetmap.org/way/442116819
926,w210270426,,North Halsted Street,450,-1948.1,-629.3,8.5,1041.1,6660,0,0,1,1.0,0,,,,,https://www.openstreetmap.org/way/210270426
923,w210270419,,North Halsted Street,448,-1951.8,-619.1,9.0,1042.6,6660,0,0,1,1.0,0,,,,,https://www.openstreetmap.org/way/210270419
929,w210270436,,North Halsted Street,452,-1950.8,-642.4,14.5,1047.3,6660,0,0,1,1.0,0,,,,,https://www.openstreetmap.org/way/210270436
895,w210270358,,North Milwaukee Avenue,413-415,-1692.7,-537.6,13.0,785.7,6665,0,0,1,1.0,0,,,,,https://www.openstreetmap.org/way/210270358
994,w210270538,,West Hubbard Street,668,-1756.3,-615.6,14.0,874.5,6665,0,0,1,1.0,0,,,,,https://www.openstreetmap.org/way/210270538
932,w210270449,,North Milwaukee Avenue,455-457,-1790.1,-616.4,13.5,908.7,6665,0,0,1,1.0,0,,,,,https://www.openstreetmap.org/way/210270449
937,w210270467,,North Milwaukee Avenue,459,-1793.1,-622.9,13.0,914.9,6665,0,0,1,1.0,0,,,,,https://www.openstreetmap.org/way/210270467
3336,w546131165,,North Milwaukee Avenue,,-1798.2,-633.7,10.0,918.2,6665,0,0,1,1.0,0,,,,,https://www.openstreetmap.org/way/546131165
954,w210270493,,North Milwaukee Avenue,478,-1869.0,-638.6,13.5,984.9,6665,0,0,1,1.0,0,,,,,https://www.openstreetmap.org/way/210270493
959,w210270498,,North Milwaukee Avenue,488,-1896.1,-651.2,7.0,997.4,6665,0,0,1,1.0,0,,,,,https://www.openstreetmap.org/way/210270498
1197,w210307631,,North Milwaukee Avenue,494,-1909.2,-681.4,13.5,1041.3,6665,0,0,1,1.0,0,,,,,https://www.openstreetmap.org/way/210307631
978,w210270521,,West Hubbard Street,640,-1691.2,-614.0,10.0,806.3,6670,0,0,1,1.0,0,,,,,https://www.openstreetmap.org/way/210270521
927,w210270432,,North Union Avenue,451-453,-1744.0,-646.4,6.5,875.4,6670,0,0,1,1.0,0,,,,,https://www.openstreetmap.org/way/210270432
3375,w616831692,Seven 10 West,West Grand Avenue,710,-1829.4,-758.1,30.0,989.3,6670,0,0,1,1.0,0,,,,,https://www.openstreetmap.org/way/616831692
1280,w210307995,,West Grand Avenue,720-732,-1869.4,-739.7,13.5,1028.5,6670,0,0,1,1.0,0,,,,,https://www.openstreetmap.org/way/210307995
1208,w210307670,,North Halsted Street,511,-1896.2,-758.5,16.0,1062.3,6670,0,0,1,1.0,0,,,,,https://www.openstreetmap.org/way/210307670
946,w210270484,Metro Self Storage,North Desplaines Street,465,-1614.3,-667.5,24.0,781.3,6675,0,0,1,1.0,0,,,,,https://www.openstreetmap.org/way/210270484
1235,w210307828,,West Grand Avenue,641,-1670.5,-693.6,15.5,855.8,6675,0,0,1,1.0,0,,,,,https://www.openstreetmap.org/way/210307828
1238,w210307831,,West Grand Avenue,643,-1677.0,-694.6,16.0,862.5,6675,0,0,1,1.0,0,,,,,https://www.openstreetmap.org/way/210307831
1241,w210307834,,West Grand Avenue,645,-1683.5,-692.8,39.5,865.4,6675,0,0,1,1.0,0,,,,,https://www.openstreetmap.org/way/210307834
1248,w210307845,,West Grand Avenue,654,-1709.7,-737.7,11.0,914.6,6675,0,0,1,1.0,0,,,,,https://www.openstreetmap.org/way/210307845
1254,w210307865,,West Grand Avenue,660,-1725.2,-737.2,18.0,923.4,6675,0,0,1,1.0,0,,,,,https://www.openstreetmap.org/way/210307865
1256,w210307870,,West Grand Avenue,662,-1736.0,-737.0,17.0,933.1,6675,0,0,1,1.0,0,,,,,https://www.openstreetmap.org/way/210307870
3377,w616960214,,,,-1740.1,-732.5,17.0,937.8,6675,0,0,1,1.0,0,,,,,https://www.openstreetmap.org/way/616960214
1206,w210307651,,North Desplaines Street,506,-1676.4,-759.3,16.5,888.2,6680,0,0,1,1.0,0,,,,,https://www.openstreetmap.org/way/210307651
1261,w210307897,,West Ohio Street,669,-1753.2,-812.7,15.0,997.0,6680,0,0,1,1.0,0,,,,,https://www.openstreetmap.org/way/210307897
1222,w210307720,,North Union Avenue,521,-1742.3,-793.4,17.5,965.4,6690,0,0,1,1.0,0,,,,,https://www.openstreetmap.org/way/210307720
1253,w210307856,,West Ohio Street,659-667,-1738.1,-812.9,16.0,979.4,6695,0,0,1,1.0,0,,,,,https://www.openstreetmap.org/way/210307856
889,w210270348,,North Clinton Street,406,-1396.9,-508.9,13.5,532.9,6700,0,0,1,1.0,0,,,,,https://www.openstreetmap.org/way/210270348
15,w56630817,Clinton Street Tower,,,-1447.2,-552.8,7.5,596.7,6700,0,0,1,1.0,0,,,,,https://www.openstreetmap.org/way/56630817
1251,w210307851,,West Ohio Street,657,-1722.8,-813.1,15.5,974.7,6700,0,0,1,1.0,0,,,,,https://www.openstreetmap.org/way/210307851
896,w210270362,,North Clinton Street,416,-1408.0,-522.5,13.0,550.6,6705,0,0,1,1.0,0,,,,,https://www.openstreetmap.org/way/210270362
887,w210270345,,North Clinton Street,402,-1387.6,-509.0,13.5,524.3,6710,0,0,1,1.0,0,,,,,https://www.openstreetmap.org/way/210270345
903,w210270375,,North Clinton Street,428,-1417.7,-538.9,13.0,568.9,6710,0,0,1,1.0,0,,,,,https://www.openstreetmap.org/way/210270375
914,w210270388,,North Clinton Street,440,-1427.5,-555.4,13.5,587.4,6715,0,0,1,1.0,0,,,,,https://www.openstreetmap.org/way/210270388
890,w210270349,,North Clinton Street,407,-1374.9,-529.9,13.5,532.5,6720,0,0,1,1.0,0,,,,,https://www.openstreetmap.org/way/210270349
891,w210270351,,North Clinton Street,409,-1382.2,-533.0,14.5,539.2,6720,0,0,1,1.0,0,,,,,https://www.openstreetmap.org/way/210270351
939,w210270472,,North Clinton Street,460,-1447.0,-588.3,13.5,624.4,6720,0,0,1,1.0,0,,,,,https://www.openstreetmap.org/way/210270472
942,w210270477,,North Clinton Street,462,-1451.8,-596.4,13.5,633.6,6720,0,0,1,1.0,0,,,,,https://www.openstreetmap.org/way/210270477
948,w210270486,,North Clinton Street,468,-1456.7,-604.6,13.5,642.8,6720,0,0,1,1.0,0,,,,,https://www.openstreetmap.org/way/210270486
951,w210270490,,North Clinton Street,474,-1461.5,-612.7,13.5,651.8,6720,0,0,1,1.0,0,,,,,https://www.openstreetmap.org/way/210270490
955,w210270494,,North Clinton Street,480,-1466.4,-620.9,13.5,660.9,6720,0,0,1,1.0,0,,,,,https://www.openstreetmap.org/way/210270494
1527,w210671738,Kinzie Park Gatehouse,,,-1311.9,-497.3,5.5,464.3,6725,0,0,1,1.0,0,,,,,https://www.openstreetmap.org/way/210671738
898,w210270369,,North Canal Street,420,-1362.9,-545.0,14.0,533.2,6725,0,0,1,1.0,0,,,,,https://www.openstreetmap.org/way/210270369
902,w210270374,,North Canal Street,426,-1375.1,-561.2,14.0,553.7,6725,0,0,1,1.0,0,,,,,https://www.openstreetmap.org/way/210270374
906,w210270378,,North Canal Street,430,-1382.1,-567.4,14.0,563.3,6725,0,0,1,1.0,0,,,,,https://www.openstreetmap.org/way/210270378
919,w210270397,,North Clinton Street,445,-1413.1,-576.3,14.0,591.4,6725,0,0,1,1.0,0,,,,,https://www.openstreetmap.org/way/210270397
925,w210270423,,North Clinton Street,449,-1416.1,-580.6,14.0,596.7,6725,0,0,1,1.0,0,,,,,https://www.openstreetmap.org/way/210270423
931,w210270444,,North Clinton Street,453,-1418.8,-585.3,14.0,602.0,6725,0,0,1,1.0,0,,,,,https://www.openstreetmap.org/way/210270444
935,w210270457,,North Clinton Street,457,-1419.3,-591.8,13.0,607.6,6725,0,0,1,1.0,0,,,,,https://www.openstreetmap.org/way/210270457
941,w210270475,,North Clinton Street,461,-1434.5,-611.1,16.5,630.3,6725,0,0,1,1.0,0,,,,,https://www.openstreetmap.org/way/210270475
945,w210270483,,North Clinton Street,465,-1437.8,-617.6,16.5,637.2,6725,0,0,1,1.0,0,,,,,https://www.openstreetmap.org/way/210270483
938,w210270471,,North Canal Street,460,-1414.7,-622.7,13.5,625.2,6730,0,0,1,1.0,0,,,,,https://www.openstreetmap.org/way/210270471
943,w210270480,,North Canal Street,464,-1419.2,-631.0,14.0,634.7,6730,0,0,1,1.0,0,,,,,https://www.openstreetmap.org/way/210270480
947,w210270485,,North Canal Street,468,-1423.5,-641.2,14.0,645.4,6730,0,0,1,1.0,0,,,,,https://www.openstreetmap.org/way/210270485
1188,w210307621,,North Canal Street,476,-1438.8,-667.3,16.0,671.0,6730,0,0,1,1.0,0,,,,,https://www.openstreetmap.org/way/210307621
1190,w210307623,,North Canal Street,480,-1444.8,-664.5,16.5,671.7,6730,0,0,1,1.0,0,,,,,https://www.openstreetmap.org/way/210307623
1192,w210307625,,North Canal Street,484,-1451.0,-660.2,16.5,673.5,6730,0,0,1,1.0,0,,,,,https://www.openstreetmap.org/way/210307625
1284,w210308034,,North Halsted Street,734,-1965.3,-1233.8,34.5,1419.9,6730,0,0,1,1.0,0,,,,,https://www.openstreetmap.org/way/210308034
911,w210270384,,North Canal Street,437,-1364.3,-590.7,13.5,567.4,6735,0,0,1,1.0,0,,,,,https://www.openstreetmap.org/way/210270384
915,w210270392,,North Canal Street,441,-1370.5,-596.8,14.0,575.1,6735,0,0,1,1.0,0,,,,,https://www.openstreetmap.org/way/210270392
918,w210270396,,North Canal Street,445,-1375.0,-603.3,14.0,583.0,6735,0,0,1,1.0,0,,,,,https://www.openstreetmap.org/way/210270396
924,w210270422,,North Canal Street,449,-1379.5,-609.7,13.5,591.6,6735,0,0,1,1.0,0,,,,,https://www.openstreetmap.org/way/210270422
930,w210270443,,North Canal Street,453,-1380.9,-616.8,13.5,599.1,6735,0,0,1,1.0,0,,,,,https://www.openstreetmap.org/way/210270443
934,w210270456,,North Canal Street,457,-1393.1,-631.1,14.0,614.2,6735,0,0,1,1.0,0,,,,,https://www.openstreetmap.org/way/210270456
940,w210270474,,North Canal Street,461,-1396.3,-638.4,13.5,623.1,6735,0,0,1,1.0,0,,,,,https://www.openstreetmap.org/way/210270474
1176,w210307604,,North Canal Street,465,-1399.2,-645.3,13.5,630.2,6735,0,0,1,1.0,0,,,,,https://www.openstreetmap.org/way/210307604
1195,w210307629,,North Canal Street,489,-1417.5,-687.4,13.5,674.0,6740,0,0,1,1.0,0,,,,,https://www.openstreetmap.org/way/210307629
1196,w210307630,,North Canal Street,493,-1420.5,-694.2,13.5,681.0,6740,0,0,1,1.0,0,,,,,https://www.openstreetmap.org/way/210307630
1198,w210307632,,North Canal Street,495,-1420.2,-701.0,13.5,688.0,6740,0,0,1,1.0,0,,,,,https://www.openstreetmap.org/way/210307632
1199,w210307633,,North Canal Street,497,-1426.8,-715.5,13.5,703.1,6740,0,0,1,1.0,0,,,,,https://www.openstreetmap.org/way/210307633
3652,w1276540737,Grand Avenue Bridge House,West Grand Avenue,,-1357.1,-751.3,24.0,690.9,6755,0,0,1,1.0,0,,,,,https://www.openstreetmap.org/way/1276540737
1387,w210308541,River Place on the Park,North Larrabee Street,700,-1566.4,-1105.2,82.0,1076.8,6760,0,1,1,1.0,0,,,,,https://www.openstreetmap.org/way/210308541
3673,w1315998480,,,,-1378.7,-835.0,11.0,759.8,6765,0,0,1,1.0,0,,,,,https://www.openstreetmap.org/way/1315998480
3891,w210308537,Park Place,North Kingsbury Street,600,-1432.2,-904.2,65.0,811.5,6765,0,0,1,1.0,0,,,,,https://www.openstreetmap.org/way/210308537
3728,r9514988,One River Place,North Larrabee Street,758,-1586.6,-1227.1,63.0,1170.0,6765,0,0,1,1.0,0,,,,,https://www.openstreetmap.org/relation/9514988
1400,w210308583,,,,-1865.8,-1712.0,2.0,1766.5,6765,0,0,1,1.0,0,,,,,https://www.openstreetmap.org/way/210308583
3677,w1316243023,,,,-1878.6,-1734.4,26.5,1791.9,6765,0,0,1,1.0,0,,,,,https://www.openstreetmap.org/way/1316243023
1057,w210306988,StorageMart,North Halsted Street,1015,-1919.4,-1748.7,37.0,1796.6,6765,0,0,1,1.0,0,,,,,https://www.openstreetmap.org/way/210306988
3405,w686309063,,,,-1431.3,-1041.3,25.5,966.2,6770,0,0,1,1.0,0,,,,,https://www.openstreetmap.org/way/686309063
3675,w1315998515,,West Ohio Street,429,-1275.7,-807.6,36.5,680.9,6775,0,0,1,1.0,0,,,,,https://www.openstreetmap.org/way/1315998515
1025,w210306936,Admiral's Pointe,North Kingsbury Street,645,-1360.5,-946.6,84.0,841.8,6775,0,1,1,1.0,0,,,,,https://www.openstreetmap.org/way/210306936
1201,w210307637,,West Huron Street,500-522,-1465.1,-1132.8,34.5,1040.0,6775,0,0,1,1.0,0,,,,,https://www.openstreetmap.org/way/210307637
3211,w330745203,Chase,West Chicago Avenue,535,-1521.5,-1279.0,8.5,1220.7,6775,0,0,1,1.0,0,,,,,https://www.openstreetmap.org/way/330745203
1035,w210306958,,North Kingsbury Street,1004,-1721.6,-1676.2,12.5,1672.6,6775,0,0,1,1.0,0,,,,,https://www.openstreetmap.org/way/210306958
1039,w210306963,,North Kingsbury Street,1006,-1724.6,-1681.2,13.0,1678.8,6775,0,0,1,1.0,0,,,,,https://www.openstreetmap.org/way/210306963
1043,w210306968,,North Kingsbury Street,1008,-1727.4,-1686.1,13.0,1684.5,6775,0,0,1,1.0,0,,,,,https://www.openstreetmap.org/way/210306968
1047,w210306974,,North Kingsbury Street,1010,-1731.7,-1691.3,13.0,1690.2,6775,0,0,1,1.0,0,,,,,https://www.openstreetmap.org/way/210306974
1051,w210306981,,North Kingsbury Street,1012,-1734.8,-1696.5,13.0,1697.6,6775,0,0,1,1.0,0,,,,,https://www.openstreetmap.org/way/210306981
1056,w210306987,,North Kingsbury Street,1014,-1737.5,-1702.9,12.5,1703.6,6775,0,0,1,1.0,0,,,,,https://www.openstreetmap.org/way/210306987
1061,w210306993,,North Kingsbury Street,1016,-1746.4,-1706.5,12.5,1710.0,6775,0,0,1,1.0,0,,,,,https://www.openstreetmap.org/way/210306993
1103,w210307053,,North Kingsbury Street,1046,-1777.8,-1775.2,12.5,1782.9,6775,0,0,1,1.0,0,,,,,https://www.openstreetmap.org/way/210307053
1417,w210308712,Control House,,,-1862.3,-1968.0,3.0,1994.9,6775,0,0,1,1.0,0,,,,,https://www.openstreetmap.org/way/210308712
3552,w1135008624,Tiger Mart,West Division Street,735,-1893.8,-2052.4,3.5,2080.1,6775,0,0,1,1.0,0,,,,,https://www.openstreetmap.org/way/1135008624
3926,w331693390,Parc Huron,West Huron Street,469,-1380.8,-1051.2,75.0,938.9,6785,0,0,1,1.0,0,,,,,https://www.openstreetmap.org/way/331693390
1260,w210307896,,West Hobbie Street,669,-1753.6,-1786.2,12.5,1781.7,6785,0,0,1,1.0,0,,,,,https://www.openstreetmap.org/way/210307896
1416,w210308711,,,,-1770.5,-1825.4,4.5,1824.3,6785,0,0,1,1.0,0,,,,,https://www.openstreetmap.org/way/210308711
1259,w210307892,,West Hobbie Street,667,-1748.8,-1789.3,13.0,1782.3,6790,0,0,1,1.0,0,,,,,https://www.openstreetmap.org/way/210307892
1184,w210307617,,West Huron Street,472,-1404.1,-1131.5,19.5,1029.5,6795,0,0,1,1.0,0,,,,,https://www.openstreetmap.org/way/210307617
1246,w210307842,,West Oak Street,650,-1691.5,-1685.6,12.0,1665.2,6795,0,0,1,1.0,0,,,,,https://www.openstreetmap.org/way/210307842
1243,w210307836,,West Oak Street,648,-1686.9,-1688.5,12.0,1665.7,6800,0,0,1,1.0,0,,,,,https://www.openstreetmap.org/way/210307836
2333,w210680002,,West Ontario Street,440,-1310.0,-955.3,17.0,822.7,6805,0,0,1,1.0,0,,,,,https://www.openstreetmap.org/way/210680002
1179,w210307609,,West Huron Street,468,-1392.2,-1129.3,21.5,1024.6,6805,0,0,1,1.0,0,,,,,https://www.openstreetmap.org/way/210307609
1242,w210307835,,West Oak Street,646,-1682.6,-1691.2,12.5,1666.0,6805,0,0,1,1.0,0,,,,,https://www.openstreetmap.org/way/210307835
1187,w210307620,,West Superior Street,473,-1404.7,-1162.0,21.0,1059.8,6810,0,0,1,1.0,0,,,,,https://www.openstreetmap.org/way/210307620
1239,w210307832,,West Oak Street,644,-1678.3,-1694.0,12.0,1666.5,6810,0,0,1,1.0,0,,,,,https://www.openstreetmap.org/way/210307832
1237,w210307830,,West Oak Street,642,-1673.6,-1696.9,12.0,1666.9,6815,0,0,1,1.0,0,,,,,https://www.openstreetmap.org/way/210307830
1181,w210307612,,West Superior Street,469,-1394.4,-1160.4,21.0,1056.0,6820,0,0,1,1.0,0,,,,,https://www.openstreetmap.org/way/210307612
1234,w210307827,,West Oak Street,640,-1669.0,-1699.9,12.0,1667.4,6820,0,0,1,1.0,0,,,,,https://www.openstreetmap.org/way/210307827
1048,w210306978,,North Kingsbury Street,1011,-1679.3,-1717.1,12.0,1687.0,6820,0,0,1,1.0,0,,,,,https://www.openstreetmap.org/way/210306978
1165,w210307583,,West Huron Street,460,-1371.1,-1130.5,21.0,1017.0,6825,0,0,1,1.0,0,,,,,https://www.openstreetmap.org/way/210307583
1233,w210307826,,West Oak Street,638,-1664.7,-1702.5,12.0,1667.9,6825,0,0,1,1.0,0,,,,,https://www.openstreetmap.org/way/210307826
1053,w210306984,,North Kingsbury Street,1013,-1676.7,-1721.2,12.0,1687.4,6825,0,0,1,1.0,0,,,,,https://www.openstreetmap.org/way/210306984
1095,w210307042,,North Kingsbury Street,1041,-1710.8,-1788.2,13.0,1764.9,6825,0,0,1,1.0,0,,,,,https://www.openstreetmap.org/way/210307042
2270,w210679932,,West Ohio Street,369-417,-1209.9,-810.7,29.0,653.9,6830,0,0,1,1.0,0,,,,,https://www.openstreetmap.org/way/210679932
1163,w210307581,,West Huron Street,456,-1361.9,-1132.8,20.5,1013.1,6830,0,0,1,1.0,0,,,,,https://www.openstreetmap.org/way/210307581
1177,w210307605,,West Superior Street,465,-1380.5,-1161.7,19.5,1050.9,6830,0,0,1,1.0,0,,,,,https://www.openstreetmap.org/way/210307605
1185,w210307618,,West Superior Street,472,-1400.8,-1213.6,14.5,1113.1,6830,0,0,1,1.0,0,,,,,https://www.openstreetmap.org/way/210307618
1285,w210308039,,North Kingsbury Street,735,-1401.1,-1221.9,15.0,1120.1,6830,0,0,1,1.0,0,,,,,https://www.openstreetmap.org/way/210308039
1232,w210307824,,West Oak Street,636,-1660.1,-1705.4,12.0,1668.3,6830,0,0,1,1.0,0,,,,,https://www.openstreetmap.org/way/210307824
1231,w210307823,,West Oak Street,634,-1655.6,-1708.2,12.0,1668.7,6830,0,0,1,1.0,0,,,,,https://www.openstreetmap.org/way/210307823
1058,w210306989,,North Kingsbury Street,1015,-1670.1,-1724.3,12.0,1687.8,6830,0,0,1,1.0,0,,,,,https://www.openstreetmap.org/way/210306989
1062,w210306995,,North Kingsbury Street,1017,-1665.3,-1728.4,12.5,1688.3,6830,0,0,1,1.0,0,,,,,https://www.openstreetmap.org/way/210306995
1068,w210307003,,North Kingsbury Street,1021,-1669.4,-1740.3,12.0,1706.2,6830,0,0,1,1.0,0,,,,,https://www.openstreetmap.org/way/210307003
1069,w210307005,,North Kingsbury Street,1023,-1672.5,-1745.2,12.5,1711.0,6830,0,0,1,1.0,0,,,,,https://www.openstreetmap.org/way/210307005
1071,w210307008,,North Kingsbury Street,1025,-1676.1,-1750.8,12.0,1717.7,6830,0,0,1,1.0,0,,,,,https://www.openstreetmap.org/way/210307008
1075,w210307013,,North Kingsbury Street,1027,-1679.3,-1755.8,12.0,1724.4,6830,0,0,1,1.0,0,,,,,https://www.openstreetmap.org/way/210307013
1070,w210307006,,North Crosby Street,1024,-1686.0,-1765.8,12.5,1736.3,6830,0,0,1,1.0,0,,,,,https://www.openstreetmap.org/way/210307006
1078,w210307018,,North Crosby Street,1029,-1689.2,-1771.1,12.5,1741.9,6830,0,0,1,1.0,0,,,,,https://www.openstreetmap.org/way/210307018
1081,w210307024,,North Crosby Street,1031,-1692.8,-1777.0,12.5,1748.8,6830,0,0,1,1.0,0,,,,,https://www.openstreetmap.org/way/210307024
1084,w210307028,,North Crosby Street,1033,-1695.7,-1781.9,12.0,1755.4,6830,0,0,1,1.0,0,,,,,https://www.openstreetmap.org/way/210307028
1092,w210307039,,North Kingsbury Street,1039,-1706.5,-1790.9,12.5,1765.3,6830,0,0,1,1.0,0,,,,,https://www.openstreetmap.org/way/210307039
1089,w210307036,,North Kingsbury Street,1037,-1702.6,-1795.1,12.0,1765.5,6830,0,0,1,1.0,0,,,,,https://www.openstreetmap.org/way/210307036
1247,w210307844,,West Hobbie Street,653,-1716.5,-1809.2,12.0,1784.9,6830,0,0,1,1.0,0,,,,,https://www.openstreetmap.org/way/210307844
1244,w210307837,,West Hobbie Street,651,-1712.0,-1811.8,12.0,1785.3,6830,0,0,1,1.0,0,,,,,https://www.openstreetmap.org/way/210307837
3699,w1501177160,,,,-1809.0,-1994.3,0.5,1993.6,6830,0,0,1,1.0,0,,,,,https://www.openstreetmap.org/way/1501177160
2295,w210679961,Ontario Street Lofts,West Ontario Street,411-451,-1292.3,-891.9,36.0,739.7,6835,0,0,1,1.0,0,brick,,,,https://www.openstreetmap.org/way/210679961
2308,w210679976,,West Ontario Street,420-432,-1258.7,-952.0,22.0,797.1,6835,0,0,1,1.0,0,,,,,https://www.openstreetmap.org/way/210679976
3399,w686179132,Erie Centre,West Erie Street,401-441,-1286.7,-988.2,81.0,838.5,6835,0,1,1,1.0,0,,,,,https://www.openstreetmap.org/way/686179132
1431,w210308830,The Residences at Hudson & Huron,West Huron Street,451,-1331.5,-1076.8,56.0,939.3,6835,0,0,1,1.0,0,,,,,https://www.openstreetmap.org/way/210308830
2332,w210680001,,West Huron Street,440,-1321.0,-1124.9,17.0,991.6,6835,0,0,1,1.0,0,,,,,https://www.openstreetmap.org/way/210680001
3248,w411433483,,,,-1329.3,-1127.8,19.5,998.3,6835,0,0,1,1.0,0,,,,,https://www.openstreetmap.org/way/411433483
2340,w210680009,,West Superior Street,449,-1341.0,-1164.4,19.5,1036.4,6835,0,0,1,1.0,0,,,,,https://www.openstreetmap.org/way/210680009
3373,w592122460,,,,-1354.1,-1161.2,20.0,1039.6,6835,0,0,1,1.0,0,,,,,https://www.openstreetmap.org/way/592122460
1172,w210307593,,West Superior Street,462,-1363.8,-1208.5,15.0,1092.7,6835,0,0,1,1.0,0,,,,,https://www.openstreetmap.org/way/210307593
1175,w210307603,,West Superior Street,464,-1372.9,-1208.9,15.0,1096.1,6835,0,0,1,1.0,0,,,,,https://www.openstreetmap.org/way/210307603
1169,w210307587,,West Superior Street,460,-1375.5,-1238.8,15.5,1123.0,6835,0,0,1,1.0,0,,,,,https://www.openstreetmap.org/way/210307587
1168,w210307586,,West Superior Street,460,-1381.0,-1238.8,15.0,1125.4,6835,0,0,1,1.0,0,,,,,https://www.openstreetmap.org/way/210307586
1288,w210308067,,North Kingsbury Street,743,-1400.8,-1242.4,15.5,1137.2,6835,0,0,1,1.0,0,,,,,https://www.openstreetmap.org/way/210308067
1296,w210308138,,North Cambridge Avenue,814-826,-1450.5,-1370.5,8.5,1270.1,6835,0,0,1,1.0,0,,,,,https://www.openstreetmap.org/way/210308138
1218,w210307704,,West Pearson Street,517-533,-1472.2,-1384.7,8.5,1294.3,6835,0,0,1,1.0,0,,,,,https://www.openstreetmap.org/way/210307704
1214,w210307698,,West Pearson Street,516-532,-1472.9,-1409.4,8.0,1316.6,6835,0,0,1,1.0,0,,,,,https://www.openstreetmap.org/way/210307698
1376,w210308526,,North Crosby Street,1101,-1684.8,-1877.7,10.5,1830.9,6835,0,0,1,1.0,0,,,,,https://www.openstreetmap.org/way/210308526
1370,w210308520,,North Crosby Street,1103,-1688.8,-1885.0,11.0,1839.1,6835,0,0,1,1.0,0,,,,,https://www.openstreetmap.org/way/210308520
1359,w210308509,,North Crosby Street,1105,-1688.2,-1893.2,10.5,1846.1,6835,0,0,1,1.0,0,,,,,https://www.openstreetmap.org/way/210308509
1365,w210308515,,West Elm Street,647,-1710.0,-1963.2,11.0,1914.6,6835,0,0,1,1.0,0,,,,,https://www.openstreetmap.org/way/210308515
1382,w210308532,,West Elm Street,649,-1717.8,-1964.4,11.0,1917.7,6835,0,0,1,1.0,0,,,,,https://www.openstreetmap.org/way/210308532
1341,w210308491,,West Elm Street,651,-1725.6,-1963.8,10.0,1920.9,6835,0,0,1,1.0,0,,,,,https://www.openstreetmap.org/way/210308491
1343,w210308493,,West Elm Street,653,-1733.4,-1963.1,10.5,1924.0,6835,0,0,1,1.0,0,,,,,https://www.openstreetmap.org/way/210308493
1373,w210308523,,North Frontier Avenue,1143,-1742.1,-1995.6,10.0,1962.0,6835,0,0,1,1.0,0,,,,,https://www.openstreetmap.org/way/210308523
1350,w210308500,,North Frontier Avenue,1145,-1741.6,-2003.7,10.5,1969.0,6835,0,0,1,1.0,0,,,,,https://www.openstreetmap.org/way/210308500
1339,w210308489,,West Division Street,663,-1769.5,-2081.1,11.0,2045.7,6835,0,0,1,1.0,0,,,,,https://www.openstreetmap.org/way/210308489
1338,w210308488,,West Division Street,665,-1777.4,-2081.5,10.5,2049.2,6835,0,0,1,1.0,0,,,,,https://www.openstreetmap.org/way/210308488
1349,w210308499,,West Division Street,667,-1784.7,-2080.0,10.5,2052.0,6835,0,0,1,1.0,0,,,,,https://www.openstreetmap.org/way/210308499
1379,w210308529,,West Division Street,669,-1792.2,-2080.6,11.0,2055.4,6835,0,0,1,1.0,0,,,,,https://www.openstreetmap.org/way/210308529
1381,w210308531,,West Division Street,671,-1800.2,-2081.1,10.5,2058.3,6835,0,0,1,1.0,0,,,,,https://www.openstreetmap.org/way/210308531
1279,w210307994,,West Scott Street,720-728,-1876.2,-2266.7,10.5,2262.3,6835,0,0,1,1.0,0,,,,,https://www.openstreetmap.org/way/210307994
1130,w210307417,,North Burling Street,1321,-1885.9,-2305.8,13.0,2304.6,6835,0,0,1,1.0,0,,,,,https://www.openstreetmap.org/way/210307417
1133,w210307439,,North Burling Street,1326-1338,-1915.2,-2336.2,13.0,2335.5,6835,0,0,1,1.0,0,,,,,https://www.openstreetmap.org/way/210307439
1289,w210308100,,West Evergreen Avenue,751,-1917.9,-2377.3,13.0,2375.4,6835,0,0,1,1.0,0,,,,,https://www.openstreetmap.org/way/210308100
1292,w210308109,,West Fair Place,754,-1934.5,-2368.2,7.0,2384.6,6835,0,0,1,1.0,0,,,,,https://www.openstreetmap.org/way/210308109
1294,w210308115,,West Fair Place,758,-1948.4,-2368.3,7.0,2390.7,6835,0,0,1,1.0,0,,,,,https://www.openstreetmap.org/way/210308115
1291,w210308108,,West Evergreen Avenue,753-759,-1943.1,-2383.5,11.0,2397.3,6835,0,0,1,1.0,0,,,,,https://www.openstreetmap.org/way/210308108
1290,w210308103,,West Evergreen Avenue,752-758,-1944.4,-2422.3,10.5,2432.5,6835,0,0,1,1.0,0,,,,,https://www.openstreetmap.org/way/210308103
1295,w210308116,,West Eastman Street,759,-1950.6,-2436.7,7.0,2453.2,6835,0,0,1,1.0,0,,,,,https://www.openstreetmap.org/way/210308116
2276,w210679938,,West Ontario Street,377,-1188.2,-900.7,25.0,722.9,6840,0,0,1,1.0,0,,,,,https://www.openstreetmap.org/way/210679938
2322,w210679991,,West Huron Street,430,-1279.8,-1125.6,17.0,978.5,6840,0,0,1,1.0,0,,,,,https://www.openstreetmap.org/way/210679991
3247,w411433482,,,,-1309.5,-1166.1,17.5,1021.9,6840,0,0,1,1.0,0,,,,,https://www.openstreetmap.org/way/411433482
2334,w210680003,,West Superior Street,440,-1314.9,-1213.7,14.5,1074.8,6840,0,0,1,1.0,0,,,,,https://www.openstreetmap.org/way/210680003
2335,w210680004,,West Superior Street,444,-1321.4,-1212.1,15.0,1075.4,6840,0,0,1,1.0,0,,,,,https://www.openstreetmap.org/way/210680004
2337,w210680006,,West Superior Street,446,-1333.7,-1209.9,15.0,1079.3,6840,0,0,1,1.0,0,,,,,https://www.openstreetmap.org/way/210680006
2350,w210680020,,West Superior Street,460,-1333.8,-1239.4,15.0,1105.6,6840,0,0,1,1.0,0,,,,,https://www.openstreetmap.org/way/210680020
2348,w210680018,,West Superior Street,460,-1340.8,-1239.3,15.0,1108.7,6840,0,0,1,1.0,0,,,,,https://www.openstreetmap.org/way/210680018
3524,w1022753835,The 808 Cleveland,North Cleveland Avenue,808,-1402.9,-1336.1,17.5,1203.5,6840,0,0,1,1.0,0,,,,,https://www.openstreetmap.org/way/1022753835
1299,w210308147,,North Mohawk Street,816-834,-1402.5,-1397.0,6.0,1259.9,6840,0,0,1,1.0,0,,,,,https://www.openstreetmap.org/way/210308147
1306,w210308217,,North Cambridge Avenue,847-875,-1428.9,-1447.2,8.5,1317.2,6840,0,0,1,1.0,0,,,,,https://www.openstreetmap.org/way/210308217
1313,w210308327,,North Cambridge Avenue,900-914,-1456.1,-1535.6,8.0,1417.4,6840,0,0,1,1.0,0,,,,,https://www.openstreetmap.org/way/210308327
1212,w210307696,,West Iowa Street,516-532,-1476.3,-1519.7,8.5,1418.1,6840,0,0,1,1.0,0,,,,,https://www.openstreetmap.org/way/210307696
1223,w210307721,,West Locust Street,521-533,-1477.3,-1550.2,8.5,1446.5,6840,0,0,1,1.0,0,,,,,https://www.openstreetmap.org/way/210307721
1323,w210308394,,North Larrabee Street,921,-1515.7,-1615.7,22.0,1515.5,6840,0,0,1,1.0,0,,,,,https://www.openstreetmap.org/way/210308394
1325,w210308400,,North Larrabee Street,925,-1516.0,-1631.0,22.0,1530.2,6840,0,0,1,1.0,0,,,,,https://www.openstreetmap.org/way/210308400
3,w31064332,Park Community Church,North Crosby Street,1001,-1607.7,-1780.6,19.5,1669.0,6840,0,0,1,1.0,0,,,,,https://www.openstreetmap.org/way/31064332
1052,w210306982,,North Larrabee Street,1008,-1582.0,-1775.8,19.0,1687.3,6840,0,0,1,1.0,0,,,,,https://www.openstreetmap.org/way/210306982
3361,w565852828,,North Larrabee Street,1014,-1583.7,-1788.2,19.0,1701.8,6840,0,0,1,1.0,0,,,,,https://www.openstreetmap.org/way/565852828
3362,w565852829,,North Larrabee Street,1018,-1576.8,-1805.7,21.5,1715.7,6840,0,0,1,1.0,0,,,,,https://www.openstreetmap.org/way/565852829
1348,w210308498,,West Elm Street,635,-1664.1,-1963.9,10.5,1896.1,6840,0,0,1,1.0,0,,,,,https://www.openstreetmap.org/way/210308498
1354,w210308504,,North Howe Street,1144,-1680.7,-1998.4,10.5,1942.0,6840,0,0,1,1.0,0,,,,,https://www.openstreetmap.org/way/210308504
1346,w210308496,,North Howe Street,1146,-1680.9,-2006.0,11.0,1949.0,6840,0,0,1,1.0,0,,,,,https://www.openstreetmap.org/way/210308496
1352,w210308502,,North Howe Street,1148,-1682.7,-2012.6,10.5,1956.0,6840,0,0,1,1.0,0,,,,,https://www.openstreetmap.org/way/210308502
1357,w210308507,,North Howe Street,1150,-1680.5,-2020.6,10.5,1962.9,6840,0,0,1,1.0,0,,,,,https://www.openstreetmap.org/way/210308507
1366,w210308516,,North Howe Street,1152,-1681.6,-2028.7,11.0,1969.9,6840,0,0,1,1.0,0,,,,,https://www.openstreetmap.org/way/210308516
1358,w210308508,,North Howe Street,1154,-1683.3,-2035.4,10.5,1977.0,6840,0,0,1,1.0,0,,,,,https://www.openstreetmap.org/way/210308508
1356,w210308506,,North Howe Street,1156,-1682.1,-2044.0,10.5,1984.1,6840,0,0,1,1.0,0,,,,,https://www.openstreetmap.org/way/210308506
1345,w210308495,,North Howe Street,1158,-1682.2,-2051.6,11.0,1991.1,6840,0,0,1,1.0,0,,,,,https://www.openstreetmap.org/way/210308495
1240,w210307833,,West Division Street,645,-1707.5,-2076.2,8.5,2012.7,6840,0,0,1,1.0,0,,,,,https://www.openstreetmap.org/way/210307833
1360,w210308510,,West Division Street,637,-1685.1,-2082.2,10.5,2012.9,6840,0,0,1,1.0,0,,,,,https://www.openstreetmap.org/way/210308510
1342,w210308492,,West Division Street,639,-1693.2,-2082.9,11.0,2015.8,6840,0,0,1,1.0,0,,,,,https://www.openstreetmap.org/way/210308492
1340,w210308490,,West Division Street,641,-1700.8,-2082.9,10.5,2019.1,6840,0,0,1,1.0,0,,,,,https://www.openstreetmap.org/way/210308490
1363,w210308513,,West Division Street,649,-1715.8,-2081.5,10.5,2024.6,6840,0,0,1,1.0,0,,,,,https://www.openstreetmap.org/way/210308513
1386,w210308536,,West Division Street,651,-1723.9,-2082.5,10.5,2027.5,6840,0,0,1,1.0,0,,,,,https://www.openstreetmap.org/way/210308536
1268,w210307941,,West Evergreen Avenue,706-724,-1857.2,-2431.3,14.0,2395.4,6840,0,0,1,1.0,0,,,,,https://www.openstreetmap.org/way/210307941
1275,w210307975,,West Eastman Street,715-719,-1851.1,-2439.2,7.0,2412.1,6840,0,0,1,1.0,0,,,,,https://www.openstreetmap.org/way/210307975
1273,w210307950,,West Eastman Street,710,-1864.2,-2453.5,12.5,2426.3,6840,0,0,1,1.0,0,,,,,https://www.openstreetmap.org/way/210307950
1283,w210308028,,West Eastman Street,730,-1882.8,-2453.4,13.0,2435.7,6840,0,0,1,1.0,0,,,,,https://www.openstreetmap.org/way/210308028
1282,w210308022,,West Blackhawk Street,729,-1883.4,-2491.4,13.0,2471.1,6840,0,0,1,1.0,0,,,,,https://www.openstreetmap.org/way/210308022
3526,w1024669105,,West Schiller Street,731,-1887.9,-2506.8,1.0,2487.3,6840,0,0,1,1.0,0,,,,,https://www.openstreetmap.org/way/1024669105
3229,w381783835,,,,-1937.7,-2557.4,66.0,2535.9,6840,0,0,1,1.0,0,,,,,https://www.openstreetmap.org/way/381783835
2370,w210680041,Sexton Lofts,North Kingsbury Street,501,-1136.3,-686.5,50.0,483.3,6845,0,0,1,1.0,0,,,,,https://www.openstreetmap.org/way/210680041
2275,w210679937,,West Ontario Street,371,-1160.6,-898.0,29.0,716.1,6845,0,0,1,1.0,0,,,,,https://www.openstreetmap.org/way/210679937
2299,w210679966,,West Huron Street,415,-1224.6,-1078.4,27.0,905.4,6845,0,0,1,1.0,0,,,,,https://www.openstreetmap.org/way/210679966
2309,w210679977,,West Huron Street,422,-1251.2,-1124.6,18.0,967.6,6845,0,0,1,1.0,0,,,,,https://www.openstreetmap.org/way/210679977
2314,w210679982,,West Superior Street,425,-1256.2,-1166.0,17.0,1000.9,6845,0,0,1,1.0,0,,,,,https://www.openstreetmap.org/way/210679982
2317,w210679986,,West Superior Street,429,-1264.1,-1165.9,17.0,1003.5,6845,0,0,1,1.0,0,,,,,https://www.openstreetmap.org/way/210679986
1297,w210308139,,North Cleveland Avenue,814-834,-1353.4,-1395.4,17.5,1236.7,6845,0,0,1,1.0,0,,,,,https://www.openstreetmap.org/way/210308139
1303,w210308194,,North Mohawk Street,837-853,-1379.9,-1450.1,14.0,1301.8,6845,0,0,1,1.0,0,,,,,https://www.openstreetmap.org/way/210308194
1309,w210308280,,North Mohawk Street,855-873,-1381.8,-1514.3,12.5,1361.3,6845,0,0,1,1.0,0,,,,,https://www.openstreetmap.org/way/210308280
1308,w210308266,,North Mohawk Street,854-872,-1406.1,-1513.5,12.0,1369.7,6845,0,0,1,1.0,0,,,,,https://www.openstreetmap.org/way/210308266
1315,w210308329,,North Mohawk Street,900-918,-1407.8,-1569.0,11.5,1421.8,6845,0,0,1,1.0,0,,,,,https://www.openstreetmap.org/way/210308329
1331,w210308445,,North Cambridge Avenue,941-969,-1434.3,-1633.7,18.5,1491.0,6845,0,0,1,1.0,0,,,,,https://www.openstreetmap.org/way/210308445
1332,w210308477,,North Cambridge Avenue,956-970,-1459.3,-1646.2,8.5,1520.3,6845,0,0,1,1.0,0,,,,,https://www.openstreetmap.org/way/210308477
1219,w210307705,,West Walton Street,517-533,-1480.5,-1660.9,8.0,1549.5,6845,0,0,1,1.0,0,,,,,https://www.openstreetmap.org/way/210307705
93,w107248003,Chicago Police Department 18th District,North Larrabee Street,1160,-1584.7,-2041.4,11.5,1908.8,6845,0,0,1,1.0,0,,,,,https://www.openstreetmap.org/way/107248003
3527,w1024669106,,West Schiller Street,711,-1818.1,-2506.0,3.5,2456.9,6845,0,0,1,1.0,0,,,,,https://www.openstreetmap.org/way/1024669106
3196,w325764477,,,,-1845.3,-2598.2,30.0,2498.3,6845,0,0,1,1.0,0,,,,,https://www.openstreetmap.org/way/325764477
3509,w1004593498,,,,-1848.3,-2556.3,30.0,2498.3,6845,0,0,1,1.0,0,,,,,https://www.openstreetmap.org/way/1004593498
2394,w210680072,Former Office Depot,North Orleans Street,540,-1110.6,-809.9,13.5,608.4,6850,0,0,1,1.0,0,,,,,https://www.openstreetmap.org/way/210680072
2300,w210679967,,West Superior Street,415,-1225.8,-1167.1,29.5,988.4,6850,0,0,1,1.0,0,,,,,https://www.openstreetmap.org/way/210679967
2600,w210680322,,North Hudson Avenue,814-844,-1304.7,-1396.7,12.5,1223.2,6850,0,0,1,1.0,0,,,,,https://www.openstreetmap.org/way/210680322
2621,w210680348,,North Hudson Avenue,846-874,-1306.2,-1451.3,19.0,1275.5,6850,0,0,1,1.0,0,,,,,https://www.openstreetmap.org/way/210680348
2628,w210680355,,North Cleveland Avenue,855-873,-1333.0,-1515.8,17.0,1345.7,6850,0,0,1,1.0,0,,,,,https://www.openstreetmap.org/way/210680355
1314,w210308328,,North Cleveland Avenue,900-918,-1358.7,-1570.5,14.0,1405.8,6850,0,0,1,1.0,0,,,,,https://www.openstreetmap.org/way/210308328
1324,w210308397,,North Mohawk Street,921-937,-1386.0,-1634.6,6.5,1476.0,6850,0,0,1,1.0,0,,,,,https://www.openstreetmap.org/way/210308397
1327,w210308433,,North Mohawk Street,936-946,-1410.7,-1671.6,18.5,1527.1,6850,0,0,1,1.0,0,,,,,https://www.openstreetmap.org/way/210308433
3550,w1135007623,,West Hobbie Street,532,-1492.7,-1900.1,1.0,1754.0,6850,0,0,1,1.0,0,,,,,https://www.openstreetmap.org/way/1135007623
3709,w1547599956,,West Elm Street,542,-1526.6,-2009.2,2.0,1887.1,6850,0,0,1,1.0,0,,,,,https://www.openstreetmap.org/way/1547599956
3126,w231835401,Larrabee Place Apartments,West Division Street,545,-1509.8,-2061.5,31.0,1916.0,6850,0,0,1,1.0,0,,,,,https://www.openstreetmap.org/way/231835401
3158,w243831261,Target,North Larrabee Street,1200,-1646.2,-2131.9,21.5,2017.4,6850,0,0,1,1.0,0,,,,,https://www.openstreetmap.org/way/243831261
1228,w210307805,,West Scott Street,640,-1695.2,-2276.4,13.5,2175.2,6850,0,0,1,1.0,0,,,,,https://www.openstreetmap.org/way/210307805
3251,w411437406,Stanton Park Fieldhouse,West Scott Street,618,-1639.2,-2306.4,15.5,2202.3,6850,0,0,1,1.0,0,,,,,https://www.openstreetmap.org/way/411437406
1229,w210307807,Stanton Park Natatorium,West Scott Street,618-640,-1656.2,-2346.7,16.5,2229.2,6850,0,0,1,1.0,0,,,,,https://www.openstreetmap.org/way/210307807
3100,w212016115,,West Illinois Street,323,-1016.2,-628.3,13.5,416.3,6855,0,0,1,1.0,0,,,,,https://www.openstreetmap.org/way/212016115
3108,w218814116,,West Ontario Street,351-363,-1113.7,-910.6,18.5,717.6,6855,0,0,1,1.0,0,,,,,https://www.openstreetmap.org/way/218814116
2263,w210679921,,West Erie Street,359-373,-1139.5,-987.0,34.0,793.9,6855,0,0,1,1.0,0,,,,,https://www.openstreetmap.org/way/210679921
2285,w210679951,,West Superior Street,401,-1189.3,-1168.0,25.5,977.1,6855,0,0,1,1.0,0,,,,,https://www.openstreetmap.org/way/210679951
2283,w210679949,,West Superior Street,400,-1196.4,-1219.7,29.5,1028.4,6855,0,0,1,1.0,0,,,,,https://www.openstreetmap.org/way/210679949
2664,w210680393,,North Hudson Avenue,900,-1307.6,-1544.4,8.5,1376.0,6855,0,0,1,1.0,0,,,,,https://www.openstreetmap.org/way/210680393
2667,w210680396,,North Hudson Avenue,906-922,-1310.2,-1580.4,11.0,1407.5,6855,0,0,1,1.0,0,,,,,https://www.openstreetmap.org/way/210680396
2676,w210680408,,North Cleveland Avenue,921-937,-1336.5,-1635.5,5.5,1460.7,6855,0,0,1,1.0,0,,,,,https://www.openstreetmap.org/way/210680408
2688,w210680423,,North Cleveland Avenue,939-955,-1337.9,-1686.6,11.0,1510.1,6855,0,0,1,1.0,0,,,,,https://www.openstreetmap.org/way/210680423
1171,w210307589,,West Oak Street,461-485,-1383.7,-1723.3,15.0,1572.2,6855,0,0,1,1.0,0,,,,,https://www.openstreetmap.org/way/210307589
3262,w453109366,,West Oak Street,454,-1363.6,-1763.5,13.0,1606.3,6855,0,0,1,1.0,0,,,,,https://www.openstreetmap.org/way/453109366
3263,w453109368,,North Cleveland Avenue,1001,-1372.1,-1763.3,12.0,1609.6,6855,0,0,1,1.0,0,,,,,https://www.openstreetmap.org/way/453109368
3129,w234424670,,North Cambridge Avenue,1141-1153,-1455.8,-2020.3,13.5,1866.6,6855,0,0,1,1.0,0,,,,,https://www.openstreetmap.org/way/234424670
3359,w565852826,,,,-1535.5,-2294.2,19.5,2150.4,6855,0,0,1,1.0,0,,,,,https://www.openstreetmap.org/way/565852826
3360,w565852827,,,,-1538.1,-2334.4,17.0,2192.0,6855,0,0,1,1.0,0,,,,,https://www.openstreetmap.org/way/565852827
1126,w210307390,,North Clybourn Avenue,1312-1316,-1541.9,-2345.3,16.0,2206.0,6855,0,0,1,1.0,0,,,,,https://www.openstreetmap.org/way/210307390
261,w145080936,Assumption Roman Catholic Church,West Illinois Street,323,-991.7,-642.0,97.0,408.7,6860,0,1,1,1.0,0,,,,,https://www.openstreetmap.org/way/145080936
2806,w210680575,,,,-1089.3,-963.0,31.0,759.6,6860,0,0,1,1.0,0,,,,,https://www.openstreetmap.org/way/210680575
2251,w210679906,,West Erie Street,350,-1102.5,-1044.2,15.5,832.2,6860,0,0,1,1.0,0,,,,,https://www.openstreetmap.org/way/210679906
2531,w210680224,,North Orleans Street,710,-1134.1,-1152.0,14.0,955.0,6860,0,0,1,1.0,0,,,,,https://www.openstreetmap.org/way/210680224
3270,w453109383,,West Oak Street,434,-1302.2,-1764.7,13.5,1590.4,6860,0,0,1,1.0,0,,,,,https://www.openstreetmap.org/way/453109383
3261,w453109364,,West Oak Street,438,-1310.8,-1764.5,12.5,1591.8,6860,0,0,1,1.0,0,,,,,https://www.openstreetmap.org/way/453109364
3268,w453109374,,West Oak Street,440,-1319.4,-1764.3,12.5,1594.8,6860,0,0,1,1.0,0,,,,,https://www.openstreetmap.org/way/453109374
3267,w453109372,,West Oak Street,442,-1325.2,-1764.2,12.5,1596.4,6860,0,0,1,1.0,0,,,,,https://www.openstreetmap.org/way/453109372
3280,w453109400,,West Hobbie Street,441,-1320.0,-1846.8,10.0,1671.7,6860,0,0,1,1.0,0,,,,,https://www.openstreetmap.org/way/453109400
3279,w453109398,,West Hobbie Street,443,-1325.6,-1846.7,10.5,1673.1,6860,0,0,1,1.0,0,,,,,https://www.openstreetmap.org/way/453109398
3278,w453109397,,West Hobbie Street,445,-1331.1,-1846.6,10.5,1674.5,6860,0,0,1,1.0,0,,,,,https://www.openstreetmap.org/way/453109397
3277,w453109395,,West Hobbie Street,447,-1336.7,-1846.5,10.5,1676.0,6860,0,0,1,1.0,0,,,,,https://www.openstreetmap.org/way/453109395
3286,w453109420,,West Hobbie Street,449,-1344.8,-1846.2,10.0,1678.0,6860,0,0,1,1.0,0,,,,,https://www.openstreetmap.org/way/453109420
3276,w453109394,,West Hobbie Street,451,-1350.6,-1846.2,10.5,1679.6,6860,0,0,1,1.0,0,,,,,https://www.openstreetmap.org/way/453109394
1335,w210308484,Jenner School,North Cleveland Avenue,1119,-1364.2,-1936.1,23.0,1720.4,6860,0,0,1,1.0,0,,,,,https://www.openstreetmap.org/way/210308484
3136,w234424677,,North Cleveland Avenue,1152,-1421.6,-2037.1,13.0,1881.4,6860,0,0,1,1.0,0,,,,,https://www.openstreetmap.org/way/234424677
3135,w234424676,The Cambridge,North Cambridge Avenue,1145,-1436.1,-2067.4,30.5,1910.0,6860,0,0,1,1.0,0,,,,,https://www.openstreetmap.org/way/234424676
1115,w210307339,,North Clybourn Avenue,1260-1266,-1468.9,-2229.4,21.0,2050.7,6860,0,0,1,1.0,0,,,,,https://www.openstreetmap.org/way/210307339
3198,w325765089,,North Clybourn Avenue,,-1483.7,-2361.9,16.0,2212.5,6860,0,0,1,1.0,0,,,,,https://www.openstreetmap.org/way/325765089
1442,w210315078,,North Mohawk Street,1368,-1514.5,-2521.4,7.5,2372.8,6860,0,0,1,1.0,0,,,,,https://www.openstreetmap.org/way/210315078
1463,w210315138,,North Larrabee Street,1441,-1549.7,-2539.1,10.0,2404.0,6860,0,0,1,1.0,0,,,,,https://www.openstreetmap.org/way/210315138
1464,w210315143,,North Larrabee Street,1443,-1548.3,-2547.5,10.0,2411.1,6860,0,0,1,1.0,0,,,,,https://www.openstreetmap.org/way/210315143
1465,w210315149,,North Larrabee Street,1445,-1548.5,-2555.2,9.5,2418.8,6860,0,0,1,1.0,0,,,,,https://www.openstreetmap.org/way/210315149
1466,w210315159,,North Larrabee Street,1449,-1548.4,-2562.8,9.5,2426.1,6860,0,0,1,1.0,0,,,,,https://www.openstreetmap.org/way/210315159
1467,w210315164,,North Larrabee Street,1451,-1548.9,-2570.4,10.0,2433.0,6860,0,0,1,1.0,0,,,,,https://www.openstreetmap.org/way/210315164
1468,w210315168,,North Larrabee Street,1453,-1549.5,-2577.5,9.5,2440.7,6860,0,0,1,1.0,0,,,,,https://www.openstreetmap.org/way/210315168
1469,w210315170,,North Larrabee Street,1455,-1549.3,-2585.7,10.0,2448.1,6860,0,0,1,1.0,0,,,,,https://www.openstreetmap.org/way/210315170
2769,w210680527,The Grand Orleans,West Grand Avenue,330,-1017.0,-779.0,72.0,552.3,6865,0,0,1,1.0,0,,,,,https://www.openstreetmap.org/way/210680527
2492,w210680181,,North Orleans Street,660,-1071.4,-1034.3,11.0,826.2,6865,0,0,1,1.0,0,,,,,https://www.openstreetmap.org/way/210680181
2498,w210680189,,North Orleans Street,668,-1079.7,-1071.9,14.5,861.4,6865,0,0,1,1.0,0,,,,,https://www.openstreetmap.org/way/210680189
2258,w210679915,,West Superior Street,356,-1121.9,-1219.9,14.0,1010.1,6865,0,0,1,1.0,0,,,,,https://www.openstreetmap.org/way/210679915
2262,w210679920,,West Chicago Avenue,359,-1128.2,-1272.2,17.0,1056.0,6865,0,0,1,1.0,0,,,,,https://www.openstreetmap.org/way/210679920
2260,w210679917,,West Chicago Avenue,357,-1119.9,-1274.1,18.5,1057.0,6865,0,0,1,1.0,0,,,,,https://www.openstreetmap.org/way/210679917
3130,w234424671,,North Hudson Avenue,1142-1154,-1324.8,-2023.7,13.5,1832.8,6865,0,0,1,1.0,0,,,,,https://www.openstreetmap.org/way/234424671
3291,w477752951,Terrace 459,West Division Street,459,-1342.8,-2082.3,33.0,1887.4,6865,0,0,1,1.0,0,,,,,https://www.openstreetmap.org/way/477752951
3063,w210717488,Margot and Harold Schiff Residences,North Clybourn Avenue,1244,-1389.7,-2208.9,17.0,2020.4,6865,0,0,1,1.0,0,,,,,https://www.openstreetmap.org/way/210717488
1112,w210307316,,North Clybourn Avenue,1245,-1340.3,-2230.4,10.5,2045.1,6865,0,0,1,1.0,0,,,,,https://www.openstreetmap.org/way/210307316
1113,w210307327,Minuteman Press,North Clybourn Avenue,1249,-1349.7,-2239.3,14.0,2056.2,6865,0,0,1,1.0,0,,,,,https://www.openstreetmap.org/way/210307327
1114,w210307333,,North Clybourn Avenue,1251,-1356.0,-2245.6,14.0,2063.1,6865,0,0,1,1.0,0,,,,,https://www.openstreetmap.org/way/210307333
1116,w210307340,,North Clybourn Avenue,1261,-1378.6,-2257.9,13.0,2086.9,6865,0,0,1,1.0,0,,,,,https://www.openstreetmap.org/way/210307340
3330,w545558067,,,,-1382.0,-2295.6,13.5,2119.8,6865,0,0,1,1.0,0,,,,,https://www.openstreetmap.org/way/545558067
3331,w545558068,,,,-1376.9,-2306.1,12.0,2131.2,6865,0,0,1,1.0,0,,,,,https://www.openstreetmap.org/way/545558068
3328,w545558065,,,,-1402.8,-2326.6,17.5,2149.2,6865,0,0,1,1.0,0,,,,,https://www.openstreetmap.org/way/545558065
3329,w545558066,,,,-1386.7,-2336.0,14.5,2160.2,6865,0,0,1,1.0,0,,,,,https://www.openstreetmap.org/way/545558066
1123,w210307357,,North Cleveland Avenue,1302-1306,-1387.2,-2348.6,16.5,2168.6,6865,0,0,1,1.0,0,,,,,https://www.openstreetmap.org/way/210307357
3557,w1168444263,,North Cleveland Avenue,1308,-1381.6,-2355.8,12.5,2183.9,6865,0,0,1,1.0,0,,,,,https://www.openstreetmap.org/way/1168444263
1429,w210308818,,,,-1410.9,-2383.2,11.5,2212.7,6865,0,0,1,1.0,0,,,,,https://www.openstreetmap.org/way/210308818
1415,w210308710,,,,-1406.7,-2395.5,6.5,2229.4,6865,0,0,1,1.0,0,,,,,https://www.openstreetmap.org/way/210308710
1419,w210308722,,,,-1421.3,-2397.2,10.5,2234.3,6865,0,0,1,1.0,0,,,,,https://www.openstreetmap.org/way/210308722
1397,w210308570,,,,-1422.8,-2405.5,10.0,2242.9,6865,0,0,1,1.0,0,,,,,https://www.openstreetmap.org/way/210308570
1137,w210307447,,North Mohawk Street,1329,-1443.0,-2404.5,12.5,2245.9,6865,0,0,1,1.0,0,,,,,https://www.openstreetmap.org/way/210307447
1139,w210307453,,North Mohawk Street,1331,-1435.4,-2413.1,15.0,2250.9,6865,0,0,1,1.0,0,,,,,https://www.openstreetmap.org/way/210307453
1425,w210308766,,,,-1422.3,-2425.9,3.0,2260.5,6865,0,0,1,1.0,0,,,,,https://www.openstreetmap.org/way/210308766
1143,w210307466,,North Mohawk Street,1335,-1447.8,-2423.8,16.5,2261.6,6865,0,0,1,1.0,0,,,,,https://www.openstreetmap.org/way/210307466
1410,w210308683,,,,-1408.5,-2428.8,5.5,2261.9,6865,0,0,1,1.0,0,,,,,https://www.openstreetmap.org/way/210308683
1407,w210308654,,,,-1408.7,-2438.6,8.0,2271.1,6865,0,0,1,1.0,0,,,,,https://www.openstreetmap.org/way/210308654
1423,w210308752,,,,-1423.0,-2440.1,2.5,2272.9,6865,0,0,1,1.0,0,,,,,https://www.openstreetmap.org/way/210308752
1145,w210307483,,North Mohawk Street,1339,-1445.3,-2439.6,18.5,2277.0,6865,0,0,1,1.0,0,,,,,https://www.openstreetmap.org/way/210307483
1411,w210308695,,,,-1409.5,-2448.0,5.5,2279.9,6865,0,0,1,1.0,0,,,,,https://www.openstreetmap.org/way/210308695
1412,w210308704,,,,-1423.3,-2460.3,3.0,2288.4,6865,0,0,1,1.0,0,,,,,https://www.openstreetmap.org/way/210308704
1426,w210308783,,,,-1409.0,-2456.8,5.0,2289.3,6865,0,0,1,1.0,0,,,,,https://www.openstreetmap.org/way/210308783
1149,w210307495,,North Mohawk Street,1343,-1446.6,-2455.9,18.0,2293.3,6865,0,0,1,1.0,0,,,,,https://www.openstreetmap.org/way/210307495
1421,w210308739,,,,-1410.2,-2464.7,10.5,2297.9,6865,0,0,1,1.0,0,,,,,https://www.openstreetmap.org/way/210308739
1151,w210307504,,North Mohawk Street,1347,-1441.9,-2467.7,17.0,2306.3,6865,0,0,1,1.0,0,,,,,https://www.openstreetmap.org/way/210307504
1398,w210308580,,,,-1423.7,-2480.7,9.0,2312.1,6865,0,0,1,1.0,0,,,,,https://www.openstreetmap.org/way/210308580
1153,w210307521,,North Mohawk Street,1355,-1440.6,-2480.8,15.0,2314.6,6865,0,0,1,1.0,0,,,,,https://www.openstreetmap.org/way/210307521
1472,w210318991,,,,-1424.6,-2497.1,9.0,2330.8,6865,0,0,1,1.0,0,,,,,https://www.openstreetmap.org/way/210318991
1434,w210315070,,North Mohawk Street,1359,-1440.7,-2495.5,18.5,2332.6,6865,0,0,1,1.0,0,,,,,https://www.openstreetmap.org/way/210315070
1475,w210319184,,,,-1424.6,-2508.3,8.5,2341.5,6865,0,0,1,1.0,0,,,,,https://www.openstreetmap.org/way/210319184
1437,w210315073,,North Mohawk Street,1361-1363,-1440.7,-2506.6,18.5,2343.2,6865,0,0,1,1.0,0,,,,,https://www.openstreetmap.org/way/210315073
1485,w210319845,,,,-1424.7,-2521.1,4.5,2352.5,6865,0,0,1,1.0,0,,,,,https://www.openstreetmap.org/way/210319845
1440,w210315076,,North Mohawk Street,1365-1369,-1446.5,-2519.4,15.0,2354.9,6865,0,0,1,1.0,0,,,,,https://www.openstreetmap.org/way/210315076
1445,w210315081,,North Mohawk Street,1371,-1442.8,-2529.9,15.5,2367.8,6865,0,0,1,1.0,0,,,,,https://www.openstreetmap.org/way/210315081
1447,w210315083,,North Mohawk Street,1373,-1447.1,-2538.0,16.0,2378.6,6865,0,0,1,1.0,0,,,,,https://www.openstreetmap.org/way/210315083
1450,w210315086,,North Mohawk Street,1401,-1449.7,-2546.4,17.0,2385.9,6865,0,0,1,1.0,0,,,,,https://www.openstreetmap.org/way/210315086
1451,w210315087,,North Mohawk Street,1403,-1445.4,-2553.3,16.0,2392.3,6865,0,0,1,1.0,0,,,,,https://www.openstreetmap.org/way/210315087
1456,w210315092,,North Mohawk Street,1407,-1445.4,-2561.4,14.0,2399.3,6865,0,0,1,1.0,0,,,,,https://www.openstreetmap.org/way/210315092
1458,w210315094,,North Mohawk Street,1409,-1445.6,-2567.8,12.5,2404.8,6865,0,0,1,1.0,0,,,,,https://www.openstreetmap.org/way/210315094
1460,w210315096,,North Mohawk Street,1411,-1445.5,-2575.5,17.0,2412.6,6865,0,0,1,1.0,0,,,,,https://www.openstreetmap.org/way/210315096
1461,w210315097,,North Mohawk Street,1413,-1447.0,-2583.2,11.0,2421.0,6865,0,0,1,1.0,0,,,,,https://www.openstreetmap.org/way/210315097
3957,r9522023,River North Park,North Franklin Street,500-512,-965.0,-695.4,71.5,456.4,6870,0,0,1,1.0,0,,,,,https://www.openstreetmap.org/relation/9522023
2189,w210679839,,West Ontario Street,319,-1007.7,-898.7,30.0,672.5,6870,0,0,1,1.0,0,,,,,https://www.openstreetmap.org/way/210679839
2734,w210680485,Pepper Construction,North Orleans Street,641-643,-1028.2,-951.9,41.0,728.6,6870,0,0,1,1.0,0,,,,,https://www.openstreetmap.org/way/210680485
2250,w210679905,Circle K,West Chicago Avenue,350,-1107.4,-1336.5,25.0,1124.3,6870,0,0,1,1.0,0,,,,,https://www.openstreetmap.org/way/210679905
3217,w337510888,,North Sedgwick Street,867,-1161.4,-1528.7,3.0,1327.9,6870,0,0,1,1.0,0,,,,,https://www.openstreetmap.org/way/337510888
3132,w234424673,The Hudson,West Division Street,437,-1257.6,-2055.7,33.5,1833.8,6870,0,0,1,1.0,0,,,,,https://www.openstreetmap.org/way/234424673
1840,w210679465,,North Cleveland Avenue,1261,-1315.2,-2268.2,8.5,2072.5,6870,0,0,1,1.0,0,,,,,https://www.openstreetmap.org/way/210679465
1838,w210679463,,North Hudson Avenue,1260,-1296.4,-2325.7,8.5,2128.7,6870,0,0,1,1.0,0,,,,,https://www.openstreetmap.org/way/210679463
1122,w210307348,,North Cleveland Avenue,1301,-1334.3,-2324.9,8.5,2133.9,6870,0,0,1,1.0,0,,,,,https://www.openstreetmap.org/way/210307348
1162,w210307580,,West Evergreen Avenue,455,-1335.8,-2390.6,8.5,2200.6,6870,0,0,1,1.0,0,,,,,https://www.openstreetmap.org/way/210307580
1028,w210306943,Evergreen Tower,North Cleveland Avenue,1333,-1331.5,-2436.2,35.5,2240.5,6870,0,0,1,1.0,0,,,,,https://www.openstreetmap.org/way/210306943
1448,w210315084,,North Cleveland Avenue,1400,-1386.9,-2547.0,13.0,2372.8,6870,0,0,1,1.0,0,,,,,https://www.openstreetmap.org/way/210315084
1452,w210315088,,North Cleveland Avenue,1404,-1391.3,-2554.4,12.5,2379.3,6870,0,0,1,1.0,0,,,,,https://www.openstreetmap.org/way/210315088
1454,w210315090,,North Cleveland Avenue,1406,-1394.2,-2561.3,14.5,2386.5,6870,0,0,1,1.0,0,,,,,https://www.openstreetmap.org/way/210315090
1490,w210320219,1410,North Cleveland Avenue,1408-1414,-1395.3,-2576.3,17.0,2394.2,6870,0,0,1,1.0,0,,,,,https://www.openstreetmap.org/way/210320219
3548,w1111600762,Illinois,,,-930.5,-638.8,11.0,407.0,6875,0,0,1,1.0,0,,,,,https://www.openstreetmap.org/way/1111600762
2368,w210680038,Gene & Georgetti,North Franklin Street,500,-947.1,-678.6,13.5,451.3,6875,0,0,1,1.0,0,,,,,https://www.openstreetmap.org/way/210680038
2367,w210680037,,North Franklin Street,500,-947.6,-688.0,13.5,459.6,6875,0,0,1,1.0,0,,,,,https://www.openstreetmap.org/way/210680037
1586,w210679153,,West Ohio Street,320,-988.3,-871.9,35.0,632.1,6875,0,0,1,1.0,0,,,,,https://www.openstreetmap.org/way/210679153
2183,w210679832,,West Erie Street,315-319,-1001.9,-997.8,25.0,758.9,6875,0,0,1,1.0,0,,,,,https://www.openstreetmap.org/way/210679832
2779,w210680542,Urban Innovations,West Huron Street,321-325,-1014.2,-1079.2,35.5,851.1,6875,0,0,1,1.0,0,,,,,https://www.openstreetmap.org/way/210680542
3227,w381342898,NEXT Chestnut,West Chestnut Street,347,-1102.6,-1454.8,94.5,1229.1,6875,0,1,1,1.0,0,,,,,https://www.openstreetmap.org/way/381342898
2631,w210680358,,North Orleans Street,858,-1081.5,-1499.1,14.0,1284.9,6875,0,0,1,1.0,0,,,,,https://www.openstreetmap.org/way/210680358
3155,w240379020,,North Orleans Street,860,-1080.8,-1513.5,14.0,1295.4,6875,0,0,1,1.0,0,,,,,https://www.openstreetmap.org/way/240379020
2249,w210679904,,West Chestnut Street,350,-1100.0,-1511.8,12.5,1300.5,6875,0,0,1,1.0,0,,,,,https://www.openstreetmap.org/way/210679904
3065,w210717496,Jewel-Osco,West Division Street,424,-1228.3,-2264.7,12.5,2031.6,6875,0,0,1,1.0,0,,,,,https://www.openstreetmap.org/way/210717496
2310,w210679978,,West Goethe Street,424,-1242.5,-2334.7,12.0,2123.9,6875,0,0,1,1.0,0,,,,,https://www.openstreetmap.org/way/210679978
2312,w210679980,,West Sullivan Street,424,-1241.0,-2365.8,13.0,2160.9,6875,0,0,1,1.0,0,,,,,https://www.openstreetmap.org/way/210679980
2298,w210679965,,West Evergreen Avenue,415,-1254.4,-2392.3,9.0,2185.8,6875,0,0,1,1.0,0,,,,,https://www.openstreetmap.org/way/210679965
1444,w210315080,,North Hudson Avenue,1420,-1301.9,-2559.1,25.0,2297.9,6875,0,0,1,1.0,0,,,,,https://www.openstreetmap.org/way/210315080
2710,w210680451,,West Erie Street,308-314,-977.1,-1046.7,35.0,808.3,6880,0,0,1,1.0,0,,,,,https://www.openstreetmap.org/way/210680451
2730,w210680474,,West Superior Street,311,-1005.7,-1172.2,29.5,934.4,6880,0,0,1,1.0,0,,,,,https://www.openstreetmap.org/way/210680474
2182,w210679831,,West Superior Street,314,-1010.2,-1228.9,34.0,987.9,6880,0,0,1,1.0,0,,,,,https://www.openstreetmap.org/way/210679831
2197,w210679848,,West Chicago Avenue,322-324,-1028.2,-1340.1,14.0,1106.3,6880,0,0,1,1.0,0,,,,,https://www.openstreetmap.org/way/210679848
3627,w1267859901,,,,-1009.3,-1363.2,6.5,1139.4,6880,0,0,1,1.0,0,,,,,https://www.openstreetmap.org/way/1267859901
2617,w210680343,Marwen,North Orleans Street,833,-1034.9,-1429.4,24.0,1193.0,6880,0,0,1,1.0,0,,,,,https://www.openstreetmap.org/way/210680343
3154,w240371578,,North Orleans Street,944,-1088.0,-1724.1,17.0,1505.4,6880,0,0,1,1.0,0,,,,,https://www.openstreetmap.org/way/240371578
2690,w210680426,,North Orleans Street,948,-1089.4,-1734.9,16.5,1517.6,6880,0,0,1,1.0,0,,,,,https://www.openstreetmap.org/way/210680426
1638,w210679212,,North Orleans Street,1030-1034,-1096.2,-1854.3,16.0,1630.3,6880,0,0,1,1.0,0,,,,,https://www.openstreetmap.org/way/210679212
2252,w210679907,,West Wendell Street,350,-1107.3,-1852.8,16.0,1632.6,6880,0,0,1,1.0,0,,,,,https://www.openstreetmap.org/way/210679907
1644,w210679220,,North Orleans Street,1034-1036,-1095.9,-1865.5,10.5,1648.8,6880,0,0,1,1.0,0,,,,,https://www.openstreetmap.org/way/210679220
1649,w210679225,,North Orleans Street,1038,-1097.0,-1874.0,14.5,1656.9,6880,0,0,1,1.0,0,,,,,https://www.openstreetmap.org/way/210679225
1651,w210679227,,North Orleans Street,1040,-1095.6,-1881.7,12.5,1664.1,6880,0,0,1,1.0,0,,,,,https://www.openstreetmap.org/way/210679227
1653,w210679229,,North Orleans Street,1042,-1093.2,-1891.3,16.0,1672.3,6880,0,0,1,1.0,0,,,,,https://www.openstreetmap.org/way/210679229
2808,w210680577,,,,-1111.3,-1889.5,9.5,1674.7,6880,0,0,1,1.0,0,,,,,https://www.openstreetmap.org/way/210680577
2751,w210680506,Chicago Fire Department - Air Mask Services,North Orleans Street,1044,-1102.5,-1900.2,12.0,1681.0,6880,0,0,1,1.0,0,,,,,https://www.openstreetmap.org/way/210680506
2268,w210679928,Seward Park Field House,West Elm Street,375,-1140.6,-1988.8,18.5,1766.9,6880,0,0,1,1.0,0,,,,,https://www.openstreetmap.org/way/210679928
1748,w210679351,,North Sedgwick Street,1201-1233,-1140.7,-2197.3,15.5,1956.2,6880,0,0,1,1.0,0,,,,,https://www.openstreetmap.org/way/210679351
2236,w210679891,,West Scott Street,340,-1131.6,-2248.3,10.0,2030.4,6880,0,0,1,1.0,0,,,,,https://www.openstreetmap.org/way/210679891
2240,w210679895,,West Scott Street,342,-1139.5,-2251.8,10.0,2031.7,6880,0,0,1,1.0,0,,,,,https://www.openstreetmap.org/way/210679895
2245,w210679900,,West Scott Street,344,-1146.9,-2248.0,10.0,2032.4,6880,0,0,1,1.0,0,,,,,https://www.openstreetmap.org/way/210679900
2811,w210680580,,,,-1139.5,-2269.8,4.0,2054.6,6880,0,0,1,1.0,0,,,,,https://www.openstreetmap.org/way/210680580
2849,w210680623,,,,-1147.0,-2269.6,5.5,2055.5,6880,0,0,1,1.0,0,,,,,https://www.openstreetmap.org/way/210680623
2857,w210680632,,,,-1139.7,-2282.7,4.5,2067.8,6880,0,0,1,1.0,0,,,,,https://www.openstreetmap.org/way/210680632
2841,w210680614,,,,-1147.6,-2282.6,5.5,2068.8,6880,0,0,1,1.0,0,,,,,https://www.openstreetmap.org/way/210680614
2231,w210679885,,West Goethe Street,339,-1139.0,-2306.0,9.5,2082.7,6880,0,0,1,1.0,0,,,,,https://www.openstreetmap.org/way/210679885
2242,w210679897,,West Goethe Street,343,-1147.4,-2306.7,9.5,2083.7,6880,0,0,1,1.0,0,,,,,https://www.openstreetmap.org/way/210679897
1844,w210679469,,North Sedgwick Street,1300,-1188.2,-2320.7,12.5,2107.8,6880,0,0,1,1.0,0,,,,,https://www.openstreetmap.org/way/210679469
2244,w210679899,,West Goethe Street,344,-1147.7,-2339.1,9.5,2121.9,6880,0,0,1,1.0,0,,,,,https://www.openstreetmap.org/way/210679899
1868,w210679493,,North Sedgwick Street,1310,-1188.8,-2343.9,17.5,2130.7,6880,0,0,1,1.0,0,,,,,https://www.openstreetmap.org/way/210679493
2832,w210680603,,,,-1149.6,-2368.3,4.0,2154.1,6880,0,0,1,1.0,0,,,,,https://www.openstreetmap.org/way/210680603
2287,w210679953,,West Evergreen Avenue,405,-1191.0,-2393.6,11.0,2174.4,6880,0,0,1,1.0,0,,,,,https://www.openstreetmap.org/way/210679953
1939,w210679566,,North Sedgwick Street,1336,-1214.9,-2433.9,19.5,2217.8,6880,0,0,1,1.0,0,,,,,https://www.openstreetmap.org/way/210679566
1959,w210679587,,North Sedgwick Street,1350-1360,-1191.2,-2475.5,18.5,2241.5,6880,0,0,1,1.0,0,,,,,https://www.openstreetmap.org/way/210679587
2971,w210684425,,North Sedgwick Street,1364 - 1404,-1192.3,-2534.0,19.5,2301.1,6880,0,0,1,1.0,0,,,,,https://www.openstreetmap.org/way/210684425
3153,w240270181,,North Sedgwick Street,1408 - 1428,-1193.3,-2599.3,19.0,2362.4,6880,0,0,1,1.0,0,,,,,https://www.openstreetmap.org/way/240270181
1587,w210679154,Hanner,West Illinois Street,228,-902.8,-689.5,45.5,446.6,6885,0,0,1,1.0,0,,,,,https://www.openstreetmap.org/way/210679154
3295,w508827813,Fairgrounds Craft Coffee and Tea,West Erie Street,306,-953.9,-1047.1,35.0,805.4,6885,0,0,1,1.0,0,,,,,https://www.openstreetmap.org/way/508827813
2534,w210680227,,North Franklin Street,712-720,-959.6,-1175.8,38.0,930.6,6885,0,0,1,1.0,0,,,,,https://www.openstreetmap.org/way/210680227
3743,r18278202,Chicago CTA Station,West Chicago Avenue,,-944.1,-1206.0,20.0,973.4,6885,0,0,1,1.0,0,,,,,https://www.openstreetmap.org/relation/18278202
2167,w210679815,,West Superior Street,300,-961.0,-1229.9,42.0,983.1,6885,0,0,1,1.0,0,,,,,https://www.openstreetmap.org/way/210679815
2174,w210679823,,West Chicago Avenue,310,-987.9,-1341.6,12.0,1101.3,6885,0,0,1,1.0,0,,,,,https://www.openstreetmap.org/way/210679823
2371,w210680042,CTA Institute Place Garage,North Franklin Street,311,-992.3,-1376.5,12.0,1135.2,6885,0,0,1,1.0,0,,,,,https://www.openstreetmap.org/way/210680042
2180,w210679829,,West Institute Place,312-314,-992.4,-1429.4,16.5,1188.6,6885,0,0,1,1.0,0,,,,,https://www.openstreetmap.org/way/210679829
2181,w210679830,,West Chestnut Street,313,-993.3,-1462.6,11.0,1221.8,6885,0,0,1,1.0,0,,,,,https://www.openstreetmap.org/way/210679830
2178,w210679827,The Chicago Hotel Collection River North,West Chestnut Street,312,-995.5,-1533.1,18.5,1275.6,6885,0,0,1,1.0,0,,,,,https://www.openstreetmap.org/way/210679827
2177,w210679826,,West Walton Street,311-315,-997.9,-1638.5,11.0,1399.2,6885,0,0,1,1.0,0,,,,,https://www.openstreetmap.org/way/210679826
1639,w210679214,,North Orleans Street,1031,-1048.3,-1848.3,17.0,1623.7,6885,0,0,1,1.0,0,,,,,https://www.openstreetmap.org/way/210679214
2753,w210680508,,North Orleans Street,1065,-1053.3,-1894.5,16.5,1640.6,6885,0,0,1,1.0,0,,,,,https://www.openstreetmap.org/way/210680508
3175,w288594595,,West Hill Street,321,-1021.0,-1899.0,6.5,1660.2,6885,0,0,1,1.0,0,,,,,https://www.openstreetmap.org/way/288594595
3062,w210717481,,North Orleans Street,1107,-1044.9,-1960.7,15.0,1733.8,6885,0,0,1,1.0,0,,,,,https://www.openstreetmap.org/way/210717481
1747,w210679348,,North Orleans Street,1201-1209,-1073.2,-2144.1,14.5,1911.2,6885,0,0,1,1.0,0,,,,,https://www.openstreetmap.org/way/210679348
1758,w210679377,,North Orleans Street,1211-1219,-1073.1,-2165.0,14.5,1934.7,6885,0,0,1,1.0,0,,,,,https://www.openstreetmap.org/way/210679377
1773,w210679392,,North Orleans Street,1221-1229,-1074.8,-2189.8,14.5,1958.4,6885,0,0,1,1.0,0,,,,,https://www.openstreetmap.org/way/210679392
1781,w210679402,,North Orleans Street,1231-1239,-1075.7,-2213.2,14.0,1981.7,6885,0,0,1,1.0,0,,,,,https://www.openstreetmap.org/way/210679402
1803,w210679425,,North Orleans Street,1241-1249,-1075.9,-2238.1,14.0,2005.0,6885,0,0,1,1.0,0,,,,,https://www.openstreetmap.org/way/210679425
2214,w210679866,,West Scott Street,330,-1093.5,-2252.7,9.5,2026.2,6885,0,0,1,1.0,0,,,,,https://www.openstreetmap.org/way/210679866
1823,w210679447,,North Orleans Street,1251-1259,-1075.9,-2258.9,14.0,2028.8,6885,0,0,1,1.0,0,,,,,https://www.openstreetmap.org/way/210679447
2801,w210680570,,,,-1092.8,-2270.7,4.5,2049.3,6885,0,0,1,1.0,0,,,,,https://www.openstreetmap.org/way/210680570
2796,w210680564,,,,-1068.3,-2284.3,5.0,2060.6,6885,0,0,1,1.0,0,,,,,https://www.openstreetmap.org/way/210680564
2809,w210680578,,,,-1076.0,-2284.1,4.5,2061.2,6885,0,0,1,1.0,0,,,,,https://www.openstreetmap.org/way/210680578
2844,w210680617,,,,-1084.1,-2284.0,6.5,2062.0,6885,0,0,1,1.0,0,,,,,https://www.openstreetmap.org/way/210680617
2817,w210680587,,,,-1092.2,-2283.8,4.5,2062.7,6885,0,0,1,1.0,0,,,,,https://www.openstreetmap.org/way/210680587
2187,w210679837,,West Goethe Street,317,-1067.8,-2308.1,10.0,2076.1,6885,0,0,1,1.0,0,,,,,https://www.openstreetmap.org/way/210679837
2188,w210679838,,West Goethe Street,319,-1076.3,-2308.6,11.0,2076.5,6885,0,0,1,1.0,0,,,,,https://www.openstreetmap.org/way/210679838
2199,w210679850,,West Goethe Street,323,-1083.6,-2307.6,9.0,2077.6,6885,0,0,1,1.0,0,,,,,https://www.openstreetmap.org/way/210679850
2202,w210679853,,West Goethe Street,325,-1091.6,-2307.3,9.5,2077.7,6885,0,0,1,1.0,0,,,,,https://www.openstreetmap.org/way/210679853
2204,w210679856,,West Goethe Street,327,-1100.0,-2308.0,10.0,2078.6,6885,0,0,1,1.0,0,,,,,https://www.openstreetmap.org/way/210679856
2196,w210679847,,West Goethe Street,322,-1068.6,-2341.9,8.5,2114.9,6885,0,0,1,1.0,0,,,,,https://www.openstreetmap.org/way/210679847
2201,w210679852,,West Goethe Street,324,-1076.6,-2341.5,9.5,2115.4,6885,0,0,1,1.0,0,,,,,https://www.openstreetmap.org/way/210679852
2203,w210679855,,West Goethe Street,326,-1085.1,-2340.5,9.5,2116.0,6885,0,0,1,1.0,0,,,,,https://www.openstreetmap.org/way/210679855
2213,w210679865,,West Goethe Street,330,-1092.5,-2341.2,8.5,2116.9,6885,0,0,1,1.0,0,,,,,https://www.openstreetmap.org/way/210679865
2217,w210679869,,West Goethe Street,332,-1100.3,-2340.8,9.5,2117.4,6885,0,0,1,1.0,0,,,,,https://www.openstreetmap.org/way/210679869
2850,w210680624,,,,-1078.4,-2364.5,4.5,2141.5,6885,0,0,1,1.0,0,,,,,https://www.openstreetmap.org/way/210680624
2807,w210680576,,,,-1086.4,-2369.5,4.0,2147.2,6885,0,0,1,1.0,0,,,,,https://www.openstreetmap.org/way/210680576
2838,w210680610,,,,-1094.4,-2369.3,5.5,2148.1,6885,0,0,1,1.0,0,,,,,https://www.openstreetmap.org/way/210680610
2810,w210680579,,,,-1102.2,-2369.2,5.0,2148.8,6885,0,0,1,1.0,0,,,,,https://www.openstreetmap.org/way/210680579
2803,w210680572,,,,-1096.6,-2382.6,4.0,2161.4,6885,0,0,1,1.0,0,,,,,https://www.openstreetmap.org/way/210680572
2853,w210680627,,,,-1104.4,-2382.4,6.0,2162.2,6885,0,0,1,1.0,0,,,,,https://www.openstreetmap.org/way/210680627
2205,w210679857,,West Evergreen Avenue,329,-1096.6,-2412.8,13.5,2183.2,6885,0,0,1,1.0,0,,,,,https://www.openstreetmap.org/way/210679857
2198,w210679849,,West Evergreen Avenue,323,-1086.5,-2411.0,14.0,2183.8,6885,0,0,1,1.0,0,,,,,https://www.openstreetmap.org/way/210679849
2215,w210679867,,West Evergreen Avenue,331,-1105.0,-2413.5,10.5,2184.0,6885,0,0,1,1.0,0,,,,,https://www.openstreetmap.org/way/210679867
2219,w210679871,,West Evergreen Avenue,333,-1112.8,-2412.5,8.5,2185.2,6885,0,0,1,1.0,0,,,,,https://www.openstreetmap.org/way/210679871
2193,w210679843,,West Evergreen Avenue,320,-1078.7,-2451.0,17.5,2222.0,6885,0,0,1,1.0,0,,,,,https://www.openstreetmap.org/way/210679843
2195,w210679846,,West Evergreen Avenue,322,-1085.9,-2453.9,14.0,2225.5,6885,0,0,1,1.0,0,,,,,https://www.openstreetmap.org/way/210679846
2200,w210679851,,West Evergreen Avenue,324,-1098.2,-2457.9,18.0,2228.1,6885,0,0,1,1.0,0,,,,,https://www.openstreetmap.org/way/210679851
2212,w210679864,,West Evergreen Avenue,330,-1109.2,-2454.3,14.5,2228.6,6885,0,0,1,1.0,0,,,,,https://www.openstreetmap.org/way/210679864
1956,w210679584,,North Sedgwick Street,1347 - 1349,-1127.7,-2466.1,27.0,2243.4,6885,0,0,1,1.0,0,,,,,https://www.openstreetmap.org/way/210679584
2812,w210680581,,,,-1085.6,-2471.4,6.0,2247.6,6885,0,0,1,1.0,0,,,,,https://www.openstreetmap.org/way/210680581
2890,w210680671,,,,-1092.9,-2480.3,5.0,2257.0,6885,0,0,1,1.0,0,,,,,https://www.openstreetmap.org/way/210680671
2879,w210680657,,,,-1109.9,-2479.8,6.0,2258.5,6885,0,0,1,1.0,0,,,,,https://www.openstreetmap.org/way/210680657
2813,w210680582,,,,-1101.2,-2482.6,6.5,2261.5,6885,0,0,1,1.0,0,,,,,https://www.openstreetmap.org/way/210680582
3057,w210686493,,,,-1084.7,-2494.4,4.0,2271.1,6885,0,0,1,1.0,0,,,,,https://www.openstreetmap.org/way/210686493
3049,w210686261,,,,-1091.5,-2494.3,4.0,2271.8,6885,0,0,1,1.0,0,,,,,https://www.openstreetmap.org/way/210686261
3050,w210686327,,,,-1098.2,-2494.2,4.5,2272.3,6885,0,0,1,1.0,0,,,,,https://www.openstreetmap.org/way/210686327
3054,w210686438,,,,-1104.8,-2493.9,4.5,2272.7,6885,0,0,1,1.0,0,,,,,https://www.openstreetmap.org/way/210686438
3028,w210685958,,West Schiller Street,327,-1098.1,-2518.5,10.0,2280.1,6885,0,0,1,1.0,0,,,,,https://www.openstreetmap.org/way/210685958
3029,w210685965,,West Schiller Street,329,-1105.7,-2517.6,9.5,2288.8,6885,0,0,1,1.0,0,,,,,https://www.openstreetmap.org/way/210685965
3030,w210685980,,West Schiller Street,333,-1115.7,-2517.9,14.0,2290.6,6885,0,0,1,1.0,0,,,,,https://www.openstreetmap.org/way/210685980
1552,w210679088,Binny's Beverage Depot,West Grand Avenue,213,-885.1,-731.2,9.0,481.1,6890,0,0,1,1.0,0,,,,,https://www.openstreetmap.org/way/210679088
2696,w210680435,Isba Mutual,West Ohio Street,223,-887.2,-815.3,30.5,569.7,6890,0,0,1,1.0,0,,,,,https://www.openstreetmap.org/way/210680435
2537,w210680230,,North Franklin Street,715,-919.0,-1166.3,12.5,927.6,6890,0,0,1,1.0,0,,,,,https://www.openstreetmap.org/way/210680230
1555,w210679092,Brett's Kitchen,West Superior Street,233,-918.7,-1179.9,13.5,941.3,6890,0,0,1,1.0,0,,,,,https://www.openstreetmap.org/way/210679092
3742,r18278202,Chicago CTA Station,West Chicago Avenue,,-925.9,-1200.3,10.5,963.1,6890,0,0,1,1.0,0,,,,,https://www.openstreetmap.org/relation/18278202
2094,w210679740,,West Superior Street,230,-916.0,-1232.9,32.0,981.2,6890,0,0,1,1.0,0,,,,,https://www.openstreetmap.org/way/210679740
3740,r18278202,Chicago CTA Station,West Chicago Avenue,,-923.3,-1301.9,13.0,1068.9,6890,0,0,1,1.0,0,,,,,https://www.openstreetmap.org/relation/18278202
2097,w210679743,,West Chicago Avenue,232,-925.0,-1333.8,14.0,1095.8,6890,0,0,1,1.0,0,,,,,https://www.openstreetmap.org/way/210679743
3186,w304920024,Eight58,North Franklin Street,858,-966.4,-1511.6,26.0,1272.2,6890,0,0,1,1.0,0,,,,,https://www.openstreetmap.org/way/304920024
2644,w210680372,,North Franklin Street,868,-966.7,-1529.2,11.5,1295.1,6890,0,0,1,1.0,0,,,,,https://www.openstreetmap.org/way/210680372
2651,w210680379,,North Franklin Street,872,-965.2,-1545.3,10.5,1315.0,6890,0,0,1,1.0,0,,,,,https://www.openstreetmap.org/way/210680379
2665,w210680394,,North Franklin Street,900,-968.9,-1606.2,34.0,1359.4,6890,0,0,1,1.0,0,,,,,https://www.openstreetmap.org/way/210680394
3688,w1434059451,,North Franklin Street,920,-969.7,-1639.2,21.5,1397.0,6890,0,0,1,1.0,0,,,,,https://www.openstreetmap.org/way/1434059451
2728,w210680471,Near North Branch Library,West Division Street,310,-1009.2,-2152.8,7.5,1908.5,6890,0,0,1,1.0,0,,,,,https://www.openstreetmap.org/way/210680471
2126,w210679774,,West Scott Street,247,-1006.1,-2198.8,18.5,1945.4,6890,0,0,1,1.0,0,,,,,https://www.openstreetmap.org/way/210679774
2121,w210679768,,West Scott Street,243-245,-985.8,-2209.7,19.0,1962.9,6890,0,0,1,1.0,0,,,,,https://www.openstreetmap.org/way/210679768
2119,w210679766,,West Scott Street,242,-986.8,-2263.0,11.0,2024.8,6890,0,0,1,1.0,0,,,,,https://www.openstreetmap.org/way/210679766
2122,w210679769,,West Scott Street,244,-993.4,-2262.9,11.0,2025.1,6890,0,0,1,1.0,0,,,,,https://www.openstreetmap.org/way/210679769
2140,w210679788,,West Scott Street,250 A,-1016.1,-2254.2,11.0,2025.3,6890,0,0,1,1.0,0,,,,,https://www.openstreetmap.org/way/210679788
2124,w210679771,,West Scott Street,246,-998.0,-2262.8,11.0,2025.5,6890,0,0,1,1.0,0,,,,,https://www.openstreetmap.org/way/210679771
2135,w210679783,,West Scott Street,250 B,-1020.6,-2259.4,9.5,2031.0,6890,0,0,1,1.0,0,,,,,https://www.openstreetmap.org/way/210679783
2141,w210679789,,West Scott Street,250 C,-1016.1,-2265.8,11.0,2036.7,6890,0,0,1,1.0,0,,,,,https://www.openstreetmap.org/way/210679789
2136,w210679784,,West Scott Street,250 D,-1020.8,-2270.5,9.5,2042.8,6890,0,0,1,1.0,0,,,,,https://www.openstreetmap.org/way/210679784
2138,w210679786,,West Scott Street,250 E,-1016.9,-2275.8,11.5,2047.2,6890,0,0,1,1.0,0,,,,,https://www.openstreetmap.org/way/210679786
2139,w210679787,,West Scott Street,250 F,-1016.9,-2281.8,11.5,2053.0,6890,0,0,1,1.0,0,,,,,https://www.openstreetmap.org/way/210679787
2137,w210679785,,West Scott Street,250 G,-1017.2,-2287.2,11.5,2058.5,6890,0,0,1,1.0,0,,,,,https://www.openstreetmap.org/way/210679785
2125,w210679773,,West Goethe Street,247,-994.0,-2307.3,11.5,2071.8,6890,0,0,1,1.0,0,,,,,https://www.openstreetmap.org/way/210679773
2128,w210679776,,West Goethe Street,249,-999.8,-2307.2,11.5,2072.0,6890,0,0,1,1.0,0,,,,,https://www.openstreetmap.org/way/210679776
2142,w210679790,,West Goethe Street,251,-1005.3,-2307.0,11.5,2072.3,6890,0,0,1,1.0,0,,,,,https://www.openstreetmap.org/way/210679790
2143,w210679791,,West Goethe Street,253,-1011.0,-2306.9,11.5,2072.4,6890,0,0,1,1.0,0,,,,,https://www.openstreetmap.org/way/210679791
2144,w210679792,,West Goethe Street,255,-1017.0,-2306.1,11.5,2072.8,6890,0,0,1,1.0,0,,,,,https://www.openstreetmap.org/way/210679792
2145,w210679793,,West Goethe Street,257,-1022.2,-2310.5,11.5,2079.0,6890,0,0,1,1.0,0,,,,,https://www.openstreetmap.org/way/210679793
1950,w210679578,,North North Park Avenue,1340-1344,-1020.1,-2459.4,17.0,2217.4,6890,0,0,1,1.0,0,,,,,https://www.openstreetmap.org/way/210679578
2169,w210679818,,West Evergreen Avenue,304,-1029.8,-2450.3,13.5,2218.7,6890,0,0,1,1.0,0,,,,,https://www.openstreetmap.org/way/210679818
2790,w210680558,,,,-1028.3,-2481.0,12.5,2245.9,6890,0,0,1,1.0,0,,,,,https://www.openstreetmap.org/way/210680558
2979,w210684433,,North North Park Avenue,1400,-1034.3,-2551.5,17.0,2322.7,6890,0,0,1,1.0,0,,,,,https://www.openstreetmap.org/way/210684433
2994,w210684466,,North North Park Avenue,1402,-1030.9,-2559.4,13.5,2328.6,6890,0,0,1,1.0,0,,,,,https://www.openstreetmap.org/way/210684466
2999,w210684471,,North North Park Avenue,1404,-1028.9,-2567.8,15.0,2338.2,6890,0,0,1,1.0,0,,,,,https://www.openstreetmap.org/way/210684471
3004,w210684481,,North North Park Avenue,1408,-1034.3,-2576.3,14.0,2346.1,6890,0,0,1,1.0,0,,,,,https://www.openstreetmap.org/way/210684481
3059,w210686571,,,,-1045.0,-2575.4,8.0,2347.8,6890,0,0,1,1.0,0,,,,,https://www.openstreetmap.org/way/210686571
3006,w210684487,,North North Park Avenue,1410,-1041.4,-2582.3,16.0,2354.8,6890,0,0,1,1.0,0,,,,,https://www.openstreetmap.org/way/210684487
3181,w304102672,Cortland River North,West Illinois Street,220,-874.5,-691.7,83.5,443.4,6895,0,1,1,1.0,0,,,,,https://www.openstreetmap.org/way/304102672
2774,w210680535,Tiffany Stained Glass,West Ohio Street,216,-870.8,-872.4,35.0,622.1,6895,0,0,1,1.0,0,,,,,https://www.openstreetmap.org/way/210680535
2707,w210680448,,West Ontario Street,225,-893.7,-905.6,17.0,658.2,6895,0,0,1,1.0,0,,,,,https://www.openstreetmap.org/way/210680448
2052,w210679694,,West Ontario Street,214-218,-871.9,-958.0,24.5,711.2,6895,0,0,1,1.0,0,,,,,https://www.openstreetmap.org/way/210679694
3105,w216923153,Flair Tower,West Erie Street,222,-893.5,-1048.5,88.0,800.9,6895,0,1,1,1.0,0,,,,,https://www.openstreetmap.org/way/216923153
1574,w210679138,Douglas Dawson,West Huron Street,220-222,-884.3,-1137.5,26.0,889.7,6895,0,0,1,1.0,0,,,,,https://www.openstreetmap.org/way/210679138
2749,w210680503,Seven,West Superior Street,225,-894.2,-1175.5,28.5,925.7,6895,0,0,1,1.0,0,,,,,https://www.openstreetmap.org/way/210680503
1585,w210679152,Gruen Gallery,West Superior Street,222,-889.1,-1237.3,24.5,979.6,6895,0,0,1,1.0,0,,,,,https://www.openstreetmap.org/way/210679152
2713,w210680455,Mercedes Building,West Chicago Avenue,219,-886.2,-1280.3,28.5,1032.1,6895,0,0,1,1.0,0,,,,,https://www.openstreetmap.org/way/210680455
2635,w210680362,,North Franklin Street,859-871,-913.4,-1551.6,16.0,1303.5,6895,0,0,1,1.0,0,,,,,https://www.openstreetmap.org/way/210680362
2074,w210679719,,West Walton Street,221,-896.4,-1640.5,11.0,1394.9,6895,0,0,1,1.0,0,,,,,https://www.openstreetmap.org/way/210679719
3292,w479801166,,North Wells Street,1034,-887.4,-1874.6,22.5,1612.1,6895,0,0,1,1.0,0,,,,,https://www.openstreetmap.org/way/479801166
3412,w718976937,Old Town Park III,West Hill Street,224,-955.9,-1974.0,69.0,1705.8,6895,0,0,1,1.0,0,,,,,https://www.openstreetmap.org/way/718976937
2079,w210679725,Banfield Pet Hospital,West Division Street,225,-931.7,-2097.8,10.0,1855.2,6895,0,0,1,1.0,0,,,,,https://www.openstreetmap.org/way/210679725
3903,w210680533,The Venetian,West Division Street,230,-934.9,-2149.0,58.0,1898.4,6895,0,0,1,1.0,0,,,,,https://www.openstreetmap.org/way/210680533
2082,w210679728,,West Scott Street,225-227,-934.2,-2207.3,18.5,1959.5,6895,0,0,1,1.0,0,,,,,https://www.openstreetmap.org/way/210679728
2096,w210679742,,West Scott Street,231,-947.0,-2209.3,14.5,1970.7,6895,0,0,1,1.0,0,,,,,https://www.openstreetmap.org/way/210679742
2076,w210679722,,West Scott Street,224,-937.1,-2264.1,11.5,2022.8,6895,0,0,1,1.0,0,,,,,https://www.openstreetmap.org/way/210679722
2084,w210679730,,West Scott Street,226,-942.8,-2264.0,11.0,2022.9,6895,0,0,1,1.0,0,,,,,https://www.openstreetmap.org/way/210679730
2087,w210679733,,West Scott Street,228,-948.0,-2263.9,11.5,2023.1,6895,0,0,1,1.0,0,,,,,https://www.openstreetmap.org/way/210679733
2059,w210679703,,West Goethe Street,219,-922.1,-2308.6,9.5,2067.9,6895,0,0,1,1.0,0,,,,,https://www.openstreetmap.org/way/210679703
2058,w210679702,,West Goethe Street,217,-917.5,-2308.6,11.5,2068.2,6895,0,0,1,1.0,0,,,,,https://www.openstreetmap.org/way/210679702
2073,w210679718,,West Goethe Street,221,-927.0,-2308.7,11.5,2068.8,6895,0,0,1,1.0,0,,,,,https://www.openstreetmap.org/way/210679718
2075,w210679721,,West Goethe Street,223,-931.7,-2308.6,11.0,2068.8,6895,0,0,1,1.0,0,,,,,https://www.openstreetmap.org/way/210679721
2081,w210679727,,West Goethe Street,225,-936.9,-2308.4,11.5,2069.2,6895,0,0,1,1.0,0,,,,,https://www.openstreetmap.org/way/210679727
2085,w210679731,,West Goethe Street,227,-942.7,-2308.2,11.5,2069.2,6895,0,0,1,1.0,0,,,,,https://www.openstreetmap.org/way/210679731
2088,w210679734,,West Goethe Street,229,-947.9,-2308.1,11.5,2069.5,6895,0,0,1,1.0,0,,,,,https://www.openstreetmap.org/way/210679734
2080,w210679726,,West Evergreen Avenue,225,-961.3,-2412.3,16.0,2162.6,6895,0,0,1,1.0,0,,,,,https://www.openstreetmap.org/way/210679726
1944,w210679571,,North North Park Avenue,1338-1362,-973.4,-2494.2,21.0,2215.5,6895,0,0,1,1.0,0,,,,,https://www.openstreetmap.org/way/210679571
3025,w210685857,,West Schiller Street,226,-949.4,-2569.3,25.0,2319.3,6895,0,0,1,1.0,0,,,,,https://www.openstreetmap.org/way/210685857
2701,w210680442,LaSalle Law Center,West Illinois Street,210,-837.4,-685.1,21.0,443.0,6900,0,0,1,1.0,0,,,,,https://www.openstreetmap.org/way/210680442
2369,w210680039,,North Wells Street,500,-820.6,-685.5,16.0,443.1,6900,0,0,1,1.0,0,,,,,https://www.openstreetmap.org/way/210680039
2789,w210680555,,North Wells Street,544-548,-826.9,-818.9,16.5,577.8,6900,0,0,1,1.0,0,,,,,https://www.openstreetmap.org/way/210680555
2025,w210679663,,West Ohio Street,209,-841.5,-826.6,14.0,586.6,6900,0,0,1,1.0,0,,,,,https://www.openstreetmap.org/way/210679663
1570,w210679114,Green Rose,North Wells Street,612,-833.1,-888.7,13.5,645.6,6900,0,0,1,1.0,0,,,,,https://www.openstreetmap.org/way/210679114
1590,w210679157,Hooters,North Wells Street,660,-834.0,-1042.0,13.5,800.6,6900,0,0,1,1.0,0,,,,,https://www.openstreetmap.org/way/210679157
2496,w210680186,,North Wells Street,664-678,-844.0,-1070.9,12.0,815.1,6900,0,0,1,1.0,0,,,,,https://www.openstreetmap.org/way/210680186
2023,w210679659,,West Huron Street,206-208,-843.4,-1127.3,15.0,889.1,6900,0,0,1,1.0,0,,,,,https://www.openstreetmap.org/way/210679659
2522,w210680214,,North Wells Street,704,-835.5,-1141.8,15.0,901.1,6900,0,0,1,1.0,0,,,,,https://www.openstreetmap.org/way/210680214
2524,w210680216,,North Wells Street,706,-839.7,-1149.5,17.5,912.8,6900,0,0,1,1.0,0,,,,,https://www.openstreetmap.org/way/210680216
2526,w210680218,,North Wells Street,708,-837.4,-1159.9,19.0,920.8,6900,0,0,1,1.0,0,,,,,https://www.openstreetmap.org/way/210680218
2536,w210680229,,North Wells Street,714,-834.0,-1175.9,19.0,938.7,6900,0,0,1,1.0,0,,,,,https://www.openstreetmap.org/way/210680229
2019,w210679652,,West Superior Street,200,-839.1,-1219.8,18.0,978.5,6900,0,0,1,1.0,0,,,,,https://www.openstreetmap.org/way/210679652
2548,w210680248,,North Wells Street,736,-839.2,-1231.4,16.5,993.9,6900,0,0,1,1.0,0,,,,,https://www.openstreetmap.org/way/210680248
2552,w210680256,,North Wells Street,738,-839.8,-1239.1,15.5,1001.6,6900,0,0,1,1.0,0,,,,,https://www.openstreetmap.org/way/210680256
2558,w210680271,Carl Hammer Gallery,North Wells Street,740,-835.9,-1244.2,15.5,1008.0,6900,0,0,1,1.0,0,,,,,https://www.openstreetmap.org/way/210680271
2561,w210680277,,North Wells Street,742,-836.1,-1252.5,15.0,1014.6,6900,0,0,1,1.0,0,,,,,https://www.openstreetmap.org/way/210680277
2564,w210680281,,North Wells Street,744,-832.2,-1258.3,15.5,1021.3,6900,0,0,1,1.0,0,,,,,https://www.openstreetmap.org/way/210680281
2567,w210680284,,North Wells Street,746,-833.1,-1265.5,15.0,1027.7,6900,0,0,1,1.0,0,,,,,https://www.openstreetmap.org/way/210680284
2591,w210680309,AMLI 808,North Wells Street,808,-845.2,-1362.1,12.5,1094.3,6900,0,0,1,1.0,0,,,,,https://www.openstreetmap.org/way/210680309
3539,w1079677569,,North Wells Street,868,-850.5,-1525.7,14.5,1269.1,6900,0,0,1,1.0,0,,,,,https://www.openstreetmap.org/way/1079677569
3538,w1079677568,920 North Wells Apartments,North Wells Street,920,-849.9,-1623.8,13.0,1355.6,6900,0,0,1,1.0,0,,,,,https://www.openstreetmap.org/way/1079677568
3383,w656606802,,West Hill Street,202,-858.8,-1957.0,33.5,1703.0,6900,0,0,1,1.0,0,,,,,https://www.openstreetmap.org/way/656606802
1742,w210679340,,North Wells Street,1200,-857.9,-2134.8,17.5,1897.8,6900,0,0,1,1.0,0,,,,,https://www.openstreetmap.org/way/210679340
2022,w210679657,,West Division Street,206,-871.6,-2144.1,10.0,1897.9,6900,0,0,1,1.0,0,,,,,https://www.openstreetmap.org/way/210679657
1750,w210679363,The House of Glunz,North Wells Street,1206,-860.8,-2143.9,16.5,1904.6,6900,0,0,1,1.0,0,,,,,https://www.openstreetmap.org/way/210679363
1753,w210679371,,North Wells Street,1208,-857.9,-2159.8,15.0,1920.3,6900,0,0,1,1.0,0,,,,,https://www.openstreetmap.org/way/210679371
3901,w210680529,The Neapolitan,North Wells Street,1212,-901.6,-2174.9,62.0,1929.8,6900,0,0,1,1.0,0,,,,,https://www.openstreetmap.org/way/210680529
1815,w210679437,China Doll,North Wells Street,1246,-864.6,-2278.2,12.5,2040.0,6900,0,0,1,1.0,0,,,,,https://www.openstreetmap.org/way/210679437
1818,w210679440,,North Wells Street,1248,-862.8,-2284.6,13.5,2048.1,6900,0,0,1,1.0,0,,,,,https://www.openstreetmap.org/way/210679440
1825,w210679449,,North Wells Street,1252,-867.9,-2294.8,17.0,2056.5,6900,0,0,1,1.0,0,,,,,https://www.openstreetmap.org/way/210679449
1829,w210679453,,North Wells Street,1254,-862.0,-2302.5,16.5,2064.7,6900,0,0,1,1.0,0,,,,,https://www.openstreetmap.org/way/210679453
1832,w210679456,,North Wells Street,1256-1260,-868.3,-2313.3,16.5,2073.4,6900,0,0,1,1.0,0,,,,,https://www.openstreetmap.org/way/210679456
1945,w210679572,,North Wells Street,1338-1364,-911.7,-2486.3,33.5,2213.8,6900,0,0,1,1.0,0,,,,,https://www.openstreetmap.org/way/210679572
1678,w210679257,,North Wells Street,1111,-810.0,-1986.1,23.5,1725.2,6910,0,0,1,1.0,0,,,,,https://www.openstreetmap.org/way/210679257
2725,w210680468,Morningside North,West Oak Street,170,-800.8,-1796.6,56.5,1532.3,6920,0,0,1,1.0,0,,,,,https://www.openstreetmap.org/way/210680468
2721,w210680463,Fitzwater Hall,North Wells Street,809,-791.2,-1380.1,19.5,1127.0,6925,0,0,1,1.0,0,,,,,https://www.openstreetmap.org/way/210680463
3243,w405410177,,North Wells Street,707,-779.5,-1145.7,104.0,897.2,6930,0,1,1,1.0,0,,,,,https://www.openstreetmap.org/way/405410177
1554,w210679091,Brehon Pub,North Wells Street,731-733,-794.8,-1220.4,17.0,977.6,6930,0,0,1,1.0,0,,,,,https://www.openstreetmap.org/way/210679091
2724,w210680467,Jenkins Hall,West Oak Street,171,-762.6,-1727.0,44.0,1484.3,6930,0,0,1,1.0,0,,,,,https://www.openstreetmap.org/way/210680467
3517,w1011917003,,,,-779.5,-868.6,14.5,630.6,6935,0,0,1,1.0,0,,,,,https://www.openstreetmap.org/way/1011917003
2466,w210680147,,North Wells Street,607-609,-771.3,-880.1,14.5,638.7,6935,0,0,1,1.0,0,,,,,https://www.openstreetmap.org/way/210680147
2470,w210680152,,North Wells Street,611-615,-781.0,-895.4,18.5,653.5,6935,0,0,1,1.0,0,,,,,https://www.openstreetmap.org/way/210680152
1558,w210679098,,West Ontario Street,169,-782.9,-913.9,15.0,672.9,6935,0,0,1,1.0,0,,,,,https://www.openstreetmap.org/way/210679098
3215,w331693155,Gallery on Wells Apartments,West Erie Street,167,-779.2,-979.2,124.5,714.2,6935,0,1,1,1.0,0,,,,,https://www.openstreetmap.org/way/331693155
1990,w210679621,,West Wendell Street,160,-784.4,-1859.0,22.0,1618.1,6935,0,0,1,1.0,0,,,,,https://www.openstreetmap.org/way/210679621
1533,w210678669,,North Wells Street,449,-770.4,-651.8,18.0,413.9,6940,0,0,1,1.0,0,,,,,https://www.openstreetmap.org/way/210678669
2699,w210680440,,North Wells Street,509,-772.3,-708.4,17.5,470.5,6940,0,0,1,1.0,0,,,,,https://www.openstreetmap.org/way/210680440
2793,w210680561,Alumni Student Center,North Wells Street,821,-744.2,-1432.5,27.5,1181.4,6945,0,0,1,1.0,0,,,,,https://www.openstreetmap.org/way/210680561
2723,w210680465,George Sweeting Center for World Evangelization,North LaSalle Drive,860,-756.8,-1527.2,22.5,1264.8,6950,0,0,1,1.0,0,,,,,https://www.openstreetmap.org/way/210680465
2785,w210680549,Warstenair,North Wells Street,539-543,-784.4,-804.1,18.0,566.8,6955,0,0,1,1.0,0,,,,,https://www.openstreetmap.org/way/210680549
1542,w210679076,,North Wells Street,545,-777.0,-820.1,18.5,575.0,6955,0,0,1,1.0,0,,,,,https://www.openstreetmap.org/way/210679076
3222,w380661007,,North LaSalle Drive,720,-738.1,-1176.9,110.0,927.4,6955,0,1,1,1.0,0,,,,,https://www.openstreetmap.org/way/380661007
1992,w210679623,,West Grand Avenue,162,-762.0,-776.1,17.0,534.5,6960,0,0,1,1.0,0,,,,,https://www.openstreetmap.org/way/210679623
1983,w210679612,,West Erie Street,156,-753.3,-1049.7,14.5,801.6,6970,0,0,1,1.0,0,,,,,https://www.openstreetmap.org/way/210679612
2508,w210680199,,North LaSalle Drive,676,-744.0,-1086.9,24.5,837.6,6970,0,0,1,1.0,0,,,,,https://www.openstreetmap.org/way/210680199
1985,w210679614,,West Huron Street,156-158,-752.0,-1138.0,25.0,890.1,6970,0,0,1,1.0,0,,,,,https://www.openstreetmap.org/way/210679614
1981,w210679610,,West Grand Avenue,155-157,-743.7,-731.2,16.5,482.9,6975,0,0,1,1.0,0,,,,,https://www.openstreetmap.org/way/210679610
2714,w210680456,Midas,West Grand Avenue,158,-745.3,-782.3,6.0,534.2,6975,0,0,1,1.0,0,,,,,https://www.openstreetmap.org/way/210680456
1976,w210679605,,West Ohio Street,153,-733.2,-819.4,28.0,569.9,6975,0,0,1,1.0,0,,,,,https://www.openstreetmap.org/way/210679605
1979,w210679608,,West Superior Street,154,-743.4,-1221.6,23.0,983.1,6985,0,0,1,1.0,0,,,,,https://www.openstreetmap.org/way/210679608
2718,w210680460,Houghton Hall,North LaSalle Drive,802,-728.0,-1351.3,35.5,1095.8,6985,0,0,1,1.0,0,,,,,https://www.openstreetmap.org/way/210680460
3376,w616957629,Margaux,West Erie Street,144,-719.9,-1051.8,15.0,802.8,6990,0,0,1,1.0,0,,,,,https://www.openstreetmap.org/way/616957629
1575,w210679139,Dryer Hall,North LaSalle Drive,930,-730.1,-1686.3,17.5,1421.8,6995,0,0,1,1.0,0,,,,,https://www.openstreetmap.org/way/210679139
2752,w210680507,Spaces,North LaSalle Drive,620,-718.7,-910.4,41.0,660.3,7000,0,0,1,1.0,0,,,,,https://www.openstreetmap.org/way/210680507
2722,w210680464,Crowell Hall,North LaSalle Drive,820,-718.1,-1396.0,51.0,1139.0,7000,0,0,1,1.0,0,,,,,https://www.openstreetmap.org/way/210680464
1975,w210679604,Anti-Cruelty Society,West Grand Avenue,153,-718.3,-726.4,42.0,482.1,7005,0,0,1,1.0,0,,,,,https://www.openstreetmap.org/way/210679604
3313,w541367512,Moxy Chicago Downtown,North LaSalle Drive,530,-711.2,-784.5,28.5,535.5,7005,0,0,1,1.0,0,,,,,https://www.openstreetmap.org/way/541367512
2729,w210680472,,North La Salle Drive,540,-710.6,-819.7,32.0,570.6,7005,0,0,1,1.0,0,,,,,https://www.openstreetmap.org/way/210680472
2700,w210680441,LaSalle Center,North LaSalle Drive,770,-715.0,-1284.4,29.5,1037.9,7005,0,0,1,1.0,0,,,,,https://www.openstreetmap.org/way/210680441
2549,w210680250,,North LaSalle Drive,737-741,-652.9,-1246.7,19.5,1005.1,7055,0,0,1,1.0,0,,,,,https://www.openstreetmap.org/way/210680250
2562,w210680279,,North LaSalle Drive,743,-656.0,-1263.3,25.5,1020.1,7055,0,0,1,1.0,0,,,,,https://www.openstreetmap.org/way/210680279
2570,w210680287,,North LaSalle Drive,749,-657.0,-1274.8,29.5,1034.9,7055,0,0,1,1.0,0,,,,,https://www.openstreetmap.org/way/210680287
2786,w210680551,Taco Bell,North LaSalle Drive,777,-664.5,-1296.1,7.0,1057.6,7055,0,0,1,1.0,0,,,,,https://www.openstreetmap.org/way/210680551
3188,w305004827,Eight O Five,North LaSalle Drive,805,-653.2,-1362.6,107.5,1098.0,7055,0,1,1,1.0,0,,,,,https://www.openstreetmap.org/way/305004827
1557,w210679097,Chestnut Tower,West Chestnut Street,121,-654.8,-1415.2,111.0,1160.6,7055,0,1,1,1.0,0,,,,,https://www.openstreetmap.org/way/210679097
1580,w210679146,Fogo de Chão,North LaSalle Drive,661,-639.9,-1052.7,12.0,803.1,7060,0,0,1,1.0,0,,,,,https://www.openstreetmap.org/way/210679146
2757,w210680513,The Godfrey Hotel Chicago,West Huron Street,127,-641.5,-1088.5,57.0,839.4,7060,0,0,1,1.0,0,,,,,https://www.openstreetmap.org/way/210680513
652,w154412230,Bank of America,North LaSalle Drive,515,-646.3,-737.2,6.5,495.1,7080,0,0,1,1.0,0,,,,,https://www.openstreetmap.org/way/154412230
1553,w210679090,BP Shop,North LaSalle Drive,631,-640.2,-976.3,6.0,737.5,7080,0,0,1,1.0,0,,,,,https://www.openstreetmap.org/way/210679090
579,w153291621,Boylston Building,West Illinois Street,116-122,-630.2,-696.5,40.5,446.6,7085,0,0,1,1.0,0,,,,,https://www.openstreetmap.org/way/153291621
2782,w210680546,Video Replay,West Grand Avenue,118,-629.5,-785.1,11.0,536.1,7090,0,0,1,1.0,0,,,,,https://www.openstreetmap.org/way/210680546
1538,w210679072,Access Living,West Chicago Avenue,115,-629.2,-1286.4,21.5,1025.4,7090,0,0,1,1.0,0,,,,,https://www.openstreetmap.org/way/210679072
585,w153291629,,West Illinois Street,114,-606.0,-696.9,28.5,447.1,7110,0,0,1,1.0,0,,,,,https://www.openstreetmap.org/way/153291629
1684,w210679265,,West Grand Avenue,112,-610.8,-786.3,13.5,536.2,7115,0,0,1,1.0,0,,,,,https://www.openstreetmap.org/way/210679265
1701,w210679287,Arbella,West Grand Avenue,114;112,-616.9,-781.7,13.0,536.2,7115,0,0,1,1.0,0,,,,,https://www.openstreetmap.org/way/210679287
1560,w210679100,Consulate General of The People's Republic of China in Chicago,West Erie Street,100,-593.2,-1060.8,14.5,804.6,7115,0,0,1,1.0,0,,,,,https://www.openstreetmap.org/way/210679100
3310,w531702526,Home2 Suites by Hilton Chicago River North,West Huron Street,110,-597.4,-1144.8,8.5,895.9,7120,0,0,1,1.0,0,,,,,https://www.openstreetmap.org/way/531702526
2530,w210680222,,North Clark Street,710,-592.7,-1158.4,14.5,921.3,7120,0,0,1,1.0,0,,,,,https://www.openstreetmap.org/way/210680222
2533,w210680226,,North Clark Street,712,-592.8,-1164.9,15.5,927.4,7120,0,0,1,1.0,0,,,,,https://www.openstreetmap.org/way/210680226
1671,w210679248,,West Grand Avenue,110,-604.1,-778.9,13.5,536.3,7125,0,0,1,1.0,0,,,,,https://www.openstreetmap.org/way/210679248
2386,w210680059,,North Clark Street,534,-578.9,-789.1,17.5,551.7,7140,0,0,1,1.0,0,,,,,https://www.openstreetmap.org/way/210680059
2737,w210680488,Portillo's,West Ontario Street,100,-588.2,-965.8,22.0,715.3,7150,0,0,1,1.0,0,,,,,https://www.openstreetmap.org/way/210680488
2503,w210680194,,North Clark Street,670,-596.4,-1076.2,19.5,836.1,7150,0,0,1,1.0,0,,,,,https://www.openstreetmap.org/way/210680194
2784,w210680548,Walgreens,North Clark Street,641,-536.5,-998.0,11.5,750.4,7180,0,0,1,1.0,0,,,,,https://www.openstreetmap.org/way/210680548
658,w154412241,,North Clark Street,447,-527.2,-648.3,20.0,410.4,7185,0,0,1,1.0,0,,,,,https://www.openstreetmap.org/way/154412241
659,w154412243,,North Clark Street,449,-527.4,-656.5,19.0,418.2,7185,0,0,1,1.0,0,,,,,https://www.openstreetmap.org/way/154412243
575,w153291617,,North Clark Street,501,-508.5,-706.4,60.5,449.4,7185,0,0,1,1.0,0,,,,,https://www.openstreetmap.org/way/153291617
180,w137060374,First United Methodist Church of Chicago,West Washington Street,77,-515.0,216.1,169.0,421.7,7225,0,1,1,0.9836,0,,,,,https://www.openstreetmap.org/way/137060374
574,w153291616,Fairfield Inn & Suites Chicago Downtown/River North,North Dearborn Street,510,-462.9,-702.9,51.0,450.4,7250,0,0,1,1.0,0,,,,,https://www.openstreetmap.org/way/153291616
588,w153291633,,North Dearborn Street,520,-463.7,-736.0,24.5,487.3,7250,0,0,1,1.0,0,,,,,https://www.openstreetmap.org/way/153291633
103,w124865434,George W. Dunne Cook County Administration Building,West Washington Street,69,-458.5,223.5,149.0,421.5,7295,0,1,1,1.0,0,,,,,https://www.openstreetmap.org/way/124865434
643,w154079708,,West Grand Avenue,1,-330.6,-743.3,14.5,421.4,7710,0,0,1,1.0,0,,,,,https://www.openstreetmap.org/way/154079708
811,w205124175,Grand Plaza,West Grand Avenue,2-6,-372.6,-804.2,175.5,470.6,7710,0,1,1,0.997,0,,,,,https://www.openstreetmap.org/way/205124175
810,w205124174,Grand Plaza Apartments,North State Street,540,-344.4,-792.8,182.5,472.5,7710,0,1,1,1.0,0,,,,,https://www.openstreetmap.org/way/205124174
808,w205124172,The Residences at Grand Plaza,North Dearborn Street,545,-401.5,-823.1,122.5,528.6,7710,0,1,1,1.0,0,,,,,https://www.openstreetmap.org/way/205124172
691,w158621265,Embassy Suites by Hilton Chicago Downtown,North State Street,600,-346.0,-898.5,39.0,549.6,7710,0,0,1,1.0,0,,,,,https://www.openstreetmap.org/way/158621265
3866,w158621274,Millennium Centre,West Ontario Street,33,-398.3,-890.7,185.5,575.4,7710,0,1,1,0.9988,0,,,,,https://www.openstreetmap.org/way/158621274
697,w158621273,Ontario Street Substation,West Ontario Street,51,-466.2,-913.9,18.5,645.0,7710,0,0,1,1.0,0,,,,,https://www.openstreetmap.org/way/158621273
2006,w210679637,,West Ontario Street,18,-368.7,-965.1,16.0,650.0,7710,0,0,1,1.0,0,,,,,https://www.openstreetmap.org/way/210679637
2015,w210679647,,West Ontario Street,20-22,-378.9,-960.6,76.0,651.1,7710,0,0,1,1.0,0,,,,,https://www.openstreetmap.org/way/210679647
2764,w210680520,The Caravel,North Dearborn Street,635,-405.6,-975.9,93.5,656.6,7710,0,1,1,1.0,0,,,,,https://www.openstreetmap.org/way/210680520
1541,w210679075,AT&T,North Dearborn Street,641,-394.9,-998.5,26.0,688.0,7710,0,0,1,1.0,0,,,,,https://www.openstreetmap.org/way/210679075
3411,w711728865,Former Chicago Historical Society Building,North Dearborn Street,632,-468.0,-971.2,23.0,689.8,7710,0,0,1,1.0,0,,,,,https://www.openstreetmap.org/way/711728865
2740,w210680491,,West Ontario Street,60-62,-499.0,-967.8,15.0,715.4,7710,0,0,1,1.0,0,,,,,https://www.openstreetmap.org/way/210680491
2483,w210680172,,North Dearborn Street,642-648,-458.6,-994.9,22.5,723.0,7710,0,0,1,1.0,0,,,,,https://www.openstreetmap.org/way/210680172
2919,w210680708,,North Dearborn Street,650,-459.6,-1006.3,35.0,728.1,7710,0,0,1,1.0,0,,,,,https://www.openstreetmap.org/way/210680708
2854,w210680628,,,,-483.2,-993.6,9.5,735.5,7710,0,0,1,1.0,0,,,,,https://www.openstreetmap.org/way/210680628
2402,w210680080,,West Erie Street,55,-483.3,-1011.9,18.5,738.8,7710,0,0,1,1.0,0,,,,,https://www.openstreetmap.org/way/210680080
3513,w1006040739,,West Erie Street,61,-504.7,-999.8,3.0,742.4,7710,0,0,1,1.0,0,,,,,https://www.openstreetmap.org/way/1006040739
2453,w210680131,,West Erie Street,57,-490.6,-1007.1,18.5,745.2,7710,0,0,1,1.0,0,,,,,https://www.openstreetmap.org/way/210680131
2489,w210680178,,North Dearborn Street,658-662,-467.8,-1050.5,17.0,766.2,7710,0,0,1,1.0,0,,,,,https://www.openstreetmap.org/way/210680178
2495,w210680185,,North Dearborn Street,664-666,-460.1,-1066.7,14.0,782.1,7710,0,0,1,1.0,0,,,,,https://www.openstreetmap.org/way/210680185
2463,w210680143,,West Erie Street,60-64,-502.9,-1057.5,74.5,784.4,7710,0,0,1,1.0,0,,,,,https://www.openstreetmap.org/way/210680143
2504,w210680195,,North Dearborn Street,670,-461.5,-1076.4,14.0,796.5,7710,0,0,1,1.0,0,,,,,https://www.openstreetmap.org/way/210680195
2517,w210680208,,West Erie Street,70,-534.2,-1043.2,20.0,797.2,7710,0,0,1,1.0,0,,,,,https://www.openstreetmap.org/way/210680208
3338,w546137241,,,,-479.9,-1071.1,3.5,799.4,7710,0,0,1,1.0,0,,,,,https://www.openstreetmap.org/way/546137241
2493,w210680183,,North Clark Street,663-673,-532.2,-1074.0,78.0,804.0,7710,0,0,1,1.0,0,,,,,https://www.openstreetmap.org/way/210680183
3617,w1204772987,,North Dearborn Street,672,-467.9,-1087.6,13.0,805.1,7710,0,0,1,1.0,0,,,,,https://www.openstreetmap.org/way/1204772987
3337,w546137240,,,,-481.2,-1077.9,3.5,805.9,7710,0,0,1,1.0,0,,,,,https://www.openstreetmap.org/way/546137240
2506,w210680197,,North Dearborn Street,676-678,-464.2,-1099.0,14.5,811.4,7710,0,0,1,1.0,0,,,,,https://www.openstreetmap.org/way/210680197
2581,w210680298,West77 Apartments,West Huron Street,77,-520.1,-1091.4,79.5,817.7,7710,0,0,1,1.0,0,,,,,https://www.openstreetmap.org/way/210680298
3339,w546137548,,,,-484.7,-1096.3,3.5,825.4,7710,0,0,1,1.0,0,,,,,https://www.openstreetmap.org/way/546137548
2383,w210680055,,West Huron Street,53,-482.4,-1104.6,15.0,830.0,7710,0,0,1,1.0,0,,,,,https://www.openstreetmap.org/way/210680055
2447,w210680125,,West Huron Street,56,-487.7,-1147.6,12.0,856.8,7710,0,0,1,1.0,0,,,,,https://www.openstreetmap.org/way/210680125
2523,w210680215,,North Dearborn Street,706,-466.6,-1148.7,16.0,860.8,7710,0,0,1,1.0,0,,,,,https://www.openstreetmap.org/way/210680215
2456,w210680134,,West Huron Street,58,-498.7,-1148.8,18.0,865.8,7710,0,0,1,1.0,0,,,,,https://www.openstreetmap.org/way/210680134
3546,w1105157128,,,,-470.8,-1159.8,21.5,869.7,7710,0,0,1,1.0,0,,,,,https://www.openstreetmap.org/way/1105157128
2471,w210680153,,West Huron Street,62,-510.6,-1144.1,15.5,872.7,7710,0,0,1,1.0,0,,,,,https://www.openstreetmap.org/way/210680153
2770,w210680528,The Hermitage on Huron,West Huron Street,70,-541.1,-1158.7,83.5,875.6,7710,0,1,1,1.0,0,,,,,https://www.openstreetmap.org/way/210680528
3545,w1105157120,,,,-536.5,-1153.7,83.5,879.7,7710,0,1,1,1.0,0,,,,,https://www.openstreetmap.org/way/1105157120
3109,w220071849,Poetry Foundation,West Superior Street,61,-479.3,-1182.1,13.5,888.8,7710,0,0,1,1.0,0,,,,,https://www.openstreetmap.org/way/220071849
3544,w1105157119,,,,-540.9,-1158.4,83.5,892.4,7710,0,1,1,1.0,0,,,,,https://www.openstreetmap.org/way/1105157119
1539,w210679073,Alper Services Building,West Superior Street,60,-503.1,-1241.0,90.0,943.4,7710,0,1,1,1.0,0,,,,,https://www.openstreetmap.org/way/210679073
2480,w210680162,,West Superior Street,64,-533.9,-1226.0,11.5,954.7,7710,0,0,1,1.0,0,,,,,https://www.openstreetmap.org/way/210680162
2553,w210680258,,North Clark Street,739,-538.5,-1246.9,28.5,968.5,7710,0,0,1,1.0,0,,,,,https://www.openstreetmap.org/way/210680258
2565,w210680282,,North Clark Street,745,-541.3,-1267.0,29.0,995.1,7710,0,0,1,1.0,0,,,,,https://www.openstreetmap.org/way/210680282
2546,w210680243,,North Clark Street,736,-595.3,-1240.5,16.0,997.8,7710,0,0,1,1.0,0,,,,,https://www.openstreetmap.org/way/210680243
2550,w210680252,,North Clark Street,738,-595.6,-1248.7,18.0,1004.1,7710,0,0,1,1.0,0,,,,,https://www.openstreetmap.org/way/210680252
2569,w210680286,,North Clark Street,749,-533.1,-1275.8,16.0,1005.7,7710,0,0,1,1.0,0,,,,,https://www.openstreetmap.org/way/210680286
2574,w210680291,,North Clark Street,751,-536.8,-1284.2,13.0,1008.9,7710,0,0,1,1.0,0,,,,,https://www.openstreetmap.org/way/210680291
2559,w210680275,,North Clark Street,742,-587.7,-1255.6,34.5,1010.6,7710,0,0,1,1.0,0,,,,,https://www.openstreetmap.org/way/210680275
2563,w210680280,Royalle Condominium,North Clark Street,744,-592.2,-1271.2,41.5,1018.5,7710,0,0,1,1.0,0,,,,,https://www.openstreetmap.org/way/210680280
2573,w210680290,,North Clark Street,750,-596.4,-1288.7,14.0,1038.0,7710,0,0,1,1.0,0,,,,,https://www.openstreetmap.org/way/210680290
2575,w210680292,,North Clark Street,754,-595.9,-1298.3,19.5,1048.6,7710,0,0,1,1.0,0,,,,,https://www.openstreetmap.org/way/210680292
2586,w210680304,Bush Temple of Music,North Clark Street,800,-603.1,-1351.9,32.5,1082.4,7710,0,0,1,1.0,0,,,,,https://www.openstreetmap.org/way/210680304
3378,w616994913,,North Clark Street,810,-603.4,-1374.0,27.5,1109.7,7710,0,0,1,1.0,0,,,,,https://www.openstreetmap.org/way/616994913
3289,w468130211,The Church of Jesus Christ of Latter-day Saints,North Clark Street,822,-600.5,-1408.5,30.0,1127.2,7710,0,0,1,1.0,0,,,,,https://www.openstreetmap.org/way/468130211
1731,w210679327,,West Chestnut Street,119,-643.5,-1446.9,19.5,1185.8,7710,0,0,1,1.0,0,,,,,https://www.openstreetmap.org/way/210679327
1721,w210679317,,West Chestnut Street,116-120,-644.6,-1480.0,16.5,1234.6,7710,0,0,1,1.0,0,,,,,https://www.openstreetmap.org/way/210679317
2634,w210680361,,North LaSalle Drive,859,-660.8,-1510.6,16.5,1269.0,7710,0,0,1,1.0,0,,,,,https://www.openstreetmap.org/way/210680361
2636,w210680363,,North LaSalle Drive,861,-663.8,-1518.6,15.0,1278.2,7710,0,0,1,1.0,0,,,,,https://www.openstreetmap.org/way/210680363
2638,w210680366,,North LaSalle Drive,863,-665.5,-1526.0,16.5,1285.9,7710,0,0,1,1.0,0,,,,,https://www.openstreetmap.org/way/210680366
2640,w210680368,,North LaSalle Drive,865,-664.7,-1531.5,14.0,1292.3,7710,0,0,1,1.0,0,,,,,https://www.openstreetmap.org/way/210680368
2643,w210680371,,North LaSalle Drive,867,-665.6,-1536.3,14.0,1297.4,7710,0,0,1,1.0,0,,,,,https://www.openstreetmap.org/way/210680371
2645,w210680373,,North LaSalle Drive,869,-665.8,-1542.2,17.0,1301.1,7710,0,0,1,1.0,0,,,,,https://www.openstreetmap.org/way/210680373
2650,w210680378,,North LaSalle Drive,871,-664.3,-1547.8,18.0,1306.7,7710,0,0,1,1.0,0,,,,,https://www.openstreetmap.org/way/210680378
3104,w216921772,North Bridge Self Park,East Grand Avenue,10,-233.9,-793.7,44.5,423.1,7715,0,0,1,1.0,0,,,,,https://www.openstreetmap.org/way/216921772
1589,w210679156,Hilton Garden Inn Chicago Downtown/Magnificent Mile,East Grand Avenue,10,-276.5,-816.3,79.5,443.7,7715,0,0,1,1.0,0,,,,,https://www.openstreetmap.org/way/210679156
3363,w565854594,,East Ohio Street,25,-228.9,-827.5,52.0,459.7,7715,0,0,1,1.0,0,,,,,https://www.openstreetmap.org/way/565854594
2736,w210680487,Pizzeria Uno,East Ohio Street,29,-207.6,-831.5,15.5,466.1,7715,0,0,1,1.0,0,,,,,https://www.openstreetmap.org/way/210680487
2776,w210680537,Freehand Chicago,East Ohio Street,17-19,-237.3,-829.2,58.5,467.4,7715,0,0,1,0.973,0,,,,,https://www.openstreetmap.org/way/210680537
1969,w210679598,ACME Hotel Company,East Ohio Street,15,-256.7,-828.1,56.0,471.0,7715,0,0,1,0.9632,0,,,,,https://www.openstreetmap.org/way/210679598
2464,w210680145,Tree Studios,North State Street,601-623,-274.8,-903.3,16.5,523.8,7715,0,0,1,1.0,0,,,,,https://www.openstreetmap.org/way/210680145
2918,w210680707,,North State Street,630,-342.5,-978.7,84.5,630.0,7715,0,1,1,1.0,0,,,,,https://www.openstreetmap.org/way/210680707
1999,w210679630,,East Erie Street,17,-250.9,-1008.7,17.0,643.8,7715,0,0,1,1.0,0,,,,,https://www.openstreetmap.org/way/210679630
1988,w210679619,,West Ontario Street,16,-361.8,-964.0,16.0,644.5,7715,0,0,1,1.0,0,,,,,https://www.openstreetmap.org/way/210679619
3364,w565854595,,,,-347.8,-1000.5,49.0,668.3,7715,0,0,1,1.0,0,,,,,https://www.openstreetmap.org/way/565854595
1571,w210679115,Eurostars Magnificent Mile,North State Street,660,-337.4,-1059.1,85.0,713.1,7715,0,1,1,1.0,0,,,,,https://www.openstreetmap.org/way/210679115
1963,w210679592,,West Erie Street,14,-359.2,-1052.4,15.5,727.5,7715,0,0,1,1.0,0,,,,,https://www.openstreetmap.org/way/210679592
2113,w210679760,,West Erie Street,24,-391.7,-1057.8,23.5,736.2,7715,0,0,1,1.0,0,,,,,https://www.openstreetmap.org/way/210679760
2662,w210680391,,East Huron Street,9,-275.6,-1099.4,17.5,736.6,7715,0,0,1,1.0,0,,,,,https://www.openstreetmap.org/way/210680391
2505,w210680196,,North State Street,671,-296.4,-1085.9,12.0,738.6,7715,0,0,1,1.0,0,,,,,https://www.openstreetmap.org/way/210680196
2159,w210679807,,East Huron Street,3,-288.0,-1097.0,16.5,739.8,7715,0,0,1,1.0,0,,,,,https://www.openstreetmap.org/way/210679807
2515,w210680206,,East Huron Street,7,-281.8,-1099.3,15.5,742.5,7715,0,0,1,1.0,0,,,,,https://www.openstreetmap.org/way/210680206
2911,w210680699,,West Erie Street,30,-415.1,-1058.8,55.0,742.8,7715,0,0,1,1.0,0,,,,,https://www.openstreetmap.org/way/210680699
1591,w210679158,,East Huron Street,1,-296.3,-1098.1,15.0,748.3,7715,0,0,1,1.0,0,,,,,https://www.openstreetmap.org/way/210679158
2210,w210679862,,West Huron Street,33,-384.0,-1103.9,37.0,754.2,7715,0,0,1,1.0,0,,,,,https://www.openstreetmap.org/way/210679862
3543,w1102478888,,West Superior Street,1,-385.5,-1170.9,143.0,797.8,7715,0,1,1,1.0,0,,,,,https://www.openstreetmap.org/way/1102478888
238,w144126594,,West Superior Street,1,-378.1,-1179.1,154.0,821.9,7715,0,1,1,1.0,0,,,,,https://www.openstreetmap.org/way/144126594
2525,w210680217,,North Dearborn Street,708,-466.3,-1158.0,21.5,866.2,7715,0,0,1,1.0,0,,,,,https://www.openstreetmap.org/way/210680217
3744,r19707044,,North Dearborn Street,710,-465.6,-1167.1,21.5,875.4,7715,0,0,1,1.0,0,,,,,https://www.openstreetmap.org/relation/19707044
2535,w210680228,,North Dearborn Street,714,-463.8,-1174.9,18.5,880.8,7715,0,0,1,1.0,0,,,,,https://www.openstreetmap.org/way/210680228
3547,w1105157131,,,,-465.9,-1177.0,14.5,885.2,7715,0,0,1,1.0,0,,,,,https://www.openstreetmap.org/way/1105157131
3496,w846476842,One Chicago,West Chicago Avenue,1,-353.5,-1262.7,19.5,894.2,7715,0,0,1,1.0,0,,,,,https://www.openstreetmap.org/way/846476842
3410,w695036316,,,,-414.3,-1225.1,5.0,904.2,7715,0,0,1,1.0,0,,,,,https://www.openstreetmap.org/way/695036316
2542,w210680237,Asbury Plaza,North Dearborn Street,730-736,-482.7,-1244.8,96.5,926.3,7715,0,1,1,1.0,0,,,,,https://www.openstreetmap.org/way/210680237
2211,w210679863,,West Chicago Avenue,33-63,-489.3,-1278.0,47.5,967.8,7715,0,0,1,1.0,0,,,,,https://www.openstreetmap.org/way/210679863
1594,w210679162,,West Chicago Avenue,10,-350.1,-1352.8,10.5,999.0,7715,0,0,1,1.0,0,,,,,https://www.openstreetmap.org/way/210679162
2781,w210680545,Lawson House Apartments,West Chicago Avenue,30,-411.3,-1350.6,83.5,1011.8,7715,0,1,1,1.0,0,,,,,https://www.openstreetmap.org/way/210680545
3385,w670267247,,,,-413.2,-1351.6,83.5,1011.8,7715,0,1,1,1.0,0,,,,,https://www.openstreetmap.org/way/670267247
2502,w210680193,,West Chicago Avenue,67-75,-537.0,-1293.3,9.0,1018.9,7715,0,0,1,1.0,0,,,,,https://www.openstreetmap.org/way/210680193
2587,w210680305,Pizano's Pizza & Pasta,North Dearborn Street,800,-472.5,-1338.0,11.5,1032.9,7715,0,0,1,1.0,0,,,,,https://www.openstreetmap.org/way/210680305
2590,w210680308,,North Dearborn Street,802,-468.9,-1343.2,12.0,1040.3,7715,0,0,1,1.0,0,,,,,https://www.openstreetmap.org/way/210680308
2391,w210680066,Alliance Française de Chicago,West Chicago Avenue,54,-497.5,-1353.1,16.5,1043.5,7715,0,0,1,1.0,0,,,,,https://www.openstreetmap.org/way/210680066
2592,w210680310,,North Dearborn Street,804,-471.0,-1349.9,12.0,1046.0,7715,0,0,1,1.0,0,,,,,https://www.openstreetmap.org/way/210680310
2593,w210680311,,North Dearborn Street,806,-470.7,-1356.1,12.0,1051.8,7715,0,0,1,1.0,0,,,,,https://www.openstreetmap.org/way/210680311
2589,w210680307,U.S. Bank,North Clark Street,801,-532.0,-1354.8,21.5,1053.9,7715,0,0,1,1.0,0,,,,,https://www.openstreetmap.org/way/210680307
2594,w210680312,,North Dearborn Street,808,-470.5,-1361.5,16.5,1057.6,7715,0,0,1,1.0,0,,,,,https://www.openstreetmap.org/way/210680312
2596,w210680316,,North Dearborn Street,810,-476.6,-1368.7,17.0,1063.4,7715,0,0,1,1.0,0,,,,,https://www.openstreetmap.org/way/210680316
2597,w210680318,,North Dearborn Street,812,-471.1,-1376.6,17.0,1070.5,7715,0,0,1,1.0,0,,,,,https://www.openstreetmap.org/way/210680318
2604,w210680327,,North Dearborn Street,816-818,-477.5,-1386.7,19.5,1077.6,7715,0,0,1,1.0,0,,,,,https://www.openstreetmap.org/way/210680327
2889,w210680669,,North Dearborn Street,,-499.2,-1376.6,16.0,1084.1,7715,0,0,1,1.0,0,,,,,https://www.openstreetmap.org/way/210680669
3288,w468128153,The Aurélien,North Clark Street,833,-539.1,-1398.3,106.0,1087.9,7715,0,1,1,1.0,0,,,,,https://www.openstreetmap.org/way/468128153
2610,w210680335,,North Dearborn Street,827,-400.1,-1420.5,21.0,1089.9,7715,0,0,1,1.0,0,,,,,https://www.openstreetmap.org/way/210680335
2606,w210680330,,North Dearborn Street,820,-484.2,-1398.8,19.0,1092.6,7715,0,0,1,1.0,0,,,,,https://www.openstreetmap.org/way/210680330
2609,w210680334,,North Dearborn Street,827,-419.7,-1420.2,20.5,1093.9,7715,0,0,1,1.0,0,,,,,https://www.openstreetmap.org/way/210680334
2613,w210680338,,North Dearborn Street,829,-400.3,-1427.4,21.5,1096.7,7715,0,0,1,1.0,0,,,,,https://www.openstreetmap.org/way/210680338
2612,w210680337,,North Dearborn Street,829,-419.9,-1427.0,21.5,1100.4,7715,0,0,1,1.0,0,,,,,https://www.openstreetmap.org/way/210680337
2615,w210680341,,North Dearborn Street,831,-410.3,-1433.8,21.0,1103.0,7715,0,0,1,1.0,0,,,,,https://www.openstreetmap.org/way/210680341
2616,w210680342,,North Dearborn Street,833,-413.6,-1440.9,24.0,1109.2,7715,0,0,1,1.0,0,,,,,https://www.openstreetmap.org/way/210680342
2158,w210679806,,West Chestnut Street,29-31,-404.2,-1452.0,21.0,1116.4,7715,0,0,1,1.0,0,,,,,https://www.openstreetmap.org/way/210679806
2618,w210680344,,North Dearborn Street,833-839,-427.1,-1451.8,24.5,1120.6,7715,0,0,1,1.0,0,,,,,https://www.openstreetmap.org/way/210680344
1581,w210679147,John Fewkes Tower,West Chestnut Street,55,-474.8,-1440.9,89.5,1122.9,7715,0,1,1,1.0,0,,,,,https://www.openstreetmap.org/way/210679147
2005,w210679636,,West Chestnut Street,18,-388.0,-1495.6,23.5,1147.2,7715,0,0,1,1.0,0,,,,,https://www.openstreetmap.org/way/210679636
2062,w210679706,,West Chestnut Street,22,-395.9,-1488.7,19.0,1152.8,7715,0,0,1,1.0,0,,,,,https://www.openstreetmap.org/way/210679706
2149,w210679797,,West Chestnut Street,26,-408.1,-1486.7,12.0,1153.8,7715,0,0,1,1.0,0,,,,,https://www.openstreetmap.org/way/210679797
2112,w210679759,,West Chestnut Street,24,-404.8,-1499.4,20.5,1154.4,7715,0,0,1,1.0,0,,,,,https://www.openstreetmap.org/way/210679759
2155,w210679803,,West Chestnut Street,28,-414.9,-1488.6,13.0,1155.4,7715,0,0,1,1.0,0,,,,,https://www.openstreetmap.org/way/210679803
2622,w210680349,,North Dearborn Street,849,-428.4,-1482.2,18.5,1156.3,7715,0,0,1,1.0,0,,,,,https://www.openstreetmap.org/way/210680349
2469,w210680151,,West Chestnut Street,61-63,-522.1,-1451.7,11.0,1156.9,7715,0,0,1,1.0,0,,,,,https://www.openstreetmap.org/way/210680151
2501,w210680192,,West Chestnut Street,67,-531.6,-1452.3,17.0,1161.9,7715,0,0,1,1.0,0,,,,,https://www.openstreetmap.org/way/210680192
2623,w210680350,,North Dearborn Street,851,-428.2,-1489.0,18.0,1162.3,7715,0,0,1,1.0,0,,,,,https://www.openstreetmap.org/way/210680350
2580,w210680297,,West Chestnut Street,77,-547.1,-1450.5,14.5,1164.7,7715,0,0,1,1.0,0,,,,,https://www.openstreetmap.org/way/210680297
3374,w594752382,Chestnut Row Homes,West Chestnut Street,111,-600.4,-1437.7,3.0,1167.6,7715,0,0,1,1.0,0,,,,,https://www.openstreetmap.org/way/594752382
2625,w210680352,,North Dearborn Street,853,-425.8,-1495.0,16.0,1169.0,7715,0,0,1,1.0,0,,,,,https://www.openstreetmap.org/way/210680352
2401,w210680079,Park Newberry,West Delaware Place,55,-507.5,-1503.8,42.0,1174.0,7715,0,0,1,1.0,0,,,,,https://www.openstreetmap.org/way/210680079
2626,w210680353,,North Dearborn Street,855,-428.6,-1500.5,17.5,1174.8,7715,0,0,1,1.0,0,,,,,https://www.openstreetmap.org/way/210680353
2629,w210680356,,North Dearborn Street,857,-428.8,-1506.6,17.0,1180.1,7715,0,0,1,1.0,0,,,,,https://www.openstreetmap.org/way/210680356
2150,w210679798,,West Chestnut Street,26-28,-413.0,-1512.3,10.0,1180.5,7715,0,0,1,1.0,0,,,,,https://www.openstreetmap.org/way/210679798
2633,w210680360,,North Dearborn Street,859,-429.1,-1512.9,15.0,1186.3,7715,0,0,1,1.0,0,,,,,https://www.openstreetmap.org/way/210680360
2637,w210680365,,North Dearborn Street,863,-421.8,-1526.1,16.0,1194.3,7715,0,0,1,1.0,0,,,,,https://www.openstreetmap.org/way/210680365
2642,w210680370,,North Dearborn Street,867,-421.9,-1542.1,16.0,1200.9,7715,0,0,1,1.0,0,,,,,https://www.openstreetmap.org/way/210680370
2897,w210680681,100 West Chestnut,North Clark Street,856,-605.1,-1487.8,89.5,1217.3,7715,0,1,1,1.0,0,,,,,https://www.openstreetmap.org/way/210680681
2632,w210680359,,North Clark Street,858-866,-608.3,-1526.7,19.5,1241.7,7715,0,0,1,1.0,0,,,,,https://www.openstreetmap.org/way/210680359
2847,w210680621,,,,-639.7,-1518.3,7.0,1270.1,7715,0,0,1,1.0,0,,,,,https://www.openstreetmap.org/way/210680621
2893,w210680675,,,,-641.7,-1526.9,15.0,1278.1,7715,0,0,1,1.0,0,,,,,https://www.openstreetmap.org/way/210680675
2669,w210680400,,North Dearborn Street,915,-425.0,-1613.6,16.5,1278.3,7715,0,0,1,1.0,0,,,,,https://www.openstreetmap.org/way/210680400
1655,w210679231,,West Delaware Place,105,-589.7,-1573.3,18.5,1279.6,7715,0,0,1,1.0,0,,,,,https://www.openstreetmap.org/way/210679231
2871,w210680647,,,,-639.1,-1531.9,11.5,1283.6,7715,0,0,1,1.0,0,,,,,https://www.openstreetmap.org/way/210680647
1660,w210679236,,West Delaware Place,107,-628.0,-1573.2,18.5,1290.9,7715,0,0,1,1.0,0,,,,,https://www.openstreetmap.org/way/210679236
2818,w210680588,,,,-640.3,-1548.9,7.5,1297.8,7715,0,0,1,1.0,0,,,,,https://www.openstreetmap.org/way/210680588
2653,w210680382,,North LaSalle Drive,873-875,-660.0,-1557.2,19.0,1311.7,7715,0,0,1,1.0,0,,,,,https://www.openstreetmap.org/way/210680382
2656,w210680385,,North LaSalle Drive,879,-666.0,-1570.9,19.5,1324.7,7715,0,0,1,1.0,0,,,,,https://www.openstreetmap.org/way/210680385
1732,w210679328,,West Delaware Place,119,-640.5,-1592.5,14.0,1332.4,7715,0,0,1,1.0,0,,,,,https://www.openstreetmap.org/way/210679328
2657,w210680386,,North LaSalle Drive,881,-664.0,-1576.6,16.0,1332.5,7715,0,0,1,1.0,0,,,,,https://www.openstreetmap.org/way/210680386
1754,w210679372,,West Delaware Place,121,-646.3,-1592.5,15.0,1336.0,7715,0,0,1,1.0,0,,,,,https://www.openstreetmap.org/way/210679372
1778,w210679398,,West Delaware Place,123,-653.6,-1593.8,15.5,1338.0,7715,0,0,1,1.0,0,,,,,https://www.openstreetmap.org/way/210679398
2658,w210680387,,North LaSalle Drive,883,-669.0,-1584.5,15.0,1340.3,7715,0,0,1,1.0,0,,,,,https://www.openstreetmap.org/way/210680387
2659,w210680388,,North LaSalle Drive,885,-669.2,-1590.1,13.5,1346.0,7715,0,0,1,1.0,0,,,,,https://www.openstreetmap.org/way/210680388
1598,w210679167,,West Delaware Place,100,-591.9,-1628.4,18.0,1346.7,7715,0,0,1,1.0,0,,,,,https://www.openstreetmap.org/way/210679167
1650,w210679226,,West Delaware Place,104,-603.6,-1628.2,18.0,1350.6,7715,0,0,1,1.0,0,,,,,https://www.openstreetmap.org/way/210679226
2661,w210680390,,North LaSalle Drive,887,-669.4,-1595.2,13.0,1350.8,7715,0,0,1,1.0,0,,,,,https://www.openstreetmap.org/way/210680390
1661,w210679237,,West Delaware Place,108,-613.5,-1627.2,18.0,1354.5,7715,0,0,1,1.0,0,,,,,https://www.openstreetmap.org/way/210679237
1683,w210679264,,West Delaware Place,112,-625.1,-1626.8,18.0,1358.5,7715,0,0,1,1.0,0,,,,,https://www.openstreetmap.org/way/210679264
3559,w1173127551,,,,-588.8,-1643.5,12.0,1360.2,7715,0,0,1,1.0,0,,,,,https://www.openstreetmap.org/way/1173127551
208,w144015996,The Newberry Library,West Walton Street,60,-525.5,-1715.6,34.5,1362.9,7715,0,0,1,1.0,0,,,,,https://www.openstreetmap.org/way/144015996
1738,w210679335,,West Delaware Place,120-122,-649.9,-1626.8,19.5,1365.1,7715,0,0,1,1.0,0,,,,,https://www.openstreetmap.org/way/210679335
2677,w210680409,,North Clark Street,924,-619.3,-1642.0,18.5,1366.3,7715,0,0,1,1.0,0,,,,,https://www.openstreetmap.org/way/210680409
1835,w210679459,,West Delaware Place,126,-670.2,-1624.7,19.0,1374.2,7715,0,0,1,1.0,0,,,,,https://www.openstreetmap.org/way/210679459
3176,w291251927,,North Clark Street,950,-598.5,-1657.4,13.5,1377.5,7715,0,0,1,1.0,0,,,,,https://www.openstreetmap.org/way/291251927
2680,w210680412,,North Clark Street,930-950,-624.7,-1671.3,16.0,1385.2,7715,0,0,1,1.0,0,,,,,https://www.openstreetmap.org/way/210680412
3177,w291251928,,North Clark Street,950,-599.9,-1668.9,13.5,1387.0,7715,0,0,1,1.0,0,,,,,https://www.openstreetmap.org/way/291251928
2670,w210680401,,North LaSalle Drive,915,-670.4,-1636.6,17.0,1388.4,7715,0,0,1,1.0,0,,,,,https://www.openstreetmap.org/way/210680401
3560,w1173127552,,,,-641.8,-1647.5,5.5,1388.7,7715,0,0,1,1.0,0,,,,,https://www.openstreetmap.org/way/1173127552
2671,w210680403,,North LaSalle Drive,917,-667.4,-1641.3,15.0,1393.0,7715,0,0,1,1.0,0,,,,,https://www.openstreetmap.org/way/210680403
3178,w291251929,,North Clark Street,950,-597.9,-1676.9,13.5,1396.9,7715,0,0,1,1.0,0,,,,,https://www.openstreetmap.org/way/291251929
2673,w210680405,,North LaSalle Drive,919,-668.5,-1646.2,15.5,1398.3,7715,0,0,1,1.0,0,,,,,https://www.openstreetmap.org/way/210680405
2675,w210680407,,North LaSalle Drive,921,-656.0,-1656.1,15.0,1398.7,7715,0,0,1,1.0,0,,,,,https://www.openstreetmap.org/way/210680407
3179,w291251930,,North Clark Street,950,-599.3,-1689.5,13.5,1406.6,7715,0,0,1,1.0,0,,,,,https://www.openstreetmap.org/way/291251930
2679,w210680411,Christ the Savior Orthodox Church,North LaSalle Drive,927,-663.6,-1675.4,19.0,1407.5,7715,0,0,1,1.0,0,,,,,https://www.openstreetmap.org/way/210680411
2681,w210680413,,North Clark Street,950,-599.5,-1698.2,14.0,1416.5,7715,0,0,1,1.0,0,,,,,https://www.openstreetmap.org/way/210680413
3180,w291251931,,North Clark Street,950,-599.8,-1710.1,14.0,1426.3,7715,0,0,1,1.0,0,,,,,https://www.openstreetmap.org/way/291251931
2686,w210680420,,North LaSalle Drive,939,-646.4,-1711.2,17.0,1429.0,7715,0,0,1,1.0,0,,,,,https://www.openstreetmap.org/way/210680420
2683,w210680415,,North LaSalle Drive,933,-663.6,-1689.6,18.5,1434.3,7715,0,0,1,1.0,0,,,,,https://www.openstreetmap.org/way/210680415
1779,w210679399,Oak Club,West Oak Street,123-127,-632.5,-1729.9,16.5,1441.6,7715,0,0,1,1.0,0,,,,,https://www.openstreetmap.org/way/210679399
3191,w315415542,,,,-489.7,-1779.5,32.5,1447.4,7715,0,0,1,1.0,0,,,,,https://www.openstreetmap.org/way/315415542
1616,w210679185,Warren Barr Gold Coast,West Oak Street,66,-538.5,-1774.6,38.5,1456.7,7715,0,0,1,1.0,0,,,,,https://www.openstreetmap.org/way/210679185
1624,w210679196,Palette and Chisel,North Dearborn Street,1012,-484.9,-1809.2,16.5,1479.8,7715,0,0,1,1.0,0,,,,,https://www.openstreetmap.org/way/210679196
1599,w210679168,Burlingham Building,West Oak Street,104,-601.1,-1772.3,25.0,1480.5,7715,0,0,1,1.0,0,,,,,https://www.openstreetmap.org/way/210679168
1625,w210679197,,North Dearborn Street,1012,-509.1,-1805.3,13.0,1484.4,7715,0,0,1,1.0,0,,,,,https://www.openstreetmap.org/way/210679197
1626,w210679198,,North Clark Street,1015,-534.5,-1811.1,19.5,1487.7,7715,0,0,1,1.0,0,,,,,https://www.openstreetmap.org/way/210679198
3396,w685632409,,North Clark Street,"1004,1006,1008",-597.8,-1787.9,33.5,1492.3,7715,0,0,1,1.0,0,,,,,https://www.openstreetmap.org/way/685632409
1737,w210679334,,West Oak Street,120,-647.9,-1781.0,23.0,1498.5,7715,0,0,1,1.0,0,,,,,https://www.openstreetmap.org/way/210679334
1767,w210679386,,West Oak Street,122-126,-668.4,-1769.3,18.5,1504.3,7715,0,0,1,1.0,0,,,,,https://www.openstreetmap.org/way/210679386
1631,w210679204,Perillo BMW,North Clark Street,1035,-538.5,-1856.2,28.5,1511.7,7715,0,0,1,1.0,0,,,,,https://www.openstreetmap.org/way/210679204
3936,w685632403,Gold Coast Galleria,North Clark Street,1030,-603.4,-1852.7,111.5,1511.7,7715,0,1,1,1.0,0,,,,,https://www.openstreetmap.org/way/685632403
1617,w210679187,,North LaSalle Drive,1005,-676.4,-1778.4,15.5,1521.0,7715,0,0,1,1.0,0,,,,,https://www.openstreetmap.org/way/210679187
1618,w210679188,,North LaSalle Drive,1007,-668.1,-1784.5,16.5,1523.6,7715,0,0,1,1.0,0,,,,,https://www.openstreetmap.org/way/210679188
2855,w210680629,,,,-659.4,-1793.8,7.5,1527.6,7715,0,0,1,1.0,0,,,,,https://www.openstreetmap.org/way/210680629
1623,w210679195,,North LaSalle Drive,1011,-674.6,-1793.4,14.0,1534.5,7715,0,0,1,1.0,0,,,,,https://www.openstreetmap.org/way/210679195
2867,w210680643,,,,-649.1,-1808.2,5.5,1536.7,7715,0,0,1,1.0,0,,,,,https://www.openstreetmap.org/way/210680643
1627,w210679199,,North LaSalle Drive,1015,-674.1,-1806.3,14.5,1545.9,7715,0,0,1,1.0,0,,,,,https://www.openstreetmap.org/way/210679199
1629,w210679201,Annunciation Greek Orthodox Cathedral,North LaSalle Drive,1017,-648.8,-1823.5,23.5,1548.3,7715,0,0,1,1.0,0,,,,,https://www.openstreetmap.org/way/210679201
1673,w210679252,Fletcher Jones VW & Audi,North Clark Street,1100-1111,-533.9,-1929.4,20.5,1596.7,7715,0,0,1,1.0,0,,,,,https://www.openstreetmap.org/way/210679252
1641,w210679216,,North LaSalle Drive,1031-1039,-673.9,-1870.3,17.5,1599.1,7715,0,0,1,1.0,0,,,,,https://www.openstreetmap.org/way/210679216
3397,w685632416,,,,-614.8,-1932.5,25.5,1616.9,7715,0,0,1,1.0,0,,,,,https://www.openstreetmap.org/way/685632416
1642,w210679217,,North LaSalle Drive,1032,-728.1,-1863.8,19.5,1617.9,7715,0,0,1,1.0,0,,,,,https://www.openstreetmap.org/way/210679217
1643,w210679218,,North LaSalle Drive,1034,-726.1,-1870.5,14.5,1625.1,7715,0,0,1,1.0,0,,,,,https://www.openstreetmap.org/way/210679218
1646,w210679222,,North LaSalle Drive,1036,-726.2,-1876.0,13.5,1630.2,7715,0,0,1,1.0,0,,,,,https://www.openstreetmap.org/way/210679222
1648,w210679224,,North LaSalle Drive,1038,-731.0,-1883.5,12.5,1635.4,7715,0,0,1,1.0,0,,,,,https://www.openstreetmap.org/way/210679224
3147,w236661066,,West Elm Street,75,-539.9,-2009.0,20.0,1655.5,7715,0,0,1,1.0,0,,,,,https://www.openstreetmap.org/way/236661066
2703,w210680444,LaSalle Court Apartments,North LaSalle Drive,1100,-730.8,-1926.0,54.0,1659.6,7715,0,0,1,1.0,0,,,,,https://www.openstreetmap.org/way/210680444
3937,w685632422,The Elm at Clark,North Clark Street,1100-1122,-609.1,-1990.9,111.5,1667.3,7715,0,1,1,1.0,0,,,,,https://www.openstreetmap.org/way/685632422
2822,w210680592,,,,-649.0,-1968.5,15.0,1689.1,7715,0,0,1,1.0,0,,,,,https://www.openstreetmap.org/way/210680592
1982,w210679611,,West Elm Street,155-161,-735.6,-1976.7,61.0,1694.1,7715,0,0,1,1.0,0,,,,,https://www.openstreetmap.org/way/210679611
1681,w210679262,,North LaSalle Drive,1119,-678.8,-1969.1,17.0,1695.2,7715,0,0,1,1.0,0,,,,,https://www.openstreetmap.org/way/210679262
2834,w210680606,,,,-649.4,-1981.5,13.0,1698.1,7715,0,0,1,1.0,0,,,,,https://www.openstreetmap.org/way/210680606
1688,w210679273,,North LaSalle Drive,1125,-676.8,-1982.0,16.5,1709.5,7715,0,0,1,1.0,0,,,,,https://www.openstreetmap.org/way/210679273
1687,w210679270,,North Clark Street,1122,-605.6,-2023.0,11.5,1718.2,7715,0,0,1,1.0,0,,,,,https://www.openstreetmap.org/way/210679270
1695,w210679281,Church of the Ascension,North LaSalle Drive,1133,-665.4,-2012.0,21.0,1718.3,7715,0,0,1,1.0,0,,,,,https://www.openstreetmap.org/way/210679281
1665,w210679242,,West Elm Street,109,-619.7,-2023.8,13.5,1729.5,7715,0,0,1,1.0,0,,,,,https://www.openstreetmap.org/way/210679242
1677,w210679256,,West Elm Street,111,-626.2,-2026.8,13.5,1731.1,7715,0,0,1,1.0,0,,,,,https://www.openstreetmap.org/way/210679256
1693,w210679279,,West Elm Street,113,-631.4,-2026.4,10.5,1732.7,7715,0,0,1,1.0,0,,,,,https://www.openstreetmap.org/way/210679279
1697,w210679283,LaSalle Street Church,North LaSalle Drive,1136,-734.4,-2022.1,35.0,1760.9,7715,0,0,1,1.0,0,,,,,https://www.openstreetmap.org/way/210679283
1718,w210679313,Zelda Ormes Apartments,West Elm Street,116,-668.4,-2081.0,42.0,1774.9,7715,0,0,1,1.0,0,,,,,https://www.openstreetmap.org/way/210679313
1702,w210679288,The Oliver on LaSalle,North LaSalle Drive,1140,-767.2,-2049.6,27.5,1783.5,7715,0,0,1,1.0,0,,,,,https://www.openstreetmap.org/way/210679288
1725,w210679321,Mark Twain Hotel,North Clark Street,1160-1168,-621.0,-2096.3,22.5,1793.2,7715,0,0,1,1.0,0,,,,,https://www.openstreetmap.org/way/210679321
1707,w210679299,,North LaSalle Drive,1150,-735.2,-2059.5,15.5,1801.4,7715,0,0,1,1.0,0,,,,,https://www.openstreetmap.org/way/210679299
1712,w210679305,,North LaSalle Drive,1152,-727.1,-2069.3,12.5,1808.5,7715,0,0,1,1.0,0,,,,,https://www.openstreetmap.org/way/210679305
1709,w210679302,,North LaSalle Drive,1152,-735.7,-2067.6,12.5,1811.5,7715,0,0,1,1.0,0,,,,,https://www.openstreetmap.org/way/210679302
1710,w210679303,,North LaSalle Drive,1152,-746.2,-2067.1,12.5,1814.7,7715,0,0,1,1.0,0,,,,,https://www.openstreetmap.org/way/210679303
1713,w210679306,,North LaSalle Drive,1152,-727.2,-2079.8,15.5,1820.1,7715,0,0,1,1.0,0,,,,,https://www.openstreetmap.org/way/210679306
1714,w210679307,,North LaSalle Drive,1152,-736.3,-2081.2,13.5,1824.3,7715,0,0,1,1.0,0,,,,,https://www.openstreetmap.org/way/210679307
1711,w210679304,,North LaSalle Drive,1152,-745.5,-2081.0,13.0,1827.5,7715,0,0,1,1.0,0,,,,,https://www.openstreetmap.org/way/210679304
1723,w210679319,,North LaSalle Drive,1160,-733.8,-2089.1,15.5,1828.2,7715,0,0,1,1.0,0,,,,,https://www.openstreetmap.org/way/210679319
1727,w210679323,,North LaSalle Drive,1162-1168,-744.5,-2098.8,15.5,1835.3,7715,0,0,1,1.0,0,,,,,https://www.openstreetmap.org/way/210679323
3232,w389457630,The Sinclair,North LaSalle Boulevard,1201,-643.7,-2183.7,130.0,1838.4,7715,0,1,1,1.0,0,,,,,https://www.openstreetmap.org/way/389457630
1986,w210679615,,West Division Street,157-163,-769.8,-2099.6,12.0,1846.2,7715,0,0,1,1.0,0,,,,,https://www.openstreetmap.org/way/210679615
1740,w210679337,Planned Parenthood,North LaSalle Drive,1200,-744.3,-2144.1,12.0,1874.4,7715,0,0,1,1.0,0,,,,,https://www.openstreetmap.org/way/210679337
3906,w210680690,1212 North Lasalle,North LaSalle Drive,1212,-765.6,-2165.3,81.0,1884.5,7715,0,1,1,1.0,0,,,,,https://www.openstreetmap.org/way/210680690
1757,w210679376,LaSalle Towers Apartments,North La Salle Boulevard,1211,-684.0,-2182.1,58.5,1891.0,7715,0,0,1,1.0,0,,,,,https://www.openstreetmap.org/way/210679376
1771,w210679390,,North LaSalle Drive,1221,-666.8,-2208.7,15.5,1910.0,7715,0,0,1,1.0,0,,,,,https://www.openstreetmap.org/way/210679390
1760,w210679379,,North LaSalle Drive,1214,-734.6,-2180.7,15.0,1916.3,7715,0,0,1,1.0,0,,,,,https://www.openstreetmap.org/way/210679379
1762,w210679381,,North LaSalle Drive,1216,-739.2,-2189.1,17.5,1922.9,7715,0,0,1,1.0,0,,,,,https://www.openstreetmap.org/way/210679381
1786,w210679407,,North LaSalle Drive,1235,-672.1,-2231.8,12.0,1929.7,7715,0,0,1,1.0,0,,,,,https://www.openstreetmap.org/way/210679407
1768,w210679387,,North LaSalle Drive,1220,-745.2,-2204.4,18.5,1931.5,7715,0,0,1,1.0,0,,,,,https://www.openstreetmap.org/way/210679387
1765,w210679384,,North Wells Street,1219,-801.0,-2188.4,22.0,1940.2,7715,0,0,1,1.0,0,,,,,https://www.openstreetmap.org/way/210679384
3909,w210717478,1225 Old Town,North Wells Street,1225,-812.8,-2232.2,55.0,1951.3,7715,0,0,1,1.0,0,,,,,https://www.openstreetmap.org/way/210717478
2866,w210680642,,,,-625.2,-2253.0,5.0,1952.9,7715,0,0,1,1.0,0,,,,,https://www.openstreetmap.org/way/210680642
1782,w210679403,Marshall Hotel,North LaSalle Drive,1232,-745.8,-2229.2,17.5,1954.9,7715,0,0,1,1.0,0,,,,,https://www.openstreetmap.org/way/210679403
1787,w210679408,,North LaSalle Drive,1235,-662.2,-2272.1,15.0,1958.1,7715,0,0,1,1.0,0,,,,,https://www.openstreetmap.org/way/210679408
1576,w210679141,Eliot House,North Sandburg Terrace,1255,-618.6,-2286.3,83.0,1962.5,7715,0,1,1,1.0,0,,,,,https://www.openstreetmap.org/way/210679141
3896,w210679443,,North LaSalle Drive,1250,-756.7,-2291.0,56.0,1981.5,7715,0,0,1,1.0,0,,,,,https://www.openstreetmap.org/way/210679443
1704,w210679296,,West Goethe Street,115-131,-668.6,-2316.7,8.0,2019.3,7715,0,0,1,1.0,0,,,,,https://www.openstreetmap.org/way/210679296
1826,w210679450,,North LaSalle Drive,1254,-735.0,-2303.0,32.0,2032.5,7715,0,0,1,1.0,0,,,,,https://www.openstreetmap.org/way/210679450
1831,w210679455,,North LaSalle Drive,1256,-736.7,-2310.7,17.5,2038.8,7715,0,0,1,1.0,0,,,,,https://www.openstreetmap.org/way/210679455
1833,w210679457,,North LaSalle Drive,1258,-738.8,-2319.7,17.5,2046.5,7715,0,0,1,1.0,0,,,,,https://www.openstreetmap.org/way/210679457
1848,w210679473,First Saint Paul's Evangelical Lutheran Church,North LaSalle Drive,1301,-677.2,-2353.4,19.0,2054.3,7715,0,0,1,1.0,0,,,,,https://www.openstreetmap.org/way/210679473
1987,w210679616,,West Goethe Street,159,-786.8,-2311.7,16.0,2055.5,7715,0,0,1,1.0,0,,,,,https://www.openstreetmap.org/way/210679616
1996,w210679627,,West Goethe Street,165-173,-813.1,-2317.1,10.0,2066.0,7715,0,0,1,1.0,0,,,,,https://www.openstreetmap.org/way/210679627
1842,w210679467,,North LaSalle Drive,1300,-746.7,-2357.5,18.5,2071.5,7715,0,0,1,1.0,0,,,,,https://www.openstreetmap.org/way/210679467
1978,w210679607,,West Goethe Street,154,-763.6,-2350.4,18.5,2079.9,7715,0,0,1,1.0,0,,,,,https://www.openstreetmap.org/way/210679607
1853,w210679478,,North Sandburg Terrace,1310-1314,-668.3,-2409.3,23.0,2082.3,7715,0,0,1,1.0,0,,,,,https://www.openstreetmap.org/way/210679478
1991,w210679622,,West Goethe Street,160-170,-804.0,-2342.3,11.0,2089.6,7715,0,0,1,1.0,0,,,,,https://www.openstreetmap.org/way/210679622
1865,w210679490,,North Wells Street,1309,-804.3,-2363.8,48.5,2099.3,7715,0,0,1,1.0,0,,,,,https://www.openstreetmap.org/way/210679490
1867,w210679492,,North LaSalle Drive,1310,-740.6,-2373.5,15.5,2100.3,7715,0,0,1,1.0,0,,,,,https://www.openstreetmap.org/way/210679492
2870,w210680646,,,,-683.3,-2409.6,11.5,2104.5,7715,0,0,1,1.0,0,,,,,https://www.openstreetmap.org/way/210680646
1873,w210679498,,North LaSalle Drive,1312,-745.5,-2380.1,17.0,2107.3,7715,0,0,1,1.0,0,,,,,https://www.openstreetmap.org/way/210679498
2892,w210680673,,,,-767.2,-2372.7,12.5,2108.1,7715,0,0,1,1.0,0,,,,,https://www.openstreetmap.org/way/210680673
1877,w210679503,,North LaSalle Drive,1314,-745.9,-2387.1,18.0,2113.2,7715,0,0,1,1.0,0,,,,,https://www.openstreetmap.org/way/210679503
2886,w210680666,,,,-770.1,-2379.9,9.5,2116.5,7715,0,0,1,1.0,0,,,,,https://www.openstreetmap.org/way/210680666
1884,w210679510,,North LaSalle Drive,1316-1318,-745.8,-2395.0,18.0,2121.3,7715,0,0,1,1.0,0,,,,,https://www.openstreetmap.org/way/210679510
2851,w210680625,,,,-770.6,-2387.6,8.0,2124.0,7715,0,0,1,1.0,0,,,,,https://www.openstreetmap.org/way/210680625
1895,w210679521,,North LaSalle Drive,1320,-743.1,-2403.2,16.0,2129.9,7715,0,0,1,1.0,0,,,,,https://www.openstreetmap.org/way/210679521
1887,w210679513,,North Wells Street,1317,-812.1,-2389.0,7.0,2130.4,7715,0,0,1,1.0,0,,,,,https://www.openstreetmap.org/way/210679513
2800,w210680569,,,,-770.7,-2395.4,9.0,2131.2,7715,0,0,1,1.0,0,,,,,https://www.openstreetmap.org/way/210680569
2883,w210680662,,,,-767.9,-2402.1,14.0,2137.0,7715,0,0,1,1.0,0,,,,,https://www.openstreetmap.org/way/210680662
1923,w210679550,,North LaSalle Drive,1330,-755.7,-2430.4,14.0,2137.6,7715,0,0,1,1.0,0,,,,,https://www.openstreetmap.org/way/210679550
1898,w210679524,,North Wells Street,1321,-799.9,-2402.8,23.5,2144.5,7715,0,0,1,1.0,0,,,,,https://www.openstreetmap.org/way/210679524
1911,w210679538,,North Wells Street,1325,-817.8,-2421.0,28.0,2154.3,7715,0,0,1,1.0,0,,,,,https://www.openstreetmap.org/way/210679538
1932,w210679559,,North Wells Street,1333,-809.4,-2437.0,18.0,2178.5,7715,0,0,1,1.0,0,,,,,https://www.openstreetmap.org/way/210679559
1942,w210679569,,North LaSalle Drive,1338,-753.9,-2456.6,16.5,2180.9,7715,0,0,1,1.0,0,,,,,https://www.openstreetmap.org/way/210679569
1937,w210679564,Village Cycle Center,North Wells Street,1337,-808.9,-2454.1,18.5,2186.0,7715,0,0,1,1.0,0,,,,,https://www.openstreetmap.org/way/210679564
1949,w210679577,,North LaSalle Drive,1340-1342,-753.4,-2466.2,17.0,2188.5,7715,0,0,1,1.0,0,,,,,https://www.openstreetmap.org/way/210679577
2868,w210680644,,,,-771.0,-2456.2,12.0,2188.7,7715,0,0,1,1.0,0,,,,,https://www.openstreetmap.org/way/210680644
1955,w210679583,,North LaSalle Drive,1346,-748.8,-2479.1,19.0,2202.6,7715,0,0,1,1.0,0,,,,,https://www.openstreetmap.org/way/210679583
2880,w210680658,,,,-789.9,-2469.1,11.5,2207.1,7715,0,0,1,1.0,0,,,,,https://www.openstreetmap.org/way/210680658
1946,w210679574,,North Wells Street,1339,-822.1,-2460.9,16.0,2209.9,7715,0,0,1,1.0,0,,,,,https://www.openstreetmap.org/way/210679574
1952,w210679580,Sara Jane,North Wells Street,1343,-821.9,-2468.5,16.5,2212.4,7715,0,0,1,1.0,0,,,,,https://www.openstreetmap.org/way/210679580
1954,w210679582,,North Wells Street,1345,-793.1,-2475.1,12.0,2213.1,7715,0,0,1,1.0,0,,,,,https://www.openstreetmap.org/way/210679582
2946,w210684399,,North LaSalle Drive,1350,-766.1,-2493.6,18.5,2219.8,7715,0,0,1,1.0,0,,,,,https://www.openstreetmap.org/way/210684399
2950,w210684404,,North LaSalle Drive,1352,-750.5,-2504.3,19.5,2224.9,7715,0,0,1,1.0,0,,,,,https://www.openstreetmap.org/way/210684404
3055,w210686449,,,,-787.8,-2491.4,8.0,2228.5,7715,0,0,1,1.0,0,,,,,https://www.openstreetmap.org/way/210686449
1957,w210679585,IVME Hydration Clinic,North Wells Street,1347,-820.5,-2483.0,18.0,2228.9,7715,0,0,1,1.0,0,,,,,https://www.openstreetmap.org/way/210679585
2951,w210684405,,North LaSalle Drive,1352,-770.8,-2504.1,16.5,2233.4,7715,0,0,1,1.0,0,,,,,https://www.openstreetmap.org/way/210684405
2943,w210684396,,North Wells Street,1349,-822.4,-2490.8,18.0,2233.7,7715,0,0,1,1.0,0,,,,,https://www.openstreetmap.org/way/210684396
3005,w210684485,,West Schiller Street,141,-736.0,-2534.9,16.5,2243.0,7715,0,0,1,1.0,0,,,,,https://www.openstreetmap.org/way/210684485
3014,w210684745,,West Schiller Street,151,-772.6,-2517.9,14.0,2243.5,7715,0,0,1,1.0,0,,,,,https://www.openstreetmap.org/way/210684745
3009,w210684538,,West Schiller Street,143,-742.6,-2534.2,13.5,2244.9,7715,0,0,1,1.0,0,,,,,https://www.openstreetmap.org/way/210684538
3010,w210684673,,West Schiller Street,145,-749.1,-2534.1,14.5,2246.8,7715,0,0,1,1.0,0,,,,,https://www.openstreetmap.org/way/210684673
3011,w210684698,,West Schiller Street,147,-756.4,-2534.6,14.5,2248.6,7715,0,0,1,1.0,0,,,,,https://www.openstreetmap.org/way/210684698
3058,w210686498,,,,-788.1,-2513.6,8.5,2249.0,7715,0,0,1,1.0,0,,,,,https://www.openstreetmap.org/way/210686498
3012,w210684699,,West Schiller Street,149,-762.9,-2534.0,22.5,2250.5,7715,0,0,1,1.0,0,,,,,https://www.openstreetmap.org/way/210684699
2960,w210684414,,North Wells Street,1357,-828.8,-2514.8,17.0,2258.8,7715,0,0,1,1.0,0,,,,,https://www.openstreetmap.org/way/210684414
3013,w210684744,,West Schiller Street,151,-773.7,-2534.0,20.0,2262.0,7715,0,0,1,1.0,0,,,,,https://www.openstreetmap.org/way/210684744
3120,w230913218,,North Wells Street,1356,-877.1,-2525.4,35.0,2262.0,7715,0,0,1,1.0,0,,,,,https://www.openstreetmap.org/way/230913218
3019,w210684915,,West Schiller Street,161,-787.7,-2535.1,17.5,2263.4,7715,0,0,1,1.0,0,,,,,https://www.openstreetmap.org/way/210684915
2963,w210684417,,North Wells Street,1359,-821.1,-2522.3,18.0,2265.3,7715,0,0,1,1.0,0,,,,,https://www.openstreetmap.org/way/210684417
3021,w210684948,,West Schiller Street,163-165,-794.6,-2532.3,18.0,2266.1,7715,0,0,1,1.0,0,,,,,https://www.openstreetmap.org/way/210684948
2967,w210684421,,North Wells Street,1361,-816.5,-2529.1,18.0,2270.6,7715,0,0,1,1.0,0,,,,,https://www.openstreetmap.org/way/210684421
2977,w210684431,,North LaSalle Drive,1400,-746.6,-2559.5,16.5,2275.3,7715,0,0,1,1.0,0,,,,,https://www.openstreetmap.org/way/210684431
2974,w210684428,,North Wells Street,1365,-818.4,-2536.7,16.5,2277.9,7715,0,0,1,1.0,0,,,,,https://www.openstreetmap.org/way/210684428
2993,w210684465,,North LaSalle Drive,1402,-746.1,-2564.3,16.5,2283.5,7715,0,0,1,1.0,0,,,,,https://www.openstreetmap.org/way/210684465
3015,w210684787,,West Schiller Street,152,-766.6,-2563.8,22.5,2287.2,7715,0,0,1,1.0,0,,,,,https://www.openstreetmap.org/way/210684787
3016,w210684860,,West Schiller Street,154,-777.0,-2558.8,21.0,2287.5,7715,0,0,1,1.0,0,,,,,https://www.openstreetmap.org/way/210684860
2998,w210684470,,North LaSalle Drive,1404,-745.5,-2571.5,15.5,2289.8,7715,0,0,1,1.0,0,,,,,https://www.openstreetmap.org/way/210684470
3017,w210684906,,West Schiller Street,158,-784.6,-2563.8,21.0,2292.6,7715,0,0,1,1.0,0,,,,,https://www.openstreetmap.org/way/210684906
3018,w210684910,,West Schiller Street,160,-794.0,-2561.9,12.5,2292.6,7715,0,0,1,1.0,0,,,,,https://www.openstreetmap.org/way/210684910
3001,w210684475,,North LaSalle Drive,1406,-744.9,-2578.5,14.5,2296.0,7715,0,0,1,1.0,0,,,,,https://www.openstreetmap.org/way/210684475
2984,w210684438,,North Wells Street,1401,-825.7,-2557.8,15.5,2300.3,7715,0,0,1,1.0,0,,,,,https://www.openstreetmap.org/way/210684438
2996,w210684468,,,,-816.5,-2568.1,17.5,2308.1,7715,0,0,1,1.0,0,,,,,https://www.openstreetmap.org/way/210684468
3020,w210684930,,West Schiller Street,162,-792.3,-2575.0,26.5,2308.8,7715,0,0,1,1.0,0,,,,,https://www.openstreetmap.org/way/210684930
2980,w210684434,,North Wells Street,1400,-867.2,-2555.6,11.5,2313.1,7715,0,0,1,1.0,0,,,,,https://www.openstreetmap.org/way/210684434
3003,w210684479,,North Wells Street,1407,-819.3,-2576.4,15.0,2316.6,7715,0,0,1,1.0,0,,,,,https://www.openstreetmap.org/way/210684479
3007,w210684497,,North Wells Street,1414,-867.0,-2589.1,23.5,2322.4,7715,0,0,1,1.0,0,,,,,https://www.openstreetmap.org/way/210684497
2712,w210680454,Former Medinah Temple,North Wabash Avenue,600,-243.0,-900.3,29.0,509.1,7720,0,0,1,1.0,0,,,,,https://www.openstreetmap.org/way/210680454
3904,w210680553,Windsor at Ontario Place,East Erie Street,1,-248.2,-979.1,150.5,596.5,7720,0,1,1,1.0,0,,,,,https://www.openstreetmap.org/way/210680553
2482,w210680171,Holiday Inn Express Chicago - Magnificent Mile,North Wabash Avenue,640,-224.8,-997.6,55.0,628.7,7720,0,0,1,1.0,0,,,,,https://www.openstreetmap.org/way/210680171
2009,w210679641,,East Erie Street,19,-242.8,-997.9,15.5,636.2,7720,0,0,1,1.0,0,,,,,https://www.openstreetmap.org/way/210679641
2132,w210679780,Ransom R. Cable House,East Erie Street,25,-220.1,-1012.0,34.0,643.6,7720,0,0,1,1.0,0,,,,,https://www.openstreetmap.org/way/210679780
3902,w210680531,The Pinnacle,East Huron Street,21,-231.2,-1079.9,165.5,684.2,7720,0,1,1,1.0,0,,,,,https://www.openstreetmap.org/way/210680531
3907,w210680694,2 East Erie,East Erie Street,2,-273.5,-1058.5,128.5,691.5,7720,0,1,1,1.0,0,,,,,https://www.openstreetmap.org/way/210680694
1841,w210679466,Ikram,East Huron Street,15,-259.8,-1100.9,17.0,726.2,7720,0,0,1,1.0,0,,,,,https://www.openstreetmap.org/way/210679466
3528,w1034988635,Consulate General of Ukraine,East Huron Street,10,-270.3,-1144.1,112.0,784.2,7720,0,1,1,1.0,0,,,,,https://www.openstreetmap.org/way/1034988635
3254,w439899802,The Residences at 8 East Huron,East Huron Street,8,-288.2,-1149.4,113.0,785.3,7720,0,1,1,1.0,0,,,,,https://www.openstreetmap.org/way/439899802
3529,w1034988636,,,,-270.1,-1161.7,15.5,805.4,7720,0,0,1,1.0,0,,,,,https://www.openstreetmap.org/way/1034988636
2362,w210680032,,East Superior Street,5-9,-271.3,-1184.9,29.0,815.4,7720,0,0,1,1.0,0,,,,,https://www.openstreetmap.org/way/210680032
1593,w210679160,One Superior Place,East Superior Street,1,-285.8,-1188.3,29.5,816.8,7720,0,0,1,1.0,0,,,,,https://www.openstreetmap.org/way/210679160
79,w75684992,,North State Street,751,-274.3,-1289.8,25.5,911.2,7720,0,0,1,1.0,0,,,,,https://www.openstreetmap.org/way/75684992
705,w159142375,McDonald's,East Chicago Avenue,10,-276.4,-1349.5,6.0,980.1,7720,0,0,1,1.0,0,,,,,https://www.openstreetmap.org/way/159142375
2588,w210680306,,North State Street,800-808,-331.6,-1349.2,18.5,992.9,7720,0,0,1,1.0,0,,,,,https://www.openstreetmap.org/way/210680306
2599,w210680321,,North State Street,814,-331.6,-1381.7,16.0,1033.2,7720,0,0,1,1.0,0,,,,,https://www.openstreetmap.org/way/210680321
2603,w210680326,,North State Street,816,-332.9,-1388.8,12.5,1040.6,7720,0,0,1,1.0,0,,,,,https://www.openstreetmap.org/way/210680326
2605,w210680329,,North State Street,818,-333.0,-1395.0,8.0,1047.2,7720,0,0,1,1.0,0,,,,,https://www.openstreetmap.org/way/210680329
2608,w210680332,,North State Street,822,-333.1,-1401.0,6.5,1052.6,7720,0,0,1,1.0,0,,,,,https://www.openstreetmap.org/way/210680332
2611,w210680336,,North State Street,828-832,-332.3,-1441.0,34.5,1081.7,7720,0,0,1,1.0,0,,,,,https://www.openstreetmap.org/way/210680336
2908,w210680696,21 West Chestnut,West Chestnut Street,21,-375.1,-1437.1,58.0,1082.6,7720,0,0,1,1.0,0,,,,,https://www.openstreetmap.org/way/210680696
2620,w210680346,,North State Street,838,-331.7,-1458.6,17.0,1106.6,7720,0,0,1,1.0,0,,,,,https://www.openstreetmap.org/way/210680346
3894,w210679096,Chestnut Place Apartments,North State Street,848-850,-353.7,-1506.9,87.0,1135.8,7720,0,1,1,1.0,0,,,,,https://www.openstreetmap.org/way/210679096
1596,w210679165,,West Chestnut Street,10-12,-367.0,-1493.2,17.5,1141.8,7720,0,0,1,1.0,0,,,,,https://www.openstreetmap.org/way/210679165
1961,w210679589,,West Chestnut Street,14,-376.8,-1494.7,16.5,1145.2,7720,0,0,1,1.0,0,,,,,https://www.openstreetmap.org/way/210679589
3558,w1173127550,,,,-376.4,-1512.6,4.5,1171.6,7720,0,0,1,1.0,0,,,,,https://www.openstreetmap.org/way/1173127550
2639,w210680367,,North State Street,864,-340.3,-1541.4,14.0,1188.5,7720,0,0,1,1.0,0,,,,,https://www.openstreetmap.org/way/210680367
2641,w210680369,,North State Street,866,-335.8,-1546.8,15.0,1195.2,7720,0,0,1,1.0,0,,,,,https://www.openstreetmap.org/way/210680369
2649,w210680377,,North State Street,870-872,-334.9,-1558.1,17.5,1202.7,7720,0,0,1,1.0,0,,,,,https://www.openstreetmap.org/way/210680377
1970,w210679599,Chicago Sinai Congregation,West Delaware Place,15,-364.4,-1572.2,20.5,1209.4,7720,0,0,1,1.0,0,,,,,https://www.openstreetmap.org/way/210679599
1573,w210679137,Delaware Place on the Park,North Dearborn Street,875,-420.5,-1570.1,77.0,1217.0,7720,0,0,1,1.0,0,,,,,https://www.openstreetmap.org/way/210679137
2660,w210680389,,North State Street,886,-337.3,-1576.6,17.0,1220.0,7720,0,0,1,1.0,0,,,,,https://www.openstreetmap.org/way/210680389
3061,w210717476,Walton on the Park,North State Street,900,-357.0,-1633.0,164.5,1260.0,7720,0,1,1,1.0,0,,,,,https://www.openstreetmap.org/way/210717476
2014,w210679646,,West Delaware Place,20,-399.3,-1613.5,10.5,1273.2,7720,0,0,1,1.0,0,,,,,https://www.openstreetmap.org/way/210679646
2672,w210680404,,North Dearborn Street,919,-414.4,-1622.8,17.0,1283.3,7720,0,0,1,1.0,0,,,,,https://www.openstreetmap.org/way/210680404
2674,w210680406,,North Dearborn Street,921,-415.2,-1635.2,164.5,1292.2,7720,0,1,1,1.0,0,,,,,https://www.openstreetmap.org/way/210680406
3255,w439899803,No. 9 Walton,West Walton Street,9,-355.9,-1656.2,164.0,1294.1,7720,0,1,1,1.0,0,,,,,https://www.openstreetmap.org/way/439899803
3064,w210717495,Harvest Chicago Cathedral,North Dearborn Street,935,-424.5,-1652.1,164.5,1308.4,7720,0,1,1,1.0,0,,,,,https://www.openstreetmap.org/way/210717495
2114,w210679761,,West Walton Street,24,-390.5,-1716.9,22.0,1346.3,7720,0,0,1,1.0,0,,,,,https://www.openstreetmap.org/way/210679761
1603,w210679172,,North State Street,1000,-352.4,-1778.7,23.0,1419.4,7720,0,0,1,1.0,0,,,,,https://www.openstreetmap.org/way/210679172
1604,w210679173,,North State Street,1000,-360.9,-1778.5,22.0,1420.8,7720,0,0,1,1.0,0,,,,,https://www.openstreetmap.org/way/210679173
1612,w210679181,,North State Street,1000,-368.1,-1778.4,23.0,1422.1,7720,0,0,1,1.0,0,,,,,https://www.openstreetmap.org/way/210679181
1613,w210679182,,North State Street,1000,-374.4,-1780.9,22.0,1424.0,7720,0,0,1,1.0,0,,,,,https://www.openstreetmap.org/way/210679182
1601,w210679170,,North State Street,1000,-381.9,-1779.0,22.5,1425.3,7720,0,0,1,1.0,0,,,,,https://www.openstreetmap.org/way/210679170
1602,w210679171,,North State Street,1000,-388.8,-1778.9,22.0,1426.5,7720,0,0,1,1.0,0,,,,,https://www.openstreetmap.org/way/210679171
2164,w210679812,30 West Oak,West Oak Street,30,-423.4,-1777.5,89.0,1431.6,7720,0,1,1,1.0,0,,,,,https://www.openstreetmap.org/way/210679812
1605,w210679174,,North State Street,1000,-382.6,-1801.8,22.0,1452.3,7720,0,0,1,1.0,0,,,,,https://www.openstreetmap.org/way/210679174
3184,w304799196,,,,-418.4,-1812.6,18.5,1453.8,7720,0,0,1,1.0,0,,,,,https://www.openstreetmap.org/way/304799196
1615,w210679184,,North State Street,1000,-377.1,-1807.7,22.0,1459.1,7720,0,0,1,1.0,0,,,,,https://www.openstreetmap.org/way/210679184
3895,w210679211,Newberry Plaza,North State Street,1030,-368.5,-1855.4,171.5,1464.5,7720,0,1,1,1.0,0,,,,,https://www.openstreetmap.org/way/210679211
1628,w210679200,Ruth Page Foundation School of Dance,North Dearborn Street,1016,-491.7,-1824.7,19.0,1493.2,7720,0,0,1,1.0,0,,,,,https://www.openstreetmap.org/way/210679200
1630,w210679203,,North Dearborn Street,1023,-427.6,-1838.6,17.0,1499.9,7720,0,0,1,1.0,0,,,,,https://www.openstreetmap.org/way/210679203
1632,w210679205,,North Dearborn Street,1025,-426.1,-1846.5,17.0,1508.1,7720,0,0,1,1.0,0,,,,,https://www.openstreetmap.org/way/210679205
1634,w210679207,,North Dearborn Street,1029,-431.5,-1854.0,16.5,1514.1,7720,0,0,1,1.0,0,,,,,https://www.openstreetmap.org/way/210679207
2709,w210680450,Maple Tower,North Dearborn Street,1035,-430.8,-1874.1,73.5,1517.8,7720,0,0,1,1.0,0,,,,,https://www.openstreetmap.org/way/210680450
1637,w210679210,,North Dearborn Street,1030,-494.2,-1862.9,55.5,1533.5,7720,0,0,1,1.0,0,,,,,https://www.openstreetmap.org/way/210679210
1645,w210679221,,North Dearborn Street,1036,-492.6,-1880.6,38.5,1548.7,7720,0,0,1,0.9946,0,,,,,https://www.openstreetmap.org/way/210679221
3905,w210680685,1111 North Dearborn,North Dearborn Street,1111,-432.0,-1918.6,91.0,1568.7,7720,0,1,1,1.0,0,,,,,https://www.openstreetmap.org/way/210680685
1672,w210679251,,North Dearborn Street,1100-1110,-495.5,-1922.0,68.5,1584.8,7720,0,0,1,1.0,0,,,,,https://www.openstreetmap.org/way/210679251
1679,w210679259,,North Dearborn Street,1112-1118,-495.6,-1945.9,46.5,1612.1,7720,0,0,1,1.0,0,,,,,https://www.openstreetmap.org/way/210679259
1572,w210679116,Dearborn North Apartments,North Dearborn Street,1117,-425.3,-1968.2,33.5,1614.3,7720,0,0,1,1.0,0,,,,,https://www.openstreetmap.org/way/210679116
3324,w545491114,,,,-498.4,-1972.8,90.0,1629.5,7720,0,1,1,1.0,0,,,,,https://www.openstreetmap.org/way/545491114
2900,w210680686,1122 North Dearborn,North Dearborn Street,1122,-494.0,-1969.8,90.5,1631.7,7720,0,1,1,1.0,0,,,,,https://www.openstreetmap.org/way/210680686
2901,w210680687,1133 North Dearborn,North Dearborn Street,1127-1133,-440.4,-2006.9,99.0,1637.8,7720,0,1,1,1.0,0,,,,,https://www.openstreetmap.org/way/210680687
3323,w545491112,,,,-497.5,-1993.8,92.5,1663.1,7720,0,1,1,1.0,0,,,,,https://www.openstreetmap.org/way/545491112
1577,w210679142,Elm Street Plaza,North Dearborn Street,1130,-497.5,-2017.0,105.0,1678.0,7720,0,1,1,1.0,0,,,,,https://www.openstreetmap.org/way/210679142
1578,w210679143,Elm Tower,North Dearborn Street,1151-1155,-435.3,-2076.7,67.5,1713.1,7720,0,0,1,1.0,0,,,,,https://www.openstreetmap.org/way/210679143
1706,w210679298,,North Dearborn Street,1150,-490.4,-2065.0,17.5,1727.4,7720,0,0,1,1.0,0,,,,,https://www.openstreetmap.org/way/210679298
1705,w210679297,,North Dearborn Street,1150,-513.3,-2063.0,15.0,1732.5,7720,0,0,1,1.0,0,,,,,https://www.openstreetmap.org/way/210679297
1715,w210679309,,North Dearborn Street,1154,-491.4,-2076.7,16.5,1745.4,7720,0,0,1,1.0,0,,,,,https://www.openstreetmap.org/way/210679309
1717,w210679312,,North Dearborn Street,1156,-486.9,-2082.5,16.0,1751.3,7720,0,0,1,1.0,0,,,,,https://www.openstreetmap.org/way/210679312
1716,w210679310,,North Dearborn Street,1154,-513.8,-2076.2,17.0,1751.5,7720,0,0,1,1.0,0,,,,,https://www.openstreetmap.org/way/210679310
2002,w210679633,,North Dearborn Street,1706,-513.5,-2083.1,10.5,1757.8,7720,0,0,1,1.0,0,,,,,https://www.openstreetmap.org/way/210679633
1722,w210679318,,North Dearborn Street,1160,-485.3,-2095.1,15.0,1758.2,7720,0,0,1,1.0,0,,,,,https://www.openstreetmap.org/way/210679318
2030,w210679668,,West Division Street,21,-432.9,-2113.2,13.5,1758.5,7720,0,0,1,1.0,0,,,,,https://www.openstreetmap.org/way/210679668
1729,w210679325,,North Clark Street,1165,-541.0,-2088.0,37.0,1762.6,7720,0,0,1,1.0,0,,,,,https://www.openstreetmap.org/way/210679325
1728,w210679324,,North Dearborn Street,1164,-492.6,-2107.2,21.5,1770.2,7720,0,0,1,1.0,0,,,,,https://www.openstreetmap.org/way/210679324
1739,w210679336,Walgreens,North Dearborn Street,1200,-487.8,-2150.8,10.5,1809.6,7720,0,0,1,1.0,0,,,,,https://www.openstreetmap.org/way/210679336
1745,w210679344,,North Clark Street,1201-1203,-548.9,-2154.3,21.0,1821.9,7720,0,0,1,1.0,0,,,,,https://www.openstreetmap.org/way/210679344
1756,w210679374,,North Dearborn Street,1210-1212,-498.7,-2179.5,18.0,1838.1,7720,0,0,1,1.0,0,,,,,https://www.openstreetmap.org/way/210679374
1763,w210679382,,North Dearborn Street,1216-1220,-497.8,-2202.0,18.5,1858.9,7720,0,0,1,1.0,0,,,,,https://www.openstreetmap.org/way/210679382
2440,w210680118,,West Goethe Street,55,-534.5,-2183.6,12.5,1860.6,7720,0,0,1,1.0,0,,,,,https://www.openstreetmap.org/way/210680118
2416,w210680094,,West Goethe Street,55,-555.2,-2185.4,17.0,1865.3,7720,0,0,1,1.0,0,,,,,https://www.openstreetmap.org/way/210680094
2413,w210680091,,West Goethe Street,55,-562.2,-2185.2,14.5,1866.9,7720,0,0,1,1.0,0,,,,,https://www.openstreetmap.org/way/210680091
2406,w210680084,,West Goethe Street,55,-534.7,-2190.6,12.5,1867.1,7720,0,0,1,1.0,0,,,,,https://www.openstreetmap.org/way/210680084
2432,w210680110,,West Goethe Street,55,-569.5,-2185.1,14.5,1868.8,7720,0,0,1,1.0,0,,,,,https://www.openstreetmap.org/way/210680110
2442,w210680120,,West Goethe Street,55,-534.9,-2197.5,13.0,1874.0,7720,0,0,1,1.0,0,,,,,https://www.openstreetmap.org/way/210680120
2430,w210680108,,West Goethe Street,55,-535.1,-2203.7,12.5,1880.7,7720,0,0,1,1.0,0,,,,,https://www.openstreetmap.org/way/210680108
1777,w210679397,,North Dearborn Street,1224-1228,-495.2,-2225.2,19.0,1885.7,7720,0,0,1,1.0,0,,,,,https://www.openstreetmap.org/way/210679397
2418,w210680096,,West Goethe Street,55,-535.2,-2209.8,12.5,1886.3,7720,0,0,1,1.0,0,,,,,https://www.openstreetmap.org/way/210680096
2412,w210680090,,West Goethe Street,55,-555.8,-2208.1,12.5,1887.4,7720,0,0,1,1.0,0,,,,,https://www.openstreetmap.org/way/210680090
2881,w210680659,,,,-519.2,-2222.5,18.0,1888.9,7720,0,0,1,1.0,0,,,,,https://www.openstreetmap.org/way/210680659
2439,w210680117,,West Goethe Street,55,-562.9,-2207.9,12.5,1889.1,7720,0,0,1,1.0,0,,,,,https://www.openstreetmap.org/way/210680117
2441,w210680119,,West Goethe Street,55,-570.1,-2207.9,15.5,1890.9,7720,0,0,1,1.0,0,,,,,https://www.openstreetmap.org/way/210680119
2427,w210680105,,West Goethe Street,55,-535.4,-2216.4,13.0,1892.8,7720,0,0,1,1.0,0,,,,,https://www.openstreetmap.org/way/210680105
2420,w210680098,,West Goethe Street,55,-535.6,-2222.4,12.5,1899.2,7720,0,0,1,1.0,0,,,,,https://www.openstreetmap.org/way/210680098
1780,w210679401,,North Dearborn Street,1230,-498.8,-2235.4,18.5,1901.5,7720,0,0,1,1.0,0,,,,,https://www.openstreetmap.org/way/210679401
2434,w210680112,,West Goethe Street,55,-563.5,-2224.4,15.0,1907.1,7720,0,0,1,1.0,0,,,,,https://www.openstreetmap.org/way/210680112
1783,w210679404,,North Dearborn Street,1234,-495.7,-2243.0,16.0,1909.9,7720,0,0,1,1.0,0,,,,,https://www.openstreetmap.org/way/210679404
2429,w210680107,,West Goethe Street,55,-532.1,-2238.7,13.0,1911.2,7720,0,0,1,1.0,0,,,,,https://www.openstreetmap.org/way/210680107
2444,w210680122,,West Goethe Street,55,-538.9,-2238.6,13.0,1912.7,7720,0,0,1,1.0,0,,,,,https://www.openstreetmap.org/way/210680122
2414,w210680092,,West Goethe Street,55,-563.6,-2231.5,15.0,1914.0,7720,0,0,1,1.0,0,,,,,https://www.openstreetmap.org/way/210680092
2424,w210680102,,West Goethe Street,55,-546.0,-2238.5,12.5,1914.3,7720,0,0,1,1.0,0,,,,,https://www.openstreetmap.org/way/210680102
2846,w210680619,,,,-518.6,-2244.9,9.5,1915.7,7720,0,0,1,1.0,0,,,,,https://www.openstreetmap.org/way/210680619
1789,w210679410,Chabad of the Gold Coast,North Dearborn Street,1236,-500.1,-2252.8,14.0,1919.0,7720,0,0,1,1.0,0,,,,,https://www.openstreetmap.org/way/210679410
2405,w210680083,,West Goethe Street,55,-563.8,-2238.4,14.0,1920.9,7720,0,0,1,1.0,0,,,,,https://www.openstreetmap.org/way/210680083
1796,w210679417,,North Dearborn Street,1240,-494.0,-2260.5,47.0,1925.3,7720,0,0,1,1.0,0,,,,,https://www.openstreetmap.org/way/210679417
2833,w210680604,,,,-519.6,-2253.4,7.5,1925.3,7720,0,0,1,1.0,0,,,,,https://www.openstreetmap.org/way/210680604
2443,w210680121,,West Goethe Street,55,-564.0,-2245.5,14.5,1927.6,7720,0,0,1,1.0,0,,,,,https://www.openstreetmap.org/way/210680121
1565,w210679107,"Claridge House Chicago, Tapestry Collection by Hilton",North Dearborn Street,1244,-498.6,-2270.4,68.5,1931.4,7720,0,0,1,1.0,0,,,,,https://www.openstreetmap.org/way/210679107
2804,w210680573,,,,-519.6,-2260.9,25.5,1932.9,7720,0,0,1,1.0,0,,,,,https://www.openstreetmap.org/way/210680573
2436,w210680114,,West Goethe Street,55,-532.6,-2261.4,13.0,1933.4,7720,0,0,1,1.0,0,,,,,https://www.openstreetmap.org/way/210680114
2438,w210680116,,West Goethe Street,55,-564.2,-2252.7,14.5,1934.5,7720,0,0,1,1.0,0,,,,,https://www.openstreetmap.org/way/210680116
2422,w210680100,,West Goethe Street,55,-539.5,-2261.3,12.5,1934.9,7720,0,0,1,1.0,0,,,,,https://www.openstreetmap.org/way/210680100
2433,w210680111,,West Goethe Street,55,-546.5,-2261.3,12.5,1936.6,7720,0,0,1,1.0,0,,,,,https://www.openstreetmap.org/way/210680111
2428,w210680106,,West Goethe Street,55,-564.4,-2259.7,12.5,1941.5,7720,0,0,1,1.0,0,,,,,https://www.openstreetmap.org/way/210680106
1820,w210679442,1250 North Dearborn,North Dearborn Street,1250,-502.3,-2294.4,76.0,1946.2,7720,0,0,1,1.0,0,,,,,https://www.openstreetmap.org/way/210679442
2421,w210680099,,West Goethe Street,55,-564.5,-2266.6,15.0,1948.1,7720,0,0,1,1.0,0,,,,,https://www.openstreetmap.org/way/210680099
2417,w210680095,,West Goethe Street,55,-536.0,-2278.4,13.0,1953.0,7720,0,0,1,1.0,0,,,,,https://www.openstreetmap.org/way/210680095
2408,w210680086,,West Goethe Street,55,-564.7,-2273.6,14.5,1955.0,7720,0,0,1,1.0,0,,,,,https://www.openstreetmap.org/way/210680086
2404,w210680082,,West Goethe Street,55,-536.2,-2285.4,12.5,1959.6,7720,0,0,1,1.0,0,,,,,https://www.openstreetmap.org/way/210680082
2403,w210680081,,West Goethe Street,55,-564.9,-2280.6,13.0,1961.8,7720,0,0,1,1.0,0,,,,,https://www.openstreetmap.org/way/210680081
2407,w210680085,,West Goethe Street,55,-536.4,-2292.5,14.0,1966.8,7720,0,0,1,1.0,0,,,,,https://www.openstreetmap.org/way/210680085
2435,w210680113,,West Goethe Street,55,-536.5,-2298.9,12.5,1973.5,7720,0,0,1,1.0,0,,,,,https://www.openstreetmap.org/way/210680113
2437,w210680115,,West Goethe Street,55,-557.7,-2296.9,15.0,1974.2,7720,0,0,1,1.0,0,,,,,https://www.openstreetmap.org/way/210680115
2426,w210680104,,West Goethe Street,55,-565.0,-2296.8,15.0,1975.9,7720,0,0,1,1.0,0,,,,,https://www.openstreetmap.org/way/210680104
1837,w210679462,,North Dearborn Street,1260,-497.7,-2318.6,55.5,1976.0,7720,0,0,1,1.0,0,,,,,https://www.openstreetmap.org/way/210679462
2411,w210680089,,West Goethe Street,55,-572.1,-2296.6,16.0,1977.5,7720,0,0,1,1.0,0,,,,,https://www.openstreetmap.org/way/210680089
2431,w210680109,,West Goethe Street,55,-536.7,-2304.8,13.0,1979.1,7720,0,0,1,1.0,0,,,,,https://www.openstreetmap.org/way/210680109
2409,w210680087,,West Goethe Street,55,-536.9,-2311.0,13.5,1984.8,7720,0,0,1,1.0,0,,,,,https://www.openstreetmap.org/way/210680087
2415,w210680093,,West Goethe Street,55,-537.0,-2318.1,13.0,1991.2,7720,0,0,1,1.0,0,,,,,https://www.openstreetmap.org/way/210680093
2423,w210680101,,West Goethe Street,55,-558.0,-2319.7,15.5,1996.5,7720,0,0,1,1.0,0,,,,,https://www.openstreetmap.org/way/210680101
2425,w210680103,,West Goethe Street,55,-565.0,-2319.6,15.5,1998.0,7720,0,0,1,1.0,0,,,,,https://www.openstreetmap.org/way/210680103
2419,w210680097,,West Goethe Street,55,-537.2,-2325.4,13.0,1998.7,7720,0,0,1,1.0,0,,,,,https://www.openstreetmap.org/way/210680097
2410,w210680088,,West Goethe Street,55,-572.4,-2319.5,15.0,1999.7,7720,0,0,1,1.0,0,,,,,https://www.openstreetmap.org/way/210680088
1857,w210679482,Three Arts Club,North Dearborn Street,1306,-499.3,-2366.0,23.5,2011.0,7720,0,0,1,1.0,0,,,,,https://www.openstreetmap.org/way/210679482
1849,w210679474,,North Sutton Place,1301,-538.9,-2347.8,15.0,2021.0,7720,0,0,1,1.0,0,,,,,https://www.openstreetmap.org/way/210679474
1851,w210679476,,North Sutton Place,1302,-564.9,-2352.5,15.0,2027.2,7720,0,0,1,1.0,0,,,,,https://www.openstreetmap.org/way/210679476
1852,w210679477,,North Sutton Place,1303,-541.6,-2355.9,15.0,2028.0,7720,0,0,1,1.0,0,,,,,https://www.openstreetmap.org/way/210679477
1845,w210679470,,North Sutton Place,1300,-573.7,-2352.3,15.0,2028.9,7720,0,0,1,1.0,0,,,,,https://www.openstreetmap.org/way/210679470
1856,w210679481,,North Sutton Place,1305,-543.5,-2362.9,15.0,2035.0,7720,0,0,1,1.0,0,,,,,https://www.openstreetmap.org/way/210679481
1860,w210679485,,North Sutton Place,1307,-542.7,-2371.4,16.0,2042.2,7720,0,0,1,1.0,0,,,,,https://www.openstreetmap.org/way/210679485
1855,w210679480,,North Sutton Place,1304,-566.8,-2364.1,15.0,2044.8,7720,0,0,1,1.0,0,,,,,https://www.openstreetmap.org/way/210679480
1872,w210679497,,North Dearborn Street,1312,-506.6,-2382.2,21.0,2045.1,7720,0,0,1,1.0,0,,,,,https://www.openstreetmap.org/way/210679497
1859,w210679484,,North Sutton Place,1306,-570.1,-2368.9,15.5,2048.9,7720,0,0,1,1.0,0,,,,,https://www.openstreetmap.org/way/210679484
1864,w210679489,,North Sutton Place,1309,-540.8,-2378.7,15.5,2049.6,7720,0,0,1,1.0,0,,,,,https://www.openstreetmap.org/way/210679489
1876,w210679502,,North Dearborn Street,1314,-496.6,-2390.8,22.0,2052.6,7720,0,0,1,1.0,0,,,,,https://www.openstreetmap.org/way/210679502
1863,w210679488,,North Sutton Place,1308,-567.2,-2375.2,15.0,2054.8,7720,0,0,1,1.0,0,,,,,https://www.openstreetmap.org/way/210679488
2795,w210680563,,,,-520.3,-2389.6,20.5,2057.3,7720,0,0,1,1.0,0,,,,,https://www.openstreetmap.org/way/210680563
1882,w210679508,,North Dearborn Street,1316,-495.4,-2397.8,18.0,2060.0,7720,0,0,1,1.0,0,,,,,https://www.openstreetmap.org/way/210679508
1869,w210679494,,North Sutton Place,1310,-570.4,-2380.7,15.0,2060.6,7720,0,0,1,1.0,0,,,,,https://www.openstreetmap.org/way/210679494
1870,w210679495,,North Sutton Place,1311,-543.4,-2388.3,16.0,2060.9,7720,0,0,1,1.0,0,,,,,https://www.openstreetmap.org/way/210679495
2885,w210680664,,,,-523.1,-2398.2,20.5,2066.1,7720,0,0,1,1.0,0,,,,,https://www.openstreetmap.org/way/210680664
1874,w210679500,,North Sutton Place,1312,-567.4,-2387.8,15.5,2066.6,7720,0,0,1,1.0,0,,,,,https://www.openstreetmap.org/way/210679500
2837,w210680609,,,,-605.0,-2376.7,13.0,2067.0,7720,0,0,1,1.0,0,,,,,https://www.openstreetmap.org/way/210680609
1894,w210679520,,North Dearborn Street,1320,-501.8,-2406.1,17.5,2067.1,7720,0,0,1,1.0,0,,,,,https://www.openstreetmap.org/way/210679520
1879,w210679505,,North Clark Street,1315,-618.2,-2376.8,16.5,2069.0,7720,0,0,1,1.0,0,,,,,https://www.openstreetmap.org/way/210679505
1875,w210679501,,North Sutton Place,1313,-541.3,-2395.9,16.5,2069.3,7720,0,0,1,1.0,0,,,,,https://www.openstreetmap.org/way/210679501
1878,w210679504,,North Sutton Place,1314,-569.7,-2394.6,15.5,2073.5,7720,0,0,1,1.0,0,,,,,https://www.openstreetmap.org/way/210679504
2842,w210680615,,,,-523.1,-2404.7,18.5,2073.6,7720,0,0,1,1.0,0,,,,,https://www.openstreetmap.org/way/210680615
1885,w210679511,,North Clark Street,1317,-618.5,-2383.0,13.5,2074.8,7720,0,0,1,1.0,0,,,,,https://www.openstreetmap.org/way/210679511
1900,w210679527,,North Dearborn Street,1322,-494.2,-2412.8,16.5,2074.8,7720,0,0,1,1.0,0,,,,,https://www.openstreetmap.org/way/210679527
1880,w210679506,,North Sutton Place,1315,-543.4,-2403.6,15.5,2076.2,7720,0,0,1,1.0,0,,,,,https://www.openstreetmap.org/way/210679506
1891,w210679517,,North Sandburg Terrace,1319,-618.6,-2389.4,14.0,2080.9,7720,0,0,1,1.0,0,,,,,https://www.openstreetmap.org/way/210679517
2860,w210680635,,,,-523.3,-2412.7,14.5,2081.3,7720,0,0,1,1.0,0,,,,,https://www.openstreetmap.org/way/210680635
1904,w210679531,,North Dearborn Street,1324,-493.8,-2420.9,15.0,2082.4,7720,0,0,1,1.0,0,,,,,https://www.openstreetmap.org/way/210679531
1886,w210679512,,North Sutton Place,1317,-542.7,-2413.3,15.5,2083.8,7720,0,0,1,1.0,0,,,,,https://www.openstreetmap.org/way/210679512
1883,w210679509,,North Sutton Place,1316,-563.3,-2407.2,15.0,2084.8,7720,0,0,1,1.0,0,,,,,https://www.openstreetmap.org/way/210679509
1890,w210679516,,North Sutton Place,1318,-568.4,-2407.2,15.5,2085.2,7720,0,0,1,1.0,0,,,,,https://www.openstreetmap.org/way/210679516
2192,w210679842,,North Sutton Place,320,-574.0,-2406.7,15.0,2086.6,7720,0,0,1,1.0,0,,,,,https://www.openstreetmap.org/way/210679842
1896,w210679522,,North Sandburg Terrace,1321,-620.0,-2396.6,13.0,2087.3,7720,0,0,1,1.0,0,,,,,https://www.openstreetmap.org/way/210679522
2863,w210680639,,,,-523.8,-2420.3,16.0,2089.0,7720,0,0,1,1.0,0,,,,,https://www.openstreetmap.org/way/210680639
1902,w210679529,,North Sandburg Terrace,1323,-618.0,-2402.4,12.5,2093.5,7720,0,0,1,1.0,0,,,,,https://www.openstreetmap.org/way/210679529
1903,w210679530,,North Sutton Place,1323,-537.3,-2424.4,15.5,2096.1,7720,0,0,1,1.0,0,,,,,https://www.openstreetmap.org/way/210679530
1897,w210679523,,North Sutton Place,1321,-542.8,-2425.1,15.5,2097.6,7720,0,0,1,1.0,0,,,,,https://www.openstreetmap.org/way/210679523
1892,w210679518,,North Sutton Place,1319,-547.9,-2425.0,15.5,2097.9,7720,0,0,1,1.0,0,,,,,https://www.openstreetmap.org/way/210679518
1922,w210679549,,North Dearborn Street,1330,-496.7,-2443.3,51.0,2098.2,7720,0,0,1,1.0,0,,,,,https://www.openstreetmap.org/way/210679549
1908,w210679535,,North Sandburg Terrace,1325,-618.2,-2408.8,12.5,2099.7,7720,0,0,1,1.0,0,,,,,https://www.openstreetmap.org/way/210679535
3342,w547465900,,,,-512.0,-2443.0,26.0,2101.3,7720,0,0,1,1.0,0,,,,,https://www.openstreetmap.org/way/547465900
1901,w210679528,,North Sutton Place,1322,-563.7,-2432.1,15.5,2105.0,7720,0,0,1,1.0,0,,,,,https://www.openstreetmap.org/way/210679528
1914,w210679541,,North Sandburg Terrace,1327,-618.4,-2415.2,13.5,2105.9,7720,0,0,1,1.0,0,,,,,https://www.openstreetmap.org/way/210679541
1905,w210679532,,North Sutton Place,1324,-568.9,-2431.9,15.0,2106.3,7720,0,0,1,1.0,0,,,,,https://www.openstreetmap.org/way/210679532
1912,w210679539,,North Sutton Place,1326,-574.4,-2432.7,15.0,2107.7,7720,0,0,1,1.0,0,,,,,https://www.openstreetmap.org/way/210679539
1918,w210679545,,North Sandburg Terrace,1329,-619.5,-2425.5,14.0,2116.0,7720,0,0,1,1.0,0,,,,,https://www.openstreetmap.org/way/210679545
1910,w210679537,,North Sutton Place,1325,-544.8,-2448.0,17.0,2116.5,7720,0,0,1,1.0,0,,,,,https://www.openstreetmap.org/way/210679537
1948,w210679576,,North Dearborn Street,1340,-498.4,-2462.4,52.0,2118.4,7720,0,0,1,1.0,0,,,,,https://www.openstreetmap.org/way/210679576
1917,w210679544,,North Sutton Place,1328,-568.5,-2442.5,15.5,2121.5,7720,0,0,1,1.0,0,,,,,https://www.openstreetmap.org/way/210679544
3341,w547465898,,,,-517.3,-2464.2,47.0,2121.8,7720,0,0,1,1.0,0,,,,,https://www.openstreetmap.org/way/547465898
1925,w210679552,,North Sandburg Terrace,1331,-619.6,-2432.0,12.5,2122.5,7720,0,0,1,1.0,0,,,,,https://www.openstreetmap.org/way/210679552
1921,w210679548,,North Clark Street,1330,-571.8,-2446.8,15.5,2125.7,7720,0,0,1,1.0,0,,,,,https://www.openstreetmap.org/way/210679548
1915,w210679542,,North Sutton Place,1327,-540.6,-2455.3,17.0,2126.3,7720,0,0,1,1.0,0,,,,,https://www.openstreetmap.org/way/210679542
1930,w210679557,,North Sandburg Terrace,1333,-619.7,-2438.3,13.0,2128.7,7720,0,0,1,1.0,0,,,,,https://www.openstreetmap.org/way/210679557
1928,w210679555,,North Clark Street,1332,-572.0,-2453.5,15.5,2131.9,7720,0,0,1,1.0,0,,,,,https://www.openstreetmap.org/way/210679555
1935,w210679562,,North Sandburg Terrace,1335,-618.5,-2444.8,13.5,2134.9,7720,0,0,1,1.0,0,,,,,https://www.openstreetmap.org/way/210679562
1920,w210679547,,North Sutton Place,1329,-541.8,-2463.6,15.5,2135.2,7720,0,0,1,1.0,0,,,,,https://www.openstreetmap.org/way/210679547
1933,w210679560,,North Sutton Place,1334,-571.4,-2461.5,15.5,2137.8,7720,0,0,1,1.0,0,,,,,https://www.openstreetmap.org/way/210679560
1927,w210679554,,North Sutton Place,1331,-543.5,-2471.0,17.0,2140.6,7720,0,0,1,1.0,0,,,,,https://www.openstreetmap.org/way/210679554
3340,w547465896,,,,-516.4,-2486.3,28.5,2142.6,7720,0,0,1,1.0,0,,,,,https://www.openstreetmap.org/way/547465896
1938,w210679565,,North Clark Street,1336,-571.5,-2466.9,15.5,2145.0,7720,0,0,1,1.0,0,,,,,https://www.openstreetmap.org/way/210679565
1941,w210679568,,North Clark Street,1338,-569.3,-2472.8,15.5,2150.2,7720,0,0,1,1.0,0,,,,,https://www.openstreetmap.org/way/210679568
1931,w210679558,,North Sutton Place,1333,-545.7,-2481.8,16.0,2150.7,7720,0,0,1,1.0,0,,,,,https://www.openstreetmap.org/way/210679558
2923,w210684370,Dickinson House,North Sandburg Terrace,1355,-624.9,-2481.7,83.5,2151.0,7720,0,1,1,1.0,0,,,,,https://www.openstreetmap.org/way/210684370
1947,w210679575,,North Clark Street,1340,-571.8,-2479.4,15.5,2156.2,7720,0,0,1,1.0,0,,,,,https://www.openstreetmap.org/way/210679575
2927,w210684380,,North Sutton Place,1335,-543.4,-2490.4,16.5,2160.9,7720,0,0,1,1.0,0,,,,,https://www.openstreetmap.org/way/210684380
3343,w547465902,,,,-523.9,-2500.7,7.5,2167.6,7720,0,0,1,1.0,0,,,,,https://www.openstreetmap.org/way/547465902
2931,w210684384,,North Clark Street,1342,-565.4,-2492.1,15.0,2167.9,7720,0,0,1,1.0,0,,,,,https://www.openstreetmap.org/way/210684384
2933,w210684386,,North Clark Street,1344,-570.2,-2491.9,15.0,2168.2,7720,0,0,1,1.0,0,,,,,https://www.openstreetmap.org/way/210684386
2935,w210684388,,North Clark Street,1346,-576.0,-2491.4,15.0,2169.5,7720,0,0,1,1.0,0,,,,,https://www.openstreetmap.org/way/210684388
2928,w210684381,,North Sutton Place,1337,-544.2,-2500.6,16.0,2169.8,7720,0,0,1,1.0,0,,,,,https://www.openstreetmap.org/way/210684381
2929,w210684382,,North Sutton Place,1339,-545.6,-2506.9,15.5,2176.7,7720,0,0,1,1.0,0,,,,,https://www.openstreetmap.org/way/210684382
3052,w210686410,,,,-525.2,-2512.9,10.5,2179.9,7720,0,0,1,1.0,0,,,,,https://www.openstreetmap.org/way/210686410
2930,w210684383,,North Sutton Place,1341,-542.5,-2514.6,15.5,2184.0,7720,0,0,1,1.0,0,,,,,https://www.openstreetmap.org/way/210684383
2939,w210684392,,North Sutton Place,1348,-560.3,-2517.7,15.0,2186.5,7720,0,0,1,1.0,0,,,,,https://www.openstreetmap.org/way/210684392
3344,w547465903,,,,-523.3,-2521.1,13.5,2186.9,7720,0,0,1,1.0,0,,,,,https://www.openstreetmap.org/way/547465903
2948,w210684401,,North Sutton Place,1350,-565.9,-2516.8,15.0,2187.8,7720,0,0,1,1.0,0,,,,,https://www.openstreetmap.org/way/210684401
2952,w210684406,,North Sutton Place,1352,-571.2,-2517.4,15.0,2189.1,7720,0,0,1,1.0,0,,,,,https://www.openstreetmap.org/way/210684406
2955,w210684409,,North Sutton Place,1354,-576.9,-2516.6,15.0,2190.5,7720,0,0,1,1.0,0,,,,,https://www.openstreetmap.org/way/210684409
2932,w210684385,,North Sutton Place,1343,-545.3,-2522.8,16.0,2191.3,7720,0,0,1,1.0,0,,,,,https://www.openstreetmap.org/way/210684385
3345,w547465904,,,,-524.8,-2530.2,13.5,2194.2,7720,0,0,1,1.0,0,,,,,https://www.openstreetmap.org/way/547465904
3048,w210686244,Sutton Place,North Sutton Place,1300-1354,-538.4,-2530.9,9.5,2199.8,7720,0,0,1,1.0,0,,,,,https://www.openstreetmap.org/way/210686244
3346,w547465906,,,,-526.0,-2540.1,47.5,2203.9,7720,0,0,1,1.0,0,,,,,https://www.openstreetmap.org/way/547465906
2922,w210684369,Cummings House,North Sandburg Terrace,1360,-658.1,-2526.7,83.5,2208.3,7720,0,1,1,1.0,0,,,,,https://www.openstreetmap.org/way/210684369
3043,w210686201,,West Schiller Street,59,-555.6,-2544.7,15.5,2211.9,7720,0,0,1,1.0,0,,,,,https://www.openstreetmap.org/way/210686201
3044,w210686204,,West Schiller Street,61,-561.0,-2544.6,15.5,2212.9,7720,0,0,1,1.0,0,,,,,https://www.openstreetmap.org/way/210686204
3045,w210686206,,West Schiller Street,63,-566.8,-2544.4,15.5,2213.9,7720,0,0,1,1.0,0,,,,,https://www.openstreetmap.org/way/210686206
3040,w210686193,,West Schiller Street,53,-538.5,-2548.1,16.0,2214.4,7720,0,0,1,1.0,0,,,,,https://www.openstreetmap.org/way/210686193
3041,w210686195,,West Schiller Street,55,-544.4,-2547.9,15.0,2215.5,7720,0,0,1,1.0,0,,,,,https://www.openstreetmap.org/way/210686195
3042,w210686198,,West Schiller Street,57,-550.1,-2547.8,15.0,2216.5,7720,0,0,1,1.0,0,,,,,https://www.openstreetmap.org/way/210686198
3046,w210686208,,West Schiller Street,65,-571.9,-2541.9,13.5,2216.6,7720,0,0,1,1.0,0,,,,,https://www.openstreetmap.org/way/210686208
3047,w210686209,,West Schiller Street,67,-577.6,-2541.3,11.5,2217.8,7720,0,0,1,1.0,0,,,,,https://www.openstreetmap.org/way/210686209
2983,w210684437,,North Sandburg Terrace,1401,-623.1,-2576.2,14.0,2263.1,7720,0,0,1,1.0,0,,,,,https://www.openstreetmap.org/way/210684437
2995,w210684467,,North Sandburg Terrace,1403,-621.8,-2582.0,15.0,2269.1,7720,0,0,1,1.0,0,,,,,https://www.openstreetmap.org/way/210684467
2926,w210684378,,West Schiller Street,118-134,-678.0,-2579.9,17.0,2275.7,7720,0,0,1,1.0,0,,,,,https://www.openstreetmap.org/way/210684378
2981,w210684435,,North Sandburg Terrace,1400-1430,-669.6,-2622.2,20.5,2276.3,7720,0,0,1,1.0,0,,,,,https://www.openstreetmap.org/way/210684435
706,w159142376,"James F. Maguire, S.J. Hall",East Pearson Street,1,-284.1,-1388.7,28.0,1016.2,7725,0,0,1,1.0,0,,,,,https://www.openstreetmap.org/way/159142376
2763,w210680519,,East Chestnut Street,6,-300.5,-1524.6,23.0,1162.9,7725,0,0,1,1.0,0,,,,,https://www.openstreetmap.org/way/210680519
1971,w210679600,Hopsmith,West Division Street,15,-411.5,-2106.3,12.0,1749.7,7725,0,0,1,1.0,0,,,,,https://www.openstreetmap.org/way/210679600
1953,w210679581,,North Dearborn Street,1344,-497.3,-2488.9,58.0,2139.5,7725,0,0,1,1.0,0,,,,,https://www.openstreetmap.org/way/210679581
3900,w210680523,The Fordham,East Superior Street,11-25,-239.3,-1174.1,174.0,772.8,7730,0,1,1,1.0,0,,,,,https://www.openstreetmap.org/way/210680523
80,w75684994,Holy Name Cathedral,North State Street,731-735,-255.2,-1243.8,51.5,863.0,7730,0,0,1,1.0,0,,,,,https://www.openstreetmap.org/way/75684994
2584,w210680301,,East Chestnut Street,8,-287.8,-1525.0,23.0,1161.5,7730,0,0,1,1.0,0,,,,,https://www.openstreetmap.org/way/210680301
1735,w210679332,,West Maple Street,12-14,-374.2,-1918.3,21.0,1562.9,7730,0,0,1,1.0,0,,,,,https://www.openstreetmap.org/way/210679332
3260,w445817830,Viceroy Chicago,North State Street,1118,-378.1,-1956.2,65.0,1595.4,7730,0,0,1,1.0,0,,,,,https://www.openstreetmap.org/way/445817830
1962,w210679591,Elm Tower,West Elm Street,14,-402.5,-2072.8,61.5,1708.0,7730,0,0,1,1.0,0,,,,,https://www.openstreetmap.org/way/210679591
1746,w210679345,,North Dearborn Street,1201-1207,-431.1,-2158.2,12.5,1795.7,7730,0,0,1,1.0,0,,,,,https://www.openstreetmap.org/way/210679345
2777,w210680538,Towers Condominium,North Dearborn Street,1221,-436.1,-2206.9,57.0,1840.8,7730,0,0,1,1.0,0,,,,,https://www.openstreetmap.org/way/210680538
1785,w210679406,,North Dearborn Street,1235,-437.3,-2247.3,17.5,1901.5,7730,0,0,1,1.0,0,,,,,https://www.openstreetmap.org/way/210679406
1791,w210679412,,North Dearborn Street,1237,-440.1,-2254.7,17.0,1909.0,7730,0,0,1,1.0,0,,,,,https://www.openstreetmap.org/way/210679412
1793,w210679414,,North Dearborn Street,1239,-437.8,-2262.4,18.0,1916.5,7730,0,0,1,1.0,0,,,,,https://www.openstreetmap.org/way/210679414
2945,w210684398,,North Dearborn Street,1350,-495.1,-2501.3,13.5,2161.9,7730,0,0,1,1.0,0,,,,,https://www.openstreetmap.org/way/210684398
2954,w210684408,,North Dearborn Street,1354,-497.4,-2509.0,13.0,2168.5,7730,0,0,1,1.0,0,,,,,https://www.openstreetmap.org/way/210684408
2958,w210684412,,North Dearborn Street,1356,-499.0,-2514.3,14.5,2175.2,7730,0,0,1,1.0,0,,,,,https://www.openstreetmap.org/way/210684412
2961,w210684415,,North Dearborn Street,1358,-493.9,-2520.7,15.0,2181.1,7730,0,0,1,1.0,0,,,,,https://www.openstreetmap.org/way/210684415
2966,w210684420,,North Dearborn Street,1360-1362,-498.5,-2526.8,20.5,2187.4,7730,0,0,1,1.0,0,,,,,https://www.openstreetmap.org/way/210684420
2968,w210684422,,North Dearborn Street,1362,-500.8,-2540.6,32.0,2197.7,7730,0,0,1,1.0,0,,,,,https://www.openstreetmap.org/way/210684422
2975,w210684429,,North Dearborn Street,1366,-511.2,-2551.6,49.0,2209.5,7730,0,0,1,1.0,0,,,,,https://www.openstreetmap.org/way/210684429
3408,w686333247,Homewood Suites by Hilton Chicago Downtown,East Grand Avenue,40,-153.0,-789.9,74.5,406.4,7735,0,0,1,1.0,0,,,,,https://www.openstreetmap.org/way/686333247
2320,w210679989,,East Ohio Street,43,-153.7,-822.6,27.5,425.7,7735,0,0,1,1.0,0,,,,,https://www.openstreetmap.org/way/210679989
689,w158621261,,North Wabash Avenue,615,-162.8,-910.0,12.0,529.1,7735,0,0,1,1.0,0,,,,,https://www.openstreetmap.org/way/158621261
693,w158621267,Su Casa Mexican Restaurant,East Ontario Street,49,-150.1,-929.4,15.0,546.9,7735,0,0,1,1.0,0,,,,,https://www.openstreetmap.org/way/158621267
700,w158621280,Pizzeria Due,North Wabash Avenue,619,-168.0,-925.6,16.5,549.4,7735,0,0,1,1.0,0,,,,,https://www.openstreetmap.org/way/158621280
2280,w210679943,Nickerson House,East Erie Street,40,-177.1,-1060.8,22.0,677.3,7735,0,0,1,1.0,0,,,,,https://www.openstreetmap.org/way/210679943
78,w75684991,,North Wabash Avenue,730,-219.6,-1238.6,27.5,859.6,7735,0,0,1,1.0,0,,,,,https://www.openstreetmap.org/way/75684991
77,w75684989,,North Wabash Avenue,750,-225.6,-1287.1,16.0,909.0,7735,0,0,1,1.0,0,,,,,https://www.openstreetmap.org/way/75684989
2016,w210679648,,East Chicago Avenue,20-24,-242.4,-1359.3,72.5,977.2,7735,0,0,1,1.0,0,,,,,https://www.openstreetmap.org/way/210679648
708,w159142383,,East Pearson Street,15-17,-257.6,-1395.3,71.0,1018.0,7735,0,0,1,1.0,0,,,,,https://www.openstreetmap.org/way/159142383
711,w159307462,,East Pearson Street,18,-255.0,-1442.4,21.0,1066.7,7735,0,0,1,1.0,0,,,,,https://www.openstreetmap.org/way/159307462
3401,w686184386,John and Kathy Schreiber Center,East Pearson Street,16,-284.8,-1444.9,52.0,1070.4,7735,0,0,1,1.0,0,,,,,https://www.openstreetmap.org/way/686184386
3182,w304102906,State & Chestnut,North State Street,845,-275.8,-1477.4,123.5,1102.8,7735,0,1,1,1.0,0,,,,,https://www.openstreetmap.org/way/304102906
3899,w210680482,One East Delaware,East Delaware Place,1-11,-289.1,-1546.3,117.5,1158.0,7735,0,1,1,1.0,0,,,,,https://www.openstreetmap.org/way/210680482
234,w144124763,,East Delaware Place,10,-284.7,-1624.1,126.5,1248.1,7735,0,1,1,0.9788,0,,,,,https://www.openstreetmap.org/way/144124763
1734,w210679331,,East Walton Street,12,-284.1,-1711.5,22.0,1335.3,7735,0,0,1,1.0,0,,,,,https://www.openstreetmap.org/way/210679331
2684,w210680416,,North State Street,933,-299.0,-1710.7,12.0,1338.4,7735,0,0,1,1.0,0,,,,,https://www.openstreetmap.org/way/210680416
2689,w210680425,,North State Street,941-945,-300.9,-1735.4,22.0,1367.0,7735,0,0,1,1.0,0,,,,,https://www.openstreetmap.org/way/210680425
2691,w210680427,,North State Street,947-951,-301.2,-1753.4,23.0,1384.1,7735,0,0,1,1.0,0,,,,,https://www.openstreetmap.org/way/210680427
1609,w210679178,,North State Street,1000,-345.6,-1792.4,22.0,1436.8,7735,0,0,1,1.0,0,,,,,https://www.openstreetmap.org/way/210679178
1610,w210679179,,North State Street,1000,-346.8,-1799.6,22.0,1443.7,7735,0,0,1,1.0,0,,,,,https://www.openstreetmap.org/way/210679179
1608,w210679177,,North State Street,1000,-346.8,-1806.7,22.0,1450.9,7735,0,0,1,1.0,0,,,,,https://www.openstreetmap.org/way/210679177
1606,w210679175,,North State Street,1000,-346.9,-1814.1,22.0,1457.5,7735,0,0,1,1.0,0,,,,,https://www.openstreetmap.org/way/210679175
1607,w210679176,,North State Street,1000,-346.9,-1821.5,22.0,1465.3,7735,0,0,1,1.0,0,,,,,https://www.openstreetmap.org/way/210679176
1614,w210679183,,North State Street,1000,-346.9,-1828.4,22.0,1472.1,7735,0,0,1,1.0,0,,,,,https://www.openstreetmap.org/way/210679183
1611,w210679180,,North State Street,1000,-347.0,-1835.7,22.0,1478.9,7735,0,0,1,1.0,0,,,,,https://www.openstreetmap.org/way/210679180
1652,w210679228,Dublin's Bar and Grill,North State Street,1040;1050,-344.1,-1884.8,14.0,1524.6,7735,0,0,1,1.0,0,,,,,https://www.openstreetmap.org/way/210679228
3223,w380663491,Urban Outfitters,North State Street,1100,-355.1,-1925.6,20.0,1557.4,7735,0,0,1,1.0,0,,,,,https://www.openstreetmap.org/way/380663491
1680,w210679260,,North State Street,1118,-345.0,-1940.0,18.5,1580.9,7735,0,0,1,1.0,0,,,,,https://www.openstreetmap.org/way/210679260
1595,w210679164,10 West Elm,West Elm Street,10,-378.3,-2070.1,68.0,1703.8,7735,0,0,1,1.0,0,,,,,https://www.openstreetmap.org/way/210679164
1724,w210679320,,North State Street,1160-1166,-372.4,-2101.7,11.0,1736.7,7735,0,0,1,1.0,0,,,,,https://www.openstreetmap.org/way/210679320
2663,w210680392,,West Division Street,9,-384.3,-2105.0,44.0,1740.2,7735,0,0,1,1.0,0,,,,,https://www.openstreetmap.org/way/210680392
1667,w210679244,,West Division Street,11-13,-400.2,-2103.8,44.0,1742.2,7735,0,0,1,1.0,0,,,,,https://www.openstreetmap.org/way/210679244
3491,w808086573,Gild,North State Parkway,1210,-378.9,-2163.2,15.0,1789.5,7735,0,0,1,1.0,0,,,,,https://www.openstreetmap.org/way/808086573
3618,w1224622589,,,,-398.6,-2162.9,29.5,1793.7,7735,0,0,1,1.0,0,,,,,https://www.openstreetmap.org/way/1224622589
1769,w210679388,Canterbury Court Apartments,North State Parkway,1220,-391.4,-2195.2,58.0,1836.2,7735,0,0,1,1.0,0,,,,,https://www.openstreetmap.org/way/210679388
3325,w545491116,,,,-388.3,-2225.9,86.5,1855.1,7735,0,1,1,1.0,0,,,,,https://www.openstreetmap.org/way/545491116
2756,w210680512,State Tower,North State Parkway,1230,-385.9,-2228.6,86.5,1865.0,7735,0,1,1,1.0,0,,,,,https://www.openstreetmap.org/way/210680512
1784,w210679405,,North State Parkway,1234,-380.3,-2247.9,16.0,1891.6,7735,0,0,1,1.0,0,,,,,https://www.openstreetmap.org/way/210679405
2798,w210680566,,,,-403.1,-2247.4,5.5,1896.2,7735,0,0,1,1.0,0,,,,,https://www.openstreetmap.org/way/210680566
1790,w210679411,,North State Parkway,1236,-380.6,-2254.7,16.5,1898.2,7735,0,0,1,1.0,0,,,,,https://www.openstreetmap.org/way/210679411
3355,w547731229,,,,-416.4,-2247.9,10.5,1898.9,7735,0,0,1,1.0,0,,,,,https://www.openstreetmap.org/way/547731229
2814,w210680583,,,,-403.0,-2253.5,7.0,1902.3,7735,0,0,1,1.0,0,,,,,https://www.openstreetmap.org/way/210680583
1792,w210679413,,North State Parkway,1238,-380.8,-2261.6,15.5,1905.1,7735,0,0,1,1.0,0,,,,,https://www.openstreetmap.org/way/210679413
3354,w547731228,,,,-416.5,-2255.7,9.0,1906.4,7735,0,0,1,1.0,0,,,,,https://www.openstreetmap.org/way/547731228
2864,w210680640,,,,-403.9,-2260.6,8.0,1908.9,7735,0,0,1,1.0,0,,,,,https://www.openstreetmap.org/way/210680640
1799,w210679420,,North State Parkway,1240,-381.1,-2268.5,16.0,1911.9,7735,0,0,1,1.0,0,,,,,https://www.openstreetmap.org/way/210679420
3353,w547731227,,,,-416.7,-2262.9,17.0,1913.6,7735,0,0,1,1.0,0,,,,,https://www.openstreetmap.org/way/547731227
2821,w210680591,,,,-404.2,-2267.6,8.0,1915.9,7735,0,0,1,1.0,0,,,,,https://www.openstreetmap.org/way/210680591
1805,w210679427,,North State Parkway,1242,-381.4,-2275.3,15.5,1918.8,7735,0,0,1,1.0,0,,,,,https://www.openstreetmap.org/way/210679427
1801,w210679422,,North Dearborn Street,1241,-433.1,-2270.6,18.0,1921.5,7735,0,0,1,1.0,0,,,,,https://www.openstreetmap.org/way/210679422
2825,w210680595,,,,-404.4,-2274.6,9.0,1922.6,7735,0,0,1,1.0,0,,,,,https://www.openstreetmap.org/way/210680595
1809,w210679431,,North State Parkway,1244,-381.6,-2282.2,16.0,1925.5,7735,0,0,1,1.0,0,,,,,https://www.openstreetmap.org/way/210679431
2802,w210680571,,,,-417.6,-2281.5,13.0,1927.9,7735,0,0,1,1.0,0,,,,,https://www.openstreetmap.org/way/210680571
2824,w210680594,,,,-404.5,-2281.8,7.5,1929.7,7735,0,0,1,1.0,0,,,,,https://www.openstreetmap.org/way/210680594
1811,w210679433,,North Dearborn Street,1245,-442.0,-2277.0,15.5,1931.0,7735,0,0,1,1.0,0,,,,,https://www.openstreetmap.org/way/210679433
1814,w210679436,,North State Parkway,1246,-381.9,-2289.0,15.5,1932.3,7735,0,0,1,1.0,0,,,,,https://www.openstreetmap.org/way/210679436
2887,w210680667,,,,-405.4,-2289.4,10.0,1936.4,7735,0,0,1,1.0,0,,,,,https://www.openstreetmap.org/way/210680667
1816,w210679438,,North Dearborn Street,1247,-435.9,-2285.0,15.0,1937.0,7735,0,0,1,1.0,0,,,,,https://www.openstreetmap.org/way/210679438
1822,w210679445,,North State Parkway,1250,-382.1,-2295.9,16.5,1939.1,7735,0,0,1,1.0,0,,,,,https://www.openstreetmap.org/way/210679445
1669,w210679246,,West Goethe Street,11-21,-426.4,-2316.5,57.0,1942.8,7735,0,0,1,1.0,0,,,,,https://www.openstreetmap.org/way/210679246
2845,w210680618,,,,-404.5,-2295.2,9.0,1943.4,7735,0,0,1,1.0,0,,,,,https://www.openstreetmap.org/way/210680618
2861,w210680636,,,,-405.4,-2302.0,7.5,1950.4,7735,0,0,1,1.0,0,,,,,https://www.openstreetmap.org/way/210680636
2773,w210680534,The Whitney,North Dearborn Street,1301,-445.5,-2378.6,57.0,1998.7,7735,0,0,1,1.0,0,,,,,https://www.openstreetmap.org/way/210680534
3347,w547469409,,,,-405.2,-2386.0,43.0,2026.0,7735,0,0,1,1.0,0,,,,,https://www.openstreetmap.org/way/547469409
1909,w210679536,,North Dearborn Street,1325,-439.8,-2419.3,16.0,2069.9,7735,0,0,1,1.0,0,,,,,https://www.openstreetmap.org/way/210679536
1913,w210679540,,North Dearborn Street,1327,-442.5,-2426.5,20.0,2078.0,7735,0,0,1,1.0,0,,,,,https://www.openstreetmap.org/way/210679540
1919,w210679546,,North Dearborn Street,1329,-445.0,-2437.2,20.0,2086.1,7735,0,0,1,1.0,0,,,,,https://www.openstreetmap.org/way/210679546
1926,w210679553,,North Dearborn Street,1331,-445.7,-2442.5,19.5,2094.4,7735,0,0,1,1.0,0,,,,,https://www.openstreetmap.org/way/210679553
1936,w210679563,,North Dearborn Street,1335,-446.6,-2452.1,20.5,2102.0,7735,0,0,1,1.0,0,,,,,https://www.openstreetmap.org/way/210679563
1940,w210679567,,North Dearborn Street,1337,-434.3,-2459.9,42.5,2107.3,7735,0,0,1,1.0,0,,,,,https://www.openstreetmap.org/way/210679567
3727,r7819505,,North Dearborn Street,1339,-427.5,-2474.5,48.0,2114.3,7735,0,0,1,1.0,0,,,,,https://www.openstreetmap.org/relation/7819505
2937,w210684390,,North Dearborn Street,1347,-446.2,-2495.8,22.5,2141.1,7735,0,0,1,1.0,0,,,,,https://www.openstreetmap.org/way/210684390
2956,w210684410,,North Dearborn Street,1355,-439.4,-2514.7,20.0,2152.8,7735,0,0,1,1.0,0,,,,,https://www.openstreetmap.org/way/210684410
2973,w210684427,,North Dearborn Street,1365,-433.0,-2531.4,27.0,2169.7,7735,0,0,1,1.0,0,,,,,https://www.openstreetmap.org/way/210684427
3024,w210685829,,West Schiller Street,22,-443.3,-2568.3,15.5,2217.5,7735,0,0,1,1.0,0,,,,,https://www.openstreetmap.org/way/210685829
3000,w210684472,,North Dearborn Street,1405,-452.8,-2577.6,15.0,2228.3,7735,0,0,1,1.0,0,,,,,https://www.openstreetmap.org/way/210684472
3002,w210684476,,North Dearborn Street,1407,-450.1,-2585.2,17.0,2235.5,7735,0,0,1,1.0,0,,,,,https://www.openstreetmap.org/way/210684476
3034,w210686049,,West Schiller Street,40-50,-507.6,-2594.3,23.5,2235.7,7735,0,0,1,1.0,0,,,,,https://www.openstreetmap.org/way/210686049
2364,w210680034,John A. Murphy Memorial Auditorium,East Erie Street,50,-151.9,-1058.7,29.0,675.9,7740,0,0,1,1.0,0,,,,,https://www.openstreetmap.org/way/210680034
3897,w210679944,30 East Huron Private Residences,East Huron Street,30,-179.2,-1149.5,167.0,765.6,7740,0,1,1,1.0,0,,,,,https://www.openstreetmap.org/way/210679944
3911,w220527044,,East Huron Street,30,-166.6,-1165.5,166.5,765.6,7740,0,1,1,1.0,0,,,,,https://www.openstreetmap.org/way/220527044
2331,w210680000,,East Superior Street,44-46,-170.6,-1237.3,14.0,857.1,7740,0,0,1,1.0,0,,,,,https://www.openstreetmap.org/way/210680000
2306,w210679974,,East Superior Street,42,-180.2,-1242.0,14.5,860.8,7740,0,0,1,1.0,0,,,,,https://www.openstreetmap.org/way/210679974
2554,w210680260,,North Wabash Avenue,739,-182.4,-1257.3,12.5,879.5,7740,0,0,1,1.0,0,,,,,https://www.openstreetmap.org/way/210680260
245,w144153224,Loyola University Tower,East Pearson Street,25,-233.2,-1374.7,87.5,974.4,7740,0,1,1,1.0,0,,,,,https://www.openstreetmap.org/way/144153224
237,w144124767,Baumhart Hall,East Pearson Street,26,-233.9,-1448.7,87.5,1061.4,7740,0,1,1,1.0,0,,,,,https://www.openstreetmap.org/way/144124767
205,w144015991,,East Chestnut Street,21,-232.1,-1485.3,76.5,1107.8,7740,0,0,1,1.0,0,,,,,https://www.openstreetmap.org/way/144015991
3806,w144016002,Sofitel Chicago Magnificent Mile,East Chestnut Street,20,-235.3,-1533.8,109.0,1153.3,7740,0,1,1,1.0,0,,,,,https://www.openstreetmap.org/way/144016002
211,w144016013,Delaware Towers,East Delaware Place,25,-244.9,-1577.3,70.5,1202.7,7740,0,0,1,1.0,0,,,,,https://www.openstreetmap.org/way/144016013
233,w144124760,,East Delaware Place,40,-233.0,-1627.1,60.0,1241.1,7740,0,0,1,0.9892,0,,,,,https://www.openstreetmap.org/way/144124760
236,w144124765,The Talbott Hotel,East Delaware Place,20,-255.8,-1624.3,59.5,1244.3,7740,0,0,1,0.9753,0,,,,,https://www.openstreetmap.org/way/144124765
3863,w153966977,Waldorf Astoria Chicago,East Walton Street,11,-277.4,-1657.2,215.5,1275.0,7740,0,1,1,1.0,0,,,,,https://www.openstreetmap.org/way/153966977
1964,w210679593,Lululemon,North Rush Street,930,-259.3,-1701.8,12.0,1330.4,7740,0,0,1,1.0,0,,,,,https://www.openstreetmap.org/way/210679593
2682,w210680414,,North Rush Street,932,-265.3,-1711.2,10.0,1339.9,7740,0,0,1,1.0,0,,,,,https://www.openstreetmap.org/way/210680414
2685,w210680418,,North Rush Street,936,-262.7,-1721.1,22.0,1348.7,7740,0,0,1,1.0,0,,,,,https://www.openstreetmap.org/way/210680418
1668,w210679245,,East Oak Street,11-15,-271.2,-1749.6,33.0,1361.5,7740,0,0,1,1.0,0,,,,,https://www.openstreetmap.org/way/210679245
3898,w210680479,,East Oak Street,2,-300.7,-1808.2,111.0,1426.2,7740,0,1,1,1.0,0,,,,,https://www.openstreetmap.org/way/210680479
1633,w210679206,,North Rush Street,1028,-299.0,-1845.2,11.5,1475.8,7740,0,0,1,1.0,0,,,,,https://www.openstreetmap.org/way/210679206
3402,w686185662,,East Bellevue Place,18,-265.0,-1889.7,13.5,1512.9,7740,0,0,1,1.0,0,,,,,https://www.openstreetmap.org/way/686185662
1640,w210679215,,North Rush Street,1031,-280.8,-1888.9,14.0,1514.1,7740,0,0,1,1.0,0,,,,,https://www.openstreetmap.org/way/210679215
1647,w210679223,,North Rush Street,1037,-279.8,-1912.6,12.0,1540.8,7740,0,0,1,1.0,0,,,,,https://www.openstreetmap.org/way/210679223
1654,w210679230,,North Rush Street,1045-1047,-277.7,-1930.8,13.5,1557.8,7740,0,0,1,1.0,0,,,,,https://www.openstreetmap.org/way/210679230
1656,w210679232,,North Rush Street,1051,-286.8,-1941.5,9.5,1572.6,7740,0,0,1,1.0,0,,,,,https://www.openstreetmap.org/way/210679232
3231,w389456878,,North State Street,1121,-300.9,-1984.7,17.0,1605.9,7740,0,0,1,1.0,0,,,,,https://www.openstreetmap.org/way/389456878
1689,w210679275,,North State Street,1127-1133,-317.7,-1999.0,22.0,1628.3,7740,0,0,1,1.0,0,,,,,https://www.openstreetmap.org/way/210679275
1696,w210679282,,North State Street,1135,-318.0,-2020.8,18.0,1651.7,7740,0,0,1,1.0,0,,,,,https://www.openstreetmap.org/way/210679282
1699,w210679285,,North State Street,1139,-327.6,-2023.2,14.0,1661.6,7740,0,0,1,1.0,0,,,,,https://www.openstreetmap.org/way/210679285
1698,w210679284,,North State Street,1137,-321.8,-2029.6,14.0,1666.8,7740,0,0,1,1.0,0,,,,,https://www.openstreetmap.org/way/210679284
2004,w210679635,Elms Hotel,East Elm Street,18,-294.5,-2068.7,37.0,1694.7,7740,0,0,1,1.0,0,,,,,https://www.openstreetmap.org/way/210679635
3185,w304799197,4 East Elm,East Elm Street,4,-329.4,-2076.3,93.0,1698.8,7740,0,1,1,1.0,0,,,,,https://www.openstreetmap.org/way/304799197
2027,w210679665,,East Division Street,21,-278.8,-2105.3,15.0,1730.5,7740,0,0,1,1.0,0,,,,,https://www.openstreetmap.org/way/210679665
1972,w210679601,,East Division Street,15-17,-298.1,-2108.7,16.0,1732.9,7740,0,0,1,1.0,0,,,,,https://www.openstreetmap.org/way/210679601
1666,w210679243,,East Division Street,11,-311.2,-2110.3,16.0,1734.4,7740,0,0,1,1.0,0,,,,,https://www.openstreetmap.org/way/210679243
1726,w210679322,,North State Street,1167,-327.0,-2108.4,10.0,1735.1,7740,0,0,1,1.0,0,,,,,https://www.openstreetmap.org/way/210679322
2008,w210679640,,East Division Street,19,-287.5,-2112.0,14.5,1739.4,7740,0,0,1,1.0,0,,,,,https://www.openstreetmap.org/way/210679640
2003,w210679634,,East Division Street,18,-287.0,-2159.6,18.5,1776.7,7740,0,0,1,1.0,0,,,,,https://www.openstreetmap.org/way/210679634
1733,w210679330,,East Division Street,12,-306.5,-2152.7,12.5,1779.4,7740,0,0,1,1.0,0,,,,,https://www.openstreetmap.org/way/210679330
2884,w210680663,,East Division Street,,-320.8,-2146.9,15.5,1780.9,7740,0,0,1,1.0,0,,,,,https://www.openstreetmap.org/way/210680663
1744,w210679342,,North State Parkway,1201,-337.2,-2146.0,15.5,1783.2,7740,0,0,1,1.0,0,,,,,https://www.openstreetmap.org/way/210679342
1749,w210679354,,North State Parkway,1203,-335.6,-2155.5,13.0,1790.1,7740,0,0,1,1.0,0,,,,,https://www.openstreetmap.org/way/210679354
1752,w210679370,Fisher Studio Houses,North State Parkway,1207-1209,-320.3,-2166.9,14.5,1799.8,7740,0,0,1,1.0,0,,,,,https://www.openstreetmap.org/way/210679370
1772,w210679391,,North State Parkway,1221,-317.2,-2186.0,12.5,1811.6,7740,0,0,1,1.0,0,,,,,https://www.openstreetmap.org/way/210679391
1592,w210679159,One East Scott,East Scott Street,1,-317.4,-2200.6,72.5,1825.1,7740,0,0,1,1.0,0,,,,,https://www.openstreetmap.org/way/210679159
2001,w210679632,,East Scott Street,17,-293.5,-2214.2,14.0,1836.3,7740,0,0,1,1.0,0,,,,,https://www.openstreetmap.org/way/210679632
2792,w210680560,,East Scott Street,,-324.7,-2245.6,34.5,1880.0,7740,0,0,1,1.0,0,,,,,https://www.openstreetmap.org/way/210680560
1794,w210679415,,North State Parkway,1239,-325.9,-2261.0,22.5,1894.1,7740,0,0,1,1.0,0,,,,,https://www.openstreetmap.org/way/210679415
1802,w210679423,,North State Parkway,1241,-340.4,-2268.0,18.0,1904.2,7740,0,0,1,1.0,0,,,,,https://www.openstreetmap.org/way/210679423
1807,w210679429,,North State Parkway,1243,-336.9,-2273.7,18.0,1910.7,7740,0,0,1,1.0,0,,,,,https://www.openstreetmap.org/way/210679429
2831,w210680602,,,,-310.2,-2282.1,17.0,1914.7,7740,0,0,1,1.0,0,,,,,https://www.openstreetmap.org/way/210680602
1812,w210679434,,North State Parkway,1245,-337.0,-2281.1,16.0,1916.5,7740,0,0,1,1.0,0,,,,,https://www.openstreetmap.org/way/210679434
1817,w210679439,,North State Parkway,1247,-326.9,-2289.2,32.5,1921.4,7740,0,0,1,1.0,0,,,,,https://www.openstreetmap.org/way/210679439
1830,w210679454,The Churchill Condominiums,North State Parkway,1255,-326.6,-2306.2,38.0,1931.3,7740,0,0,1,1.0,0,,,,,https://www.openstreetmap.org/way/210679454
1824,w210679448,,North State Parkway,1252,-384.8,-2302.0,17.5,1945.9,7740,0,0,1,1.0,0,,,,,https://www.openstreetmap.org/way/210679448
2895,w210680677,,East Goethe Street,,-314.6,-2319.2,15.5,1948.8,7740,0,0,1,1.0,0,,,,,https://www.openstreetmap.org/way/210680677
2514,w210680205,,East Goethe Street,7,-322.6,-2321.1,32.5,1949.8,7740,0,0,1,1.0,0,,,,,https://www.openstreetmap.org/way/210680205
1828,w210679452,,North State Parkway,1254,-371.9,-2310.1,7.5,1951.9,7740,0,0,1,1.0,0,,,,,https://www.openstreetmap.org/way/210679452
1846,w210679471,,North State Parkway,1300-1308,-397.1,-2357.5,55.0,1992.1,7740,0,0,1,1.0,0,,,,,https://www.openstreetmap.org/way/210679471
3348,w547469411,,,,-375.8,-2386.7,9.0,2028.3,7740,0,0,1,1.0,0,,,,,https://www.openstreetmap.org/way/547469411
2906,w210680693,,North State Parkway,1320,-391.6,-2414.4,57.5,2040.8,7740,0,0,1,1.0,0,,,,,https://www.openstreetmap.org/way/210680693
1916,w210679543,,North State Parkway,1328,-393.4,-2436.2,22.0,2078.2,7740,0,0,1,1.0,0,,,,,https://www.openstreetmap.org/way/210679543
1924,w210679551,,North State Parkway,1330,-395.5,-2447.2,23.0,2084.7,7740,0,0,1,1.0,0,,,,,https://www.openstreetmap.org/way/210679551
1929,w210679556,,North State Parkway,1332-1336,-392.3,-2460.6,19.0,2101.1,7740,0,0,1,1.0,0,,,,,https://www.openstreetmap.org/way/210679556
1943,w210679570,Original Playboy Mansion,North State Parkway,1338-1348,-397.1,-2483.3,23.5,2111.0,7740,0,0,1,1.0,0,,,,,https://www.openstreetmap.org/way/210679570
2942,w210684395,,North State Parkway,1349,-336.5,-2499.6,16.0,2134.8,7740,0,0,1,1.0,0,,,,,https://www.openstreetmap.org/way/210684395
2949,w210684403,,North State Parkway,1351-1353,-337.7,-2510.9,25.5,2142.3,7740,0,0,1,1.0,0,,,,,https://www.openstreetmap.org/way/210684403
2947,w210684400,,North State Parkway,1350,-395.7,-2507.8,19.0,2144.1,7740,0,0,1,1.0,0,,,,,https://www.openstreetmap.org/way/210684400
2957,w210684411,,North State Parkway,1355,-338.1,-2519.0,18.0,2154.0,7740,0,0,1,1.0,0,,,,,https://www.openstreetmap.org/way/210684411
3051,w210686394,,,,-341.0,-2525.4,15.0,2160.1,7740,0,0,1,1.0,0,,,,,https://www.openstreetmap.org/way/210686394
2959,w210684413,,North State Parkway,1356,-395.2,-2523.0,15.5,2164.8,7740,0,0,1,1.0,0,,,,,https://www.openstreetmap.org/way/210684413
2962,w210684416,,North State Parkway,1358,-392.0,-2530.1,15.5,2171.1,7740,0,0,1,1.0,0,,,,,https://www.openstreetmap.org/way/210684416
2965,w210684419,,North State Parkway,1360,-388.4,-2535.8,20.5,2177.3,7740,0,0,1,1.0,0,,,,,https://www.openstreetmap.org/way/210684419
2969,w210684423,,North State Parkway,1362,-391.1,-2541.3,21.5,2183.1,7740,0,0,1,1.0,0,,,,,https://www.openstreetmap.org/way/210684423
2970,w210684424,,North State Parkway,1364,-394.5,-2550.0,18.0,2189.2,7740,0,0,1,1.0,0,,,,,https://www.openstreetmap.org/way/210684424
3060,w210686596,,North State Parkway,1400,-395.6,-2578.0,54.5,2213.7,7740,0,0,1,1.0,0,,,,,https://www.openstreetmap.org/way/210686596
3022,w210685645,,West Schiller Street,20,-429.0,-2570.4,15.5,2215.7,7740,0,0,1,1.0,0,,,,,https://www.openstreetmap.org/way/210685645
3056,w210686470,,,,-422.4,-2578.2,10.0,2225.0,7740,0,0,1,1.0,0,,,,,https://www.openstreetmap.org/way/210686470
3053,w210686413,,,,-422.5,-2586.0,12.0,2232.1,7740,0,0,1,1.0,0,,,,,https://www.openstreetmap.org/way/210686413
695,w158621269,Rush-Ohio-Wabash Self Park,East Ohio Street,50,-139.3,-885.8,52.0,491.0,7745,0,0,1,1.0,0,,,,,https://www.openstreetmap.org/way/158621269
701,w158621282,"The RIVVY, Chicago Downtown, a Tribute Portfolio Hotel",East Ontario Street,55,-115.3,-915.8,54.0,523.9,7745,0,0,1,1.0,0,,,,,https://www.openstreetmap.org/way/158621282
3685,w1424905322,St. James Episcopal Cathedral,East Huron Street,65,-152.3,-1093.5,34.0,693.2,7745,0,0,1,1.0,0,,,,,https://www.openstreetmap.org/way/1424905322
688,w158621259,,East Huron Street,50,-146.5,-1150.5,159.0,759.6,7745,0,1,1,1.0,0,,,,,https://www.openstreetmap.org/way/158621259
82,w75684996,The Bernardin,North Wabash Avenue,747,-169.9,-1288.7,82.5,892.8,7745,0,1,1,1.0,0,,,,,https://www.openstreetmap.org/way/75684996
464,w148563238,Hotel St. Benedict Flats,East Chicago Avenue,40-52,-160.3,-1361.1,24.5,964.3,7745,0,0,1,1.0,0,,,,,https://www.openstreetmap.org/way/148563238
209,w144016003,America-Fore Building,North Rush Street,844,-171.9,-1457.8,60.0,1055.0,7745,0,0,1,1.0,0,,,,,https://www.openstreetmap.org/way/144016003
3230,w385480271,Jeni's Splendid Ice Creams,North Wabash Avenue,871,-192.6,-1537.8,8.5,1155.7,7745,0,0,1,1.0,0,,,,,https://www.openstreetmap.org/way/385480271
763,w160899278,,North Rush Street,935,-200.0,-1715.4,14.0,1325.1,7745,0,0,1,1.0,0,,,,,https://www.openstreetmap.org/way/160899278
768,w160899293,,North Rush Street,937,-209.6,-1720.3,14.0,1342.6,7745,0,0,1,1.0,0,,,,,https://www.openstreetmap.org/way/160899293
760,w160899268,,North Rush Street,939,-215.1,-1727.0,14.0,1351.0,7745,0,0,1,1.0,0,,,,,https://www.openstreetmap.org/way/160899268
2319,w210679988,,East Oak Street,43,-186.4,-1745.6,15.0,1359.4,7745,0,0,1,1.0,0,,,,,https://www.openstreetmap.org/way/210679988
2344,w210680013,,East Oak Street,45,-179.4,-1748.6,12.5,1359.5,7745,0,0,1,1.0,0,,,,,https://www.openstreetmap.org/way/210680013
2290,w210679956,,East Oak Street,41,-193.3,-1747.4,15.0,1360.9,7745,0,0,1,1.0,0,,,,,https://www.openstreetmap.org/way/210679956
2133,w210679781,,East Oak Street,25,-218.7,-1749.5,21.5,1361.2,7745,0,0,1,1.0,0,,,,,https://www.openstreetmap.org/way/210679781
2914,w210680702,40 East Oak,East Oak Street,40,-196.6,-1802.8,71.5,1416.0,7745,0,0,1,0.9866,0,,,,,https://www.openstreetmap.org/way/210680702
2234,w210679888,,East Oak Street,34,-217.9,-1805.3,31.5,1418.7,7745,0,0,1,1.0,0,,,,,https://www.openstreetmap.org/way/210679888
2739,w210680490,Prada,East Oak Street,30,-238.5,-1791.2,19.0,1418.9,7745,0,0,1,1.0,0,,,,,https://www.openstreetmap.org/way/210680490
3725,r4578808,,North Rush Street,1003,-241.4,-1801.8,12.0,1427.9,7745,0,0,1,1.0,0,,,,,https://www.openstreetmap.org/relation/4578808
3671,w1307777452,,North Rush Street,1007,-242.9,-1810.2,18.0,1436.0,7745,0,0,1,1.0,0,,,,,https://www.openstreetmap.org/way/1307777452
3726,r4578809,,North Rush Street,1009-1011,-241.6,-1822.1,19.0,1444.6,7745,0,0,1,1.0,0,,,,,https://www.openstreetmap.org/relation/4578809
2761,w210680517,,East Bellevue Place,33,-209.6,-1841.1,30.5,1451.5,7745,0,0,1,1.0,0,,,,,https://www.openstreetmap.org/way/210680517
2762,w210680518,Thompson Chicago,East Bellevue Place,21,-254.0,-1843.2,79.5,1462.3,7745,0,0,1,1.0,0,,,,,https://www.openstreetmap.org/way/210680518
2060,w210679704,The Original Pancake House,East Bellevue Place,22,-253.2,-1889.4,11.0,1511.8,7745,0,0,1,1.0,0,,,,,https://www.openstreetmap.org/way/210679704
2232,w210679886,,East Bellevue Place,34,-219.3,-1899.4,14.5,1513.5,7745,0,0,1,1.0,0,,,,,https://www.openstreetmap.org/way/210679886
2190,w210679840,,East Bellevue Place,32,-225.1,-1899.6,14.5,1514.2,7745,0,0,1,1.0,0,,,,,https://www.openstreetmap.org/way/210679840
2152,w210679800,,East Bellevue Place,28,-231.4,-1898.7,14.5,1514.7,7745,0,0,1,1.0,0,,,,,https://www.openstreetmap.org/way/210679800
2115,w210679762,,East Bellevue Place,24-26,-238.9,-1897.9,14.0,1515.3,7745,0,0,1,1.0,0,,,,,https://www.openstreetmap.org/way/210679762
2130,w210679778,,East Cedar Street,25,-239.6,-1934.7,50.5,1553.8,7745,0,0,1,1.0,0,,,,,https://www.openstreetmap.org/way/210679778
2026,w210679664,,East Cedar Street,21,-248.6,-1930.4,23.5,1555.3,7745,0,0,1,1.0,0,,,,,https://www.openstreetmap.org/way/210679664
2007,w210679639,,East Cedar Street,19,-255.8,-1932.3,21.0,1556.0,7745,0,0,1,1.0,0,,,,,https://www.openstreetmap.org/way/210679639
2913,w210680701,40 East Cedar,East Cedar Street,40,-210.2,-1985.8,63.0,1597.8,7745,0,0,1,1.0,0,,,,,https://www.openstreetmap.org/way/210680701
2907,w210680695,20 East Cedar,East Cedar Street,20,-249.3,-1991.1,67.5,1601.3,7745,0,0,1,1.0,0,,,,,https://www.openstreetmap.org/way/210680695
2160,w210679808,,East Cedar Street,30,-226.4,-1995.4,63.0,1602.3,7745,0,0,1,1.0,0,,,,,https://www.openstreetmap.org/way/210679808
2318,w210679987,,East Elm Street,43,-211.6,-2023.5,14.5,1642.5,7745,0,0,1,1.0,0,,,,,https://www.openstreetmap.org/way/210679987
2289,w210679955,,East Elm Street,41,-216.7,-2023.3,15.0,1644.9,7745,0,0,1,1.0,0,,,,,https://www.openstreetmap.org/way/210679955
2343,w210680012,,East Elm Street,45,-206.6,-2027.4,14.0,1645.2,7745,0,0,1,1.0,0,,,,,https://www.openstreetmap.org/way/210680012
2278,w210679940,,East Elm Street,39,-223.2,-2027.1,19.5,1646.4,7745,0,0,1,1.0,0,,,,,https://www.openstreetmap.org/way/210679940
2273,w210679935,,East Elm Street,37,-229.3,-2026.9,20.0,1646.8,7745,0,0,1,1.0,0,,,,,https://www.openstreetmap.org/way/210679935
2248,w210679903,,East Elm Street,35,-235.4,-2026.7,17.5,1647.2,7745,0,0,1,1.0,0,,,,,https://www.openstreetmap.org/way/210679903
2031,w210679669,,East Elm Street,21-31,-263.5,-2024.5,21.5,1647.4,7745,0,0,1,1.0,0,,,,,https://www.openstreetmap.org/way/210679669
2209,w210679861,,West Elm Street,33,-241.3,-2026.5,14.5,1647.7,7745,0,0,1,1.0,0,,,,,https://www.openstreetmap.org/way/210679861
2305,w210679973,,East Elm Street,42,-215.0,-2072.5,14.5,1688.6,7745,0,0,1,1.0,0,,,,,https://www.openstreetmap.org/way/210679973
2277,w210679939,,East Elm Street,38,-230.3,-2072.5,18.0,1689.1,7745,0,0,1,1.0,0,,,,,https://www.openstreetmap.org/way/210679939
2162,w210679810,,East Elm Street,30,-264.7,-2078.3,61.5,1690.8,7745,0,0,1,1.0,0,,,,,https://www.openstreetmap.org/way/210679810
2279,w210679942,,East Elm Street,40,-222.6,-2079.3,13.5,1691.8,7745,0,0,1,1.0,0,,,,,https://www.openstreetmap.org/way/210679942
2233,w210679887,,East Elm Street,34,-238.2,-2071.4,55.5,1692.6,7745,0,0,1,1.0,0,,,,,https://www.openstreetmap.org/way/210679887
2274,w210679936,,East Division Street,37-39,-228.4,-2106.5,18.0,1725.5,7745,0,0,1,1.0,0,,,,,https://www.openstreetmap.org/way/210679936
2208,w210679860,,East Division Street,33,-246.7,-2106.2,18.0,1726.3,7745,0,0,1,1.0,0,,,,,https://www.openstreetmap.org/way/210679860
2247,w210679902,,East Division Street,35,-238.5,-2111.4,19.0,1728.3,7745,0,0,1,1.0,0,,,,,https://www.openstreetmap.org/way/210679902
2172,w210679821,,East Division Street,31,-251.2,-2108.9,17.5,1729.3,7745,0,0,1,1.0,0,,,,,https://www.openstreetmap.org/way/210679821
2156,w210679804,,East Division Street,29,-258.2,-2112.5,16.0,1729.8,7745,0,0,1,1.0,0,,,,,https://www.openstreetmap.org/way/210679804
2131,w210679779,,East Division Street,25,-263.6,-2108.9,17.5,1730.6,7745,0,0,1,1.0,0,,,,,https://www.openstreetmap.org/way/210679779
2089,w210679735,,East Division Street,23,-270.9,-2110.0,15.5,1731.1,7745,0,0,1,1.0,0,,,,,https://www.openstreetmap.org/way/210679735
1755,w210679373,,North Astor Street,1210,-221.5,-2159.5,44.5,1768.9,7745,0,0,1,1.0,0,,,,,https://www.openstreetmap.org/way/210679373
2153,w210679801,,East Division Street,28,-260.1,-2150.6,45.0,1776.5,7745,0,0,1,1.0,0,,,,,https://www.openstreetmap.org/way/210679801
2161,w210679809,,East Division Street,30,-252.5,-2167.0,52.5,1776.7,7745,0,0,1,1.0,0,,,,,https://www.openstreetmap.org/way/210679809
2147,w210679795,,East Division Street,26,-266.4,-2150.3,15.5,1777.2,7745,0,0,1,1.0,0,,,,,https://www.openstreetmap.org/way/210679795
2110,w210679757,,East Division Street,24,-272.8,-2159.0,18.5,1778.0,7745,0,0,1,1.0,0,,,,,https://www.openstreetmap.org/way/210679757
2061,w210679705,,East Division Street,22,-278.7,-2153.5,18.0,1779.0,7745,0,0,1,1.0,0,,,,,https://www.openstreetmap.org/way/210679705
2858,w210680633,,,,-279.1,-2174.8,17.5,1804.9,7745,0,0,1,1.0,0,,,,,https://www.openstreetmap.org/way/210680633
1759,w210679378,,North Astor Street,1214,-238.3,-2190.7,20.0,1812.6,7745,0,0,1,1.0,0,,,,,https://www.openstreetmap.org/way/210679378
2856,w210680630,,,,-282.1,-2187.2,15.5,1817.7,7745,0,0,1,1.0,0,,,,,https://www.openstreetmap.org/way/210680630
2876,w210680652,,,,-287.4,-2187.4,20.0,1818.3,7745,0,0,1,1.0,0,,,,,https://www.openstreetmap.org/way/210680652
1761,w210679380,,North Astor Street,1216,-238.7,-2198.4,20.5,1821.4,7745,0,0,1,1.0,0,,,,,https://www.openstreetmap.org/way/210679380
2091,w210679737,,East Scott Street,23,-278.2,-2209.8,17.0,1828.9,7745,0,0,1,1.0,0,,,,,https://www.openstreetmap.org/way/210679737
1764,w210679383,,North Astor Street,1218,-244.3,-2207.7,19.0,1829.6,7745,0,0,1,1.0,0,,,,,https://www.openstreetmap.org/way/210679383
2029,w210679667,,East Scott Street,21,-283.3,-2209.5,16.0,1830.9,7745,0,0,1,1.0,0,,,,,https://www.openstreetmap.org/way/210679667
2151,w210679799,,East Scott Street,27,-267.0,-2211.6,16.5,1834.4,7745,0,0,1,1.0,0,,,,,https://www.openstreetmap.org/way/210679799
2134,w210679782,,East Scott Street,25,-273.3,-2211.8,16.0,1834.7,7745,0,0,1,1.0,0,,,,,https://www.openstreetmap.org/way/210679782
2011,w210679643,,East Scott Street,19,-287.6,-2214.6,15.5,1835.9,7745,0,0,1,1.0,0,,,,,https://www.openstreetmap.org/way/210679643
1774,w210679394,,North Astor Street,1222,-243.3,-2213.8,16.0,1839.2,7745,0,0,1,1.0,0,,,,,https://www.openstreetmap.org/way/210679394
2173,w210679822,,East Scott Street,31,-255.3,-2220.4,13.5,1841.5,7745,0,0,1,1.0,0,,,,,https://www.openstreetmap.org/way/210679822
2157,w210679805,,East Scott Street,29,-262.4,-2218.9,16.5,1841.8,7745,0,0,1,1.0,0,,,,,https://www.openstreetmap.org/way/210679805
1776,w210679396,,North Astor Street,1224,-235.5,-2221.6,14.5,1846.4,7745,0,0,1,1.0,0,,,,,https://www.openstreetmap.org/way/210679396
1788,w210679409,,North Astor Street,1236,-243.8,-2251.4,17.0,1874.8,7745,0,0,1,1.0,0,,,,,https://www.openstreetmap.org/way/210679409
2191,w210679841,,East Scott Street,32,-252.8,-2255.0,15.5,1875.2,7745,0,0,1,1.0,0,,,,,https://www.openstreetmap.org/way/210679841
2163,w210679811,,East Scott Street,30,-259.5,-2258.0,14.0,1875.8,7745,0,0,1,1.0,0,,,,,https://www.openstreetmap.org/way/210679811
2154,w210679802,,East Scott Street,28,-263.2,-2257.9,14.0,1876.2,7745,0,0,1,1.0,0,,,,,https://www.openstreetmap.org/way/210679802
2148,w210679796,,East Scott Street,26,-269.5,-2264.6,16.0,1876.7,7745,0,0,1,1.0,0,,,,,https://www.openstreetmap.org/way/210679796
2111,w210679758,,East Scott Street,24,-278.8,-2256.6,17.0,1877.4,7745,0,0,1,1.0,0,,,,,https://www.openstreetmap.org/way/210679758
2013,w210679645,,East Scott Street,20,-290.1,-2265.8,17.5,1881.8,7745,0,0,1,1.0,0,,,,,https://www.openstreetmap.org/way/210679645
1795,w210679416,,North Astor Street,1240,-251.1,-2268.9,20.0,1895.0,7745,0,0,1,1.0,0,,,,,https://www.openstreetmap.org/way/210679416
1804,w210679426,,North Astor Street,1242,-249.5,-2277.0,14.5,1901.9,7745,0,0,1,1.0,0,,,,,https://www.openstreetmap.org/way/210679426
1808,w210679430,,North Astor Street,1244,-249.5,-2281.6,14.5,1907.8,7745,0,0,1,1.0,0,,,,,https://www.openstreetmap.org/way/210679430
2891,w210680672,,,,-275.4,-2280.6,17.0,1910.5,7745,0,0,1,1.0,0,,,,,https://www.openstreetmap.org/way/210680672
1813,w210679435,,North Astor Street,1246,-255.4,-2297.7,14.5,1919.5,7745,0,0,1,1.0,0,,,,,https://www.openstreetmap.org/way/210679435
2839,w210680611,,,,-294.8,-2295.9,10.0,1924.7,7745,0,0,1,1.0,0,,,,,https://www.openstreetmap.org/way/210680611
1819,w210679441,,North Astor Street,1250,-258.1,-2303.5,61.0,1928.4,7745,0,0,1,1.0,0,,,,,https://www.openstreetmap.org/way/210679441
2829,w210680600,,,,-288.8,-2299.8,12.5,1929.2,7745,0,0,1,1.0,0,,,,,https://www.openstreetmap.org/way/210680600
2090,w210679736,,East Goethe Street,23,-275.3,-2309.4,47.5,1932.4,7745,0,0,1,1.0,0,,,,,https://www.openstreetmap.org/way/210679736
2028,w210679666,,East Goethe Street,21,-282.3,-2313.3,14.5,1935.7,7745,0,0,1,1.0,0,,,,,https://www.openstreetmap.org/way/210679666
1836,w210679461,,North Astor Street,1260,-260.2,-2321.0,64.5,1937.3,7745,0,0,1,1.0,0,,,,,https://www.openstreetmap.org/way/210679461
2010,w210679642,,East Goethe Street,19,-287.5,-2314.5,14.0,1937.8,7745,0,0,1,1.0,0,,,,,https://www.openstreetmap.org/way/210679642
2000,w210679631,,East Goethe Street,17,-294.3,-2316.9,15.5,1940.2,7745,0,0,1,1.0,0,,,,,https://www.openstreetmap.org/way/210679631
1968,w210679597,,East Goethe Street,15,-307.2,-2321.3,16.5,1948.4,7745,0,0,1,1.0,0,,,,,https://www.openstreetmap.org/way/210679597
1547,w210679082,Astor Tower,North Astor Street,1300-1304,-267.4,-2359.9,93.5,1981.1,7745,0,1,1,1.0,0,,,,,https://www.openstreetmap.org/way/210679082
2012,w210679644,,East Goethe Street,20,-292.3,-2368.8,28.5,1983.0,7745,0,0,1,1.0,0,,,,,https://www.openstreetmap.org/way/210679644
1540,w210679074,Ambassador Hotel,North State Parkway,1301,-326.3,-2369.4,68.0,1985.2,7745,0,0,1,1.0,0,,,,,https://www.openstreetmap.org/way/210679074
1861,w210679486,,North Astor Street,1308,-272.4,-2376.2,16.0,2004.1,7745,0,0,1,1.0,0,,,,,https://www.openstreetmap.org/way/210679486
1866,w210679491,,North Astor Street,1310,-271.9,-2382.6,17.0,2010.1,7745,0,0,1,1.0,0,,,,,https://www.openstreetmap.org/way/210679491
3349,w547469413,,,,-295.3,-2385.6,13.0,2013.8,7745,0,0,1,1.0,0,,,,,https://www.openstreetmap.org/way/547469413
1871,w210679496,,North Astor Street,1312,-270.7,-2388.6,17.0,2015.6,7745,0,0,1,1.0,0,,,,,https://www.openstreetmap.org/way/210679496
1888,w210679514,,North State Parkway,1317-1325,-330.6,-2398.3,75.5,2017.9,7745,0,0,1,1.0,0,,,,,https://www.openstreetmap.org/way/210679514
1881,w210679507,,North Astor Street,1316,-281.8,-2402.7,17.5,2026.8,7745,0,0,1,1.0,0,,,,,https://www.openstreetmap.org/way/210679507
1889,w210679515,,North Astor Street,1318,-278.1,-2409.2,18.0,2035.3,7745,0,0,1,1.0,0,,,,,https://www.openstreetmap.org/way/210679515
1893,w210679519,,North Astor Street,1320,-278.7,-2413.9,21.0,2042.0,7745,0,0,1,1.0,0,,,,,https://www.openstreetmap.org/way/210679519
1899,w210679526,,North Astor Street,1322,-278.1,-2423.9,20.5,2048.4,7745,0,0,1,1.0,0,,,,,https://www.openstreetmap.org/way/210679526
2819,w210680589,,,,-296.9,-2421.1,12.0,2051.6,7745,0,0,1,1.0,0,,,,,https://www.openstreetmap.org/way/210680589
2129,w210679777,,East Banks Street,25,-282.0,-2433.1,18.0,2057.0,7745,0,0,1,1.0,0,,,,,https://www.openstreetmap.org/way/210679777
1546,w210679081,Astor House,North Astor Street,1340,-304.8,-2476.4,94.5,2090.7,7745,0,1,1,1.0,0,,,,,https://www.openstreetmap.org/way/210679081
2938,w210684391,,North State Parkway,1347,-334.9,-2493.3,15.5,2124.3,7745,0,0,1,1.0,0,,,,,https://www.openstreetmap.org/way/210684391
2944,w210684397,,North Astor Street,1350,-295.8,-2516.1,46.0,2131.1,7745,0,0,1,1.0,0,,,,,https://www.openstreetmap.org/way/210684397
2972,w210684426,Charnley-Pesky House Museum,North Astor Street,1365,-261.1,-2542.9,13.5,2163.3,7745,0,0,1,1.0,0,,,,,https://www.openstreetmap.org/way/210684426
2924,w210684373,,East Schiller Street,1,-315.7,-2542.8,68.5,2168.8,7745,0,0,1,1.0,0,,,,,https://www.openstreetmap.org/way/210684373
2976,w210684430,,North Astor Street,1400,-285.9,-2575.9,19.0,2200.5,7745,0,0,1,1.0,0,,,,,https://www.openstreetmap.org/way/210684430
2925,w210684374,,East Schiller Street,10,-323.6,-2592.5,18.5,2203.1,7745,0,0,1,1.0,0,,,,,https://www.openstreetmap.org/way/210684374
2997,w210684469,,North Astor Street,1404,-284.9,-2582.0,22.0,2208.5,7745,0,0,1,1.0,0,,,,,https://www.openstreetmap.org/way/210684469
1582,w210679148,AC Hotel Chicago Downtown,North Rush Street,630,-141.0,-984.6,97.5,580.2,7750,0,1,1,1.0,0,,,,,https://www.openstreetmap.org/way/210679148
3908,w210680704,55 East Erie,East Erie Street,55,-147.5,-1007.7,198.5,614.8,7750,0,1,1,1.0,0,,,,,https://www.openstreetmap.org/way/210680704
2390,w210680064,,East Erie Street,54,-119.6,-1055.5,17.5,669.2,7750,0,0,1,1.0,0,,,,,https://www.openstreetmap.org/way/210680064
2497,w210680188,,North Rush Street,666,-116.6,-1078.6,22.5,693.5,7750,0,0,1,1.0,0,,,,,https://www.openstreetmap.org/way/210680188
692,w158621266,Royal Thai Consulate General,North Rush Street,700,-110.1,-1150.2,16.5,757.9,7750,0,0,1,1.0,0,,,,,https://www.openstreetmap.org/way/158621266
690,w158621262,,North Rush Street,710,-115.3,-1172.9,16.5,789.9,7750,0,0,1,1.0,0,,,,,https://www.openstreetmap.org/way/158621262
696,w158621271,,North Rush Street,712,-111.6,-1180.2,17.0,796.6,7750,0,0,1,1.0,0,,,,,https://www.openstreetmap.org/way/158621271
707,w159142378,,North Rush Street,716,-114.4,-1195.7,20.5,806.0,7750,0,0,1,1.0,0,,,,,https://www.openstreetmap.org/way/159142378
2446,w210680124,,East Superior Street,56,-132.3,-1246.8,33.0,848.6,7750,0,0,1,1.0,0,,,,,https://www.openstreetmap.org/way/210680124
81,w75684995,The Chicagoan,North Rush Street,750,-115.4,-1298.9,110.5,890.1,7750,0,1,1,1.0,0,,,,,https://www.openstreetmap.org/way/75684995
465,w148563239,,East Chicago Avenue,58,-134.3,-1344.1,24.5,961.6,7750,0,0,1,1.0,0,,,,,https://www.openstreetmap.org/way/148563239
463,w148563236,,East Chicago Avenue,62,-120.7,-1347.4,23.0,962.3,7750,0,0,1,1.0,0,,,,,https://www.openstreetmap.org/way/148563236
466,w148563240,,North Rush Street,806,-126.0,-1361.1,21.5,975.6,7750,0,0,1,1.0,0,,,,,https://www.openstreetmap.org/way/148563240
198,w143834539,The Clare at Water Tower,East Pearson Street,55,-152.9,-1390.3,182.5,989.4,7750,0,1,1,1.0,0,,,,,https://www.openstreetmap.org/way/143834539
207,w144015994,50 East Chestnut,East Chestnut Street,50,-142.4,-1532.9,151.5,1142.0,7750,0,1,1,1.0,0,,,,,https://www.openstreetmap.org/way/144015994
201,w144015977,Tremont Studios,East Chestnut Street,100,-120.6,-1525.9,22.0,1142.1,7750,0,0,1,1.0,0,,,,,https://www.openstreetmap.org/way/144015977
204,w144015987,The Bristol,East Delaware Place,57,-149.4,-1566.5,145.0,1173.6,7750,0,1,1,1.0,0,,,,,https://www.openstreetmap.org/way/144015987
3662,w1283045515,,,,-159.2,-1652.1,57.5,1234.6,7750,0,0,1,1.0,0,,,,,https://www.openstreetmap.org/way/1283045515
761,w160899270,,East Walton Street,60,-132.5,-1716.6,13.5,1322.0,7750,0,0,1,1.0,0,,,,,https://www.openstreetmap.org/way/160899270
764,w160899280,,East Walton Street,58,-143.1,-1714.2,14.5,1322.5,7750,0,0,1,1.0,0,,,,,https://www.openstreetmap.org/way/160899280
769,w160899303,,East Walton Street,56,-149.6,-1715.4,15.0,1322.9,7750,0,0,1,1.0,0,,,,,https://www.openstreetmap.org/way/160899303
766,w160899282,,East Walton Street,52,-161.7,-1719.0,11.5,1323.4,7750,0,0,1,1.0,0,,,,,https://www.openstreetmap.org/way/160899282
765,w160899281,,East Walton Street,50,-175.2,-1715.7,12.5,1324.4,7750,0,0,1,1.0,0,,,,,https://www.openstreetmap.org/way/160899281
2399,w210680077,,East Oak Street,55,-153.6,-1753.9,17.5,1357.2,7750,0,0,1,1.0,0,,,,,https://www.openstreetmap.org/way/210680077
2375,w210680046,,East Oak Street,51,-162.5,-1750.5,15.0,1357.9,7750,0,0,1,1.0,0,,,,,https://www.openstreetmap.org/way/210680046
2354,w210680024,,East Oak Street,47-49,-168.4,-1744.7,14.0,1359.3,7750,0,0,1,1.0,0,,,,,https://www.openstreetmap.org/way/210680024
2392,w210680067,,East Oak Street,54-56,-154.2,-1797.4,15.5,1413.2,7750,0,0,1,1.0,0,,,,,https://www.openstreetmap.org/way/210680067
2365,w210680035,,East Oak Street,50,-163.8,-1799.9,17.0,1414.2,7750,0,0,1,1.0,0,,,,,https://www.openstreetmap.org/way/210680035
2357,w210680027,,East Oak Street,48,-171.2,-1803.2,18.0,1414.8,7750,0,0,1,1.0,0,,,,,https://www.openstreetmap.org/way/210680027
2347,w210680016,,East Oak Street,46,-181.3,-1806.2,63.5,1415.7,7750,0,0,1,1.0,0,,,,,https://www.openstreetmap.org/way/210680016
2380,w210680052,,East Bellevue Place,53,-160.9,-1839.6,15.5,1448.5,7750,0,0,1,1.0,0,,,,,https://www.openstreetmap.org/way/210680052
2395,w210680073,,East Bellevue Place,55,-155.4,-1836.4,15.0,1448.5,7750,0,0,1,1.0,0,,,,,https://www.openstreetmap.org/way/210680073
2823,w210680593,,,,-175.2,-1829.1,5.5,1450.0,7750,0,0,1,1.0,0,,,,,https://www.openstreetmap.org/way/210680593
2454,w210680132,,East Bellevue Place,57-59,-147.7,-1837.9,14.5,1450.1,7750,0,0,1,1.0,0,,,,,https://www.openstreetmap.org/way/210680132
2321,w210679990,,East Bellevue Place,43-45,-187.7,-1834.1,20.5,1451.8,7750,0,0,1,1.0,0,,,,,https://www.openstreetmap.org/way/210679990
2353,w210680023,,East Bellevue Place,47-49,-178.3,-1838.3,16.5,1451.8,7750,0,0,1,1.0,0,,,,,https://www.openstreetmap.org/way/210680023
2467,w210680148,,East Bellevue Place,61,-139.2,-1845.3,17.0,1453.3,7750,0,0,1,1.0,0,,,,,https://www.openstreetmap.org/way/210680148
2372,w210680043,,East Bellevue Place,51,-169.3,-1846.4,17.5,1455.6,7750,0,0,1,1.0,0,,,,,https://www.openstreetmap.org/way/210680043
2455,w210680133,,East Bellevue Place,58,-145.2,-1898.2,16.0,1506.8,7750,0,0,1,1.0,0,,,,,https://www.openstreetmap.org/way/210680133
2445,w210680123,,East Bellevue Place,56,-152.9,-1895.2,18.5,1507.3,7750,0,0,1,1.0,0,,,,,https://www.openstreetmap.org/way/210680123
2376,w210680047,,East Bellevue Place,52,-162.8,-1895.5,18.0,1509.7,7750,0,0,1,1.0,0,,,,,https://www.openstreetmap.org/way/210680047
2915,w210680703,50 East Bellevue,East Bellevue Place,50,-186.6,-1890.8,80.5,1511.0,7750,0,1,1,1.0,0,,,,,https://www.openstreetmap.org/way/210680703
2358,w210680028,,East Cedar Street,49,-162.4,-1935.9,17.0,1548.9,7750,0,0,1,1.0,0,,,,,https://www.openstreetmap.org/way/210680028
2341,w210680010,,East Cedar Street,45,-177.4,-1937.3,20.0,1549.0,7750,0,0,1,1.0,0,,,,,https://www.openstreetmap.org/way/210680010
2207,w210679859,,East Cedar Street,33,-209.6,-1939.8,53.5,1550.4,7750,0,0,1,1.0,0,,,,,https://www.openstreetmap.org/way/210679859
2396,w210680074,,East Cedar Street,55,-148.2,-1939.2,14.5,1553.8,7750,0,0,1,1.0,0,,,,,https://www.openstreetmap.org/way/210680074
2377,w210680048,,East Cedar Street,52,-155.3,-1983.5,14.0,1594.9,7750,0,0,1,1.0,0,,,,,https://www.openstreetmap.org/way/210680048
2388,w210680061,,East Cedar Street,54,-147.8,-1986.3,14.0,1595.8,7750,0,0,1,1.0,0,,,,,https://www.openstreetmap.org/way/210680061
2355,w210680025,,East Cedar Street,48,-170.0,-1986.3,16.5,1596.1,7750,0,0,1,1.0,0,,,,,https://www.openstreetmap.org/way/210680025
2345,w210680014,,East Cedar Street,46,-177.7,-1990.5,21.5,1596.3,7750,0,0,1,1.0,0,,,,,https://www.openstreetmap.org/way/210680014
2363,w210680033,,East Cedar Street,50,-160.9,-1986.1,13.0,1596.3,7750,0,0,1,1.0,0,,,,,https://www.openstreetmap.org/way/210680033
2329,w210679998,,East Cedar Street,44,-182.3,-1986.4,16.5,1596.7,7750,0,0,1,1.0,0,,,,,https://www.openstreetmap.org/way/210679998
2304,w210679972,,East Cedar Street,42,-189.0,-1990.5,18.5,1597.2,7750,0,0,1,1.0,0,,,,,https://www.openstreetmap.org/way/210679972
2473,w210680155,,East Elm Street,63,-160.5,-2021.4,15.0,1633.1,7750,0,0,1,1.0,0,,,,,https://www.openstreetmap.org/way/210680155
2468,w210680149,,East Elm Street,61,-166.4,-2023.1,15.0,1635.8,7750,0,0,1,1.0,0,,,,,https://www.openstreetmap.org/way/210680149
2374,w210680045,,East Elm Street,51,-190.5,-2021.9,14.0,1636.4,7750,0,0,1,1.0,0,,,,,https://www.openstreetmap.org/way/210680045
2382,w210680054,,East Elm Street,53,-185.5,-2023.0,13.5,1638.0,7750,0,0,1,1.0,0,,,,,https://www.openstreetmap.org/way/210680054
2398,w210680076,,East Elm Street,55,-180.4,-2024.4,14.0,1638.6,7750,0,0,1,1.0,0,,,,,https://www.openstreetmap.org/way/210680076
2487,w210680176,,East Elm Street,65,-155.8,-2028.4,15.0,1641.8,7750,0,0,1,1.0,0,,,,,https://www.openstreetmap.org/way/210680176
2458,w210680136,,East Elm Street,59,-170.8,-2028.1,14.0,1642.5,7750,0,0,1,1.0,0,,,,,https://www.openstreetmap.org/way/210680136
2451,w210680129,,East Elm Street,57,-176.0,-2028.1,13.5,1643.1,7750,0,0,1,1.0,0,,,,,https://www.openstreetmap.org/way/210680129
2360,w210680030,,East Elm Street,49,-196.3,-2027.7,13.5,1644.3,7750,0,0,1,1.0,0,,,,,https://www.openstreetmap.org/way/210680030
2352,w210680022,,East Elm Street,47,-201.4,-2027.6,14.0,1644.8,7750,0,0,1,1.0,0,,,,,https://www.openstreetmap.org/way/210680022
2479,w210680161,,East Elm Street,64,-160.0,-2078.5,18.0,1684.8,7750,0,0,1,1.0,0,,,,,https://www.openstreetmap.org/way/210680161
2389,w210680063,,East Elm Street,54,-183.8,-2072.0,13.5,1688.3,7750,0,0,1,1.0,0,,,,,https://www.openstreetmap.org/way/210680063
2457,w210680135,,East Elm Street,58-60,-170.5,-2078.2,16.0,1688.5,7750,0,0,1,1.0,0,,,,,https://www.openstreetmap.org/way/210680135
2366,w210680036,,East Elm Street,50-52,-192.1,-2072.8,16.0,1688.6,7750,0,0,1,1.0,0,,,,,https://www.openstreetmap.org/way/210680036
2448,w210680126,,East Elm Street,56-58,-177.3,-2081.2,13.5,1688.8,7750,0,0,1,1.0,0,,,,,https://www.openstreetmap.org/way/210680126
2356,w210680026,,East Elm Street,48,-199.0,-2079.8,14.5,1690.5,7750,0,0,1,1.0,0,,,,,https://www.openstreetmap.org/way/210680026
2330,w210679999,,East Elm Street,44,-209.5,-2079.6,14.0,1690.7,7750,0,0,1,1.0,0,,,,,https://www.openstreetmap.org/way/210679999
2346,w210680015,,East Elm Street,46,-203.2,-2080.4,13.5,1690.7,7750,0,0,1,1.0,0,,,,,https://www.openstreetmap.org/way/210680015
2450,w210680128,,East Division Street,57,-170.0,-2105.4,15.0,1719.4,7750,0,0,1,1.0,0,,,,,https://www.openstreetmap.org/way/210680128
2397,w210680075,,East Division Street,55,-176.4,-2110.4,15.5,1720.9,7750,0,0,1,1.0,0,,,,,https://www.openstreetmap.org/way/210680075
2381,w210680053,,East Division Street,53,-183.1,-2108.9,17.0,1721.3,7750,0,0,1,1.0,0,,,,,https://www.openstreetmap.org/way/210680053
2342,w210680011,,East Division Street,45,-204.7,-2108.7,14.0,1723.0,7750,0,0,1,1.0,0,,,,,https://www.openstreetmap.org/way/210680011
2291,w210679957,,East Division Street,41-43,-213.0,-2112.6,17.0,1723.3,7750,0,0,1,1.0,0,,,,,https://www.openstreetmap.org/way/210679957
2373,w210680044,,East Division Street,51,-188.5,-2110.7,16.5,1727.8,7750,0,0,1,1.0,0,,,,,https://www.openstreetmap.org/way/210680044
2351,w210680021,,East Division Street,47,-199.2,-2109.8,14.0,1729.5,7750,0,0,1,1.0,0,,,,,https://www.openstreetmap.org/way/210680021
2359,w210680029,,East Division Street,49,-194.5,-2115.4,13.5,1730.3,7750,0,0,1,1.0,0,,,,,https://www.openstreetmap.org/way/210680029
1743,w210679341,,North Astor Street,1201,-183.8,-2158.1,16.5,1767.8,7750,0,0,1,1.0,0,,,,,https://www.openstreetmap.org/way/210679341
2874,w210680650,,,,-170.9,-2165.9,16.0,1784.4,7750,0,0,1,1.0,0,,,,,https://www.openstreetmap.org/way/210680650
1751,w210679367,,North Astor Street,1207,-187.9,-2166.0,52.5,1786.0,7750,0,0,1,1.0,0,,,,,https://www.openstreetmap.org/way/210679367
2902,w210680688,,North Astor Street,1209,-187.8,-2184.8,59.5,1793.6,7750,0,0,1,1.0,0,,,,,https://www.openstreetmap.org/way/210680688
1770,w210679389,,North Astor Street,1221,-194.4,-2211.1,16.5,1830.6,7750,0,0,1,1.0,0,,,,,https://www.openstreetmap.org/way/210679389
2400,w210680078,,East Scott Street,55,-180.7,-2220.9,18.0,1834.1,7750,0,0,1,1.0,0,,,,,https://www.openstreetmap.org/way/210680078
1775,w210679395,,North Astor Street,1223,-192.0,-2222.3,15.5,1840.1,7750,0,0,1,1.0,0,,,,,https://www.openstreetmap.org/way/210679395
2378,w210680049,,East Scott Street,52,-207.8,-2266.4,18.0,1869.1,7750,0,0,1,1.0,0,,,,,https://www.openstreetmap.org/way/210680049
3303,w509908986,,,,-182.1,-2260.8,16.5,1870.1,7750,0,0,1,1.0,0,,,,,https://www.openstreetmap.org/way/509908986
1843,w210679468,,North Ritchie Court,1300,-199.6,-2356.8,18.5,1975.3,7750,0,0,1,1.0,0,,,,,https://www.openstreetmap.org/way/210679468
1847,w210679472,,North Astor Street,1301,-225.3,-2362.1,63.0,1977.6,7750,0,0,1,1.0,0,,,,,https://www.openstreetmap.org/way/210679472
1850,w210679475,,North Ritchie Court,1302,-200.3,-2363.2,18.0,1984.0,7750,0,0,1,1.0,0,,,,,https://www.openstreetmap.org/way/210679475
1854,w210679479,,North Ritchie Court,1304,-203.7,-2367.6,13.5,1989.5,7750,0,0,1,1.0,0,,,,,https://www.openstreetmap.org/way/210679479
1858,w210679483,,North Ritchie Court,1306,-203.9,-2374.2,14.0,1995.2,7750,0,0,1,1.0,0,,,,,https://www.openstreetmap.org/way/210679483
1907,w210679534,,North Astor Street,1325,-224.9,-2390.9,50.5,1998.6,7750,0,0,1,1.0,0,,,,,https://www.openstreetmap.org/way/210679534
1862,w210679487,,North Ritchie Court,1308,-202.5,-2378.6,15.5,1999.5,7750,0,0,1,1.0,0,,,,,https://www.openstreetmap.org/way/210679487
2743,w210680495,Ritchie Tower,North Ritchie Court,1310,-203.0,-2403.7,87.5,2011.0,7750,0,1,1,1.0,0,,,,,https://www.openstreetmap.org/way/210680495
1906,w210679533,,North Astor Street,1325,-234.2,-2425.3,54.5,2038.4,7750,0,0,1,1.0,0,,,,,https://www.openstreetmap.org/way/210679533
1934,w210679561,,North Astor Street,1335,-236.7,-2467.1,56.0,2084.8,7750,0,0,1,1.0,0,,,,,https://www.openstreetmap.org/way/210679561
3351,w547469418,,,,-227.1,-2490.2,15.0,2107.9,7750,0,0,1,1.0,0,,,,,https://www.openstreetmap.org/way/547469418
2934,w210684387,,North Astor Street,1345,-244.9,-2491.8,15.5,2115.1,7750,0,0,1,1.0,0,,,,,https://www.openstreetmap.org/way/210684387
2936,w210684389,,North Astor Street,1347,-245.9,-2498.2,15.5,2121.2,7750,0,0,1,1.0,0,,,,,https://www.openstreetmap.org/way/210684389
2941,w210684394,,North Astor Street,1349,-222.6,-2503.7,10.0,2125.2,7750,0,0,1,1.0,0,,,,,https://www.openstreetmap.org/way/210684394
2940,w210684393,,North Astor Street,1349,-247.8,-2503.8,16.5,2127.9,7750,0,0,1,1.0,0,,,,,https://www.openstreetmap.org/way/210684393
2953,w210684407,Astor Court,North Astor Street,1353-1359,-237.2,-2522.3,17.0,2132.5,7750,0,0,1,1.0,0,,,,,https://www.openstreetmap.org/way/210684407
2964,w210684418,,North Lake Shore Drive,1360,-182.8,-2537.8,66.5,2147.4,7750,0,0,1,1.0,0,,,,,https://www.openstreetmap.org/way/210684418
3032,w210686045,,East Schiller Street,39-41,-240.7,-2543.4,24.5,2159.1,7750,0,0,1,1.0,0,,,,,https://www.openstreetmap.org/way/210686045
3352,w547469420,,,,-229.2,-2543.8,24.5,2159.9,7750,0,0,1,1.0,0,,,,,https://www.openstreetmap.org/way/547469420
3039,w210686189,,East Schiller Street,50,-202.8,-2584.1,14.0,2198.3,7750,0,0,1,1.0,0,,,,,https://www.openstreetmap.org/way/210686189
3038,w210686187,,East Schiller Street,48,-209.5,-2583.3,13.0,2198.6,7750,0,0,1,1.0,0,,,,,https://www.openstreetmap.org/way/210686187
2982,w210684436,,North Astor Street,1401,-246.5,-2584.0,15.0,2200.3,7750,0,0,1,1.0,0,,,,,https://www.openstreetmap.org/way/210684436
3036,w210686146,,East Schiller Street,44,-221.0,-2581.2,14.0,2200.6,7750,0,0,1,1.0,0,,,,,https://www.openstreetmap.org/way/210686146
3033,w210686048,,East Schiller Street,40,-233.5,-2582.1,15.5,2200.7,7750,0,0,1,1.0,0,,,,,https://www.openstreetmap.org/way/210686048
3035,w210686089,,East Schiller Street,42,-226.4,-2581.0,14.0,2200.7,7750,0,0,1,1.0,0,,,,,https://www.openstreetmap.org/way/210686089
3037,w210686184,,East Schiller Street,46,-215.1,-2583.0,14.5,2200.7,7750,0,0,1,1.0,0,,,,,https://www.openstreetmap.org/way/210686184
3031,w210686044,,East Schiller Street,38,-239.6,-2585.4,13.0,2201.0,7750,0,0,1,1.0,0,,,,,https://www.openstreetmap.org/way/210686044
3739,r17595281,Chapel of St. James,North Rush Street,835,-109.0,-1440.7,38.0,1052.6,7755,0,0,1,0.9938,0,,,,,https://www.openstreetmap.org/relation/17595281
200,w144015975,The Whitehall Hotel,East Delaware Place,105,-107.7,-1571.7,76.5,1183.4,7755,0,0,1,1.0,0,,,,,https://www.openstreetmap.org/way/144015975
759,w160899267,,East Walton Street,66,-117.8,-1716.0,14.0,1321.1,7755,0,0,1,1.0,0,,,,,https://www.openstreetmap.org/way/160899267
762,w160899273,,East Walton Street,64,-125.5,-1713.0,14.0,1321.5,7755,0,0,1,1.0,0,,,,,https://www.openstreetmap.org/way/160899273
2452,w210680130,,East Oak Street,57,-134.3,-1749.8,15.0,1356.0,7755,0,0,1,1.0,0,,,,,https://www.openstreetmap.org/way/210680130
2474,w210680156,,East Oak Street,63-65,-124.0,-1753.8,3.0,1359.0,7755,0,0,1,1.0,0,,,,,https://www.openstreetmap.org/way/210680156
2500,w210680191,,East Oak Street,67,-114.8,-1750.9,18.5,1360.4,7755,0,0,1,1.0,0,,,,,https://www.openstreetmap.org/way/210680191
2486,w210680175,,East Bellevue Place,65,-126.7,-1838.2,15.0,1448.0,7755,0,0,1,1.0,0,,,,,https://www.openstreetmap.org/way/210680175
2472,w210680154,,East Bellevue Place,63,-134.0,-1843.8,15.0,1448.5,7755,0,0,1,1.0,0,,,,,https://www.openstreetmap.org/way/210680154
2499,w210680190,,East Bellevue Place,67,-122.3,-1843.1,14.5,1452.5,7755,0,0,1,1.0,0,,,,,https://www.openstreetmap.org/way/210680190
2460,w210680140,,East Bellevue Place,60,-136.7,-1897.5,16.0,1505.6,7755,0,0,1,1.0,0,,,,,https://www.openstreetmap.org/way/210680140
2449,w210680127,,East Cedar Street,57,-140.3,-1935.7,16.5,1549.4,7755,0,0,1,1.0,0,,,,,https://www.openstreetmap.org/way/210680127
2461,w210680141,,East Cedar Street,60,-134.2,-1981.5,18.0,1593.2,7755,0,0,1,1.0,0,,,,,https://www.openstreetmap.org/way/210680141
2888,w210680668,,,,-142.8,-2000.2,10.5,1616.1,7755,0,0,1,1.0,0,,,,,https://www.openstreetmap.org/way/210680668
2541,w210680236,,East Elm Street,73,-141.2,-2024.9,47.0,1631.1,7755,0,0,1,1.0,0,,,,,https://www.openstreetmap.org/way/210680236
2491,w210680180,Lake Shore Drive Synagogue,East Elm Street,66,-142.7,-2085.1,17.0,1686.6,7755,0,0,1,1.0,0,,,,,https://www.openstreetmap.org/way/210680180
2462,w210680142,,East Scott Street,60,-158.6,-2261.5,35.5,1867.4,7755,0,0,1,1.0,0,,,,,https://www.openstreetmap.org/way/210680142
1579,w210679144,Esquire Theater Building,East Oak Street,58-68,-135.1,-1810.3,23.5,1412.1,7760,0,0,1,1.0,0,,,,,https://www.openstreetmap.org/way/210679144
2512,w210680203,,East Bellevue Place,69,-116.6,-1843.2,15.5,1452.5,7760,0,0,1,1.0,0,,,,,https://www.openstreetmap.org/way/210680203
2478,w210680160,,East Cedar Street,64,-124.7,-1987.4,14.0,1595.5,7760,0,0,1,1.0,0,,,,,https://www.openstreetmap.org/way/210680160
2572,w210680289,,East Elm Street,75,-124.4,-2026.6,42.5,1633.3,7760,0,0,1,1.0,0,,,,,https://www.openstreetmap.org/way/210680289
2538,w210680232,,East Elm Street,72,-130.5,-2081.9,18.0,1685.1,7760,0,0,1,1.0,0,,,,,https://www.openstreetmap.org/way/210680232
2488,w210680177,,East Scott Street,65,-152.8,-2179.8,55.0,1766.0,7760,0,0,1,1.0,0,,,,,https://www.openstreetmap.org/way/210680177
206,w144015992,Quigley Seminary Building,East Chestnut Street,103,-118.5,-1472.6,35.0,1052.1,7765,0,0,1,0.9827,0,,,,,https://www.openstreetmap.org/way/144015992
1621,w210679193,,East Oak Street,101,-106.5,-1750.8,18.0,1355.7,7765,0,0,1,1.0,0,,,,,https://www.openstreetmap.org/way/210679193
2527,w210680219,,East Bellevue Place,71,-112.3,-1841.5,16.0,1446.9,7765,0,0,1,1.0,0,,,,,https://www.openstreetmap.org/way/210680219
2555,w210680263,,East Elm Street,74,-125.0,-2078.1,18.0,1684.9,7765,0,0,1,1.0,0,,,,,https://www.openstreetmap.org/way/210680263
2742,w210680494,Ritchie Court Condominiums,North Ritchie Court,1313,-152.6,-2385.5,78.5,1974.4,7765,0,0,1,1.0,0,,,,,https://www.openstreetmap.org/way/210680494
2978,w210684432,,North Lake Shore Drive,1400,-172.8,-2591.9,85.5,2191.5,7765,0,1,1,1.0,0,,,,,https://www.openstreetmap.org/way/210684432
698,w158621275,Michigan - Ohio Building,North Michigan Avenue,600,-16.0,-904.9,35.5,488.7,7770,0,0,1,1.0,0,,,,,https://www.openstreetmap.org/way/158621275
1720,w210679316,Woman's Athletic Club,East Ontario Street,116,-15.4,-978.7,47.5,577.9,7770,0,0,1,1.0,0,,,,,https://www.openstreetmap.org/way/210679316
2475,w210680157,,North Rush Street,631,-53.5,-971.1,17.0,577.9,7770,0,0,1,1.0,0,,,,,https://www.openstreetmap.org/way/210680157
1622,w210679194,Residence Inn Chicago Downtown Magnificent Mile,East Erie Street,101,-49.9,-1006.4,83.0,598.8,7770,0,1,1,1.0,0,,,,,https://www.openstreetmap.org/way/210679194
2481,w210680163,Starbucks Reserve,North Michigan Avenue,646,-17.5,-1017.4,33.0,611.4,7770,0,0,1,0.995,0,,,,,https://www.openstreetmap.org/way/210680163
2494,w210680184,,North Michigan Avenue,664,-27.9,-1074.5,152.0,667.2,7770,0,1,1,1.0,0,,,,,https://www.openstreetmap.org/way/210680184
1597,w210679166,Metropolitan Water Reclamation District of Greater Chicago,East Erie Street,100,-52.4,-1074.0,74.0,667.4,7770,0,0,1,1.0,0,,,,,https://www.openstreetmap.org/way/210679166
1564,w210679106,Omni Chicago Hotel,North Michigan Avenue,676,-44.0,-1104.7,144.0,709.6,7770,0,1,1,1.0,0,,,,,https://www.openstreetmap.org/way/210679106
3867,w159142371,Chicago Place,North Michigan Avenue,700,-23.1,-1168.1,184.0,756.5,7770,0,1,1,1.0,0,,,,,https://www.openstreetmap.org/way/159142371
629,w153966966,The Peninsula Chicago,East Superior Street,108,-30.7,-1274.8,80.5,845.6,7770,0,1,1,1.0,0,,,,,https://www.openstreetmap.org/way/153966966
3804,w143830547,Park Tower,North Michigan Avenue,800,-67.5,-1373.8,254.5,960.4,7770,0,1,1,1.0,0,,,,,https://www.openstreetmap.org/way/143830547
3800,w130147025,Chicago Water Tower,North Michigan Avenue,806,-3.7,-1376.5,55.0,985.9,7770,0,0,1,1.0,0,,,,,https://www.openstreetmap.org/way/130147025
3658,w1283025265,,,,-53.6,-1385.0,124.0,997.1,7770,0,1,1,1.0,0,,,,,https://www.openstreetmap.org/way/1283025265
210,w144016007,Lewis Towers,North Michigan Avenue,820,-82.6,-1400.1,74.5,1008.8,7770,0,0,1,1.0,0,,,,,https://www.openstreetmap.org/way/144016007
1535,w210678671,,North Michigan Avenue,830,-27.7,-1442.6,33.0,1048.5,7770,0,0,1,1.0,0,,,,,https://www.openstreetmap.org/way/210678671
3805,w144015971,Elysées Condominiums,East Chestnut Street,111,-75.6,-1476.0,162.0,1051.2,7770,0,1,1,1.0,0,,,,,https://www.openstreetmap.org/way/144015971
203,w144015983,,North Michigan Avenue,840,-22.3,-1488.5,30.0,1083.7,7770,0,0,1,1.0,0,,,,,https://www.openstreetmap.org/way/144015983
189,w143771528,,,,-18.9,-1541.6,16.5,1141.2,7770,0,0,1,1.0,0,,,,,https://www.openstreetmap.org/way/143771528
3659,w1283045485,,,,-62.8,-1552.1,25.5,1141.2,7770,0,0,1,1.0,0,,,,,https://www.openstreetmap.org/way/1283045485
202,w144015980,Selina Hotel Chicago,East Chestnut Street,100,-97.6,-1533.1,54.0,1141.8,7770,0,0,1,1.0,0,,,,,https://www.openstreetmap.org/way/144015980
199,w144015970,,East Chestnut Street,102,-94.5,-1538.5,54.0,1142.1,7770,0,0,1,1.0,0,,,,,https://www.openstreetmap.org/way/144015970
3660,w1283045486,,,,-28.2,-1563.5,31.5,1149.1,7770,0,0,1,1.0,0,,,,,https://www.openstreetmap.org/way/1283045486
632,w153966971,,,,-89.9,-1572.4,68.0,1175.2,7770,0,0,1,1.0,0,,,,,https://www.openstreetmap.org/way/153966971
170,w129575948,Fourth Presbyterian Church,North Michigan Avenue,876,-29.9,-1581.6,36.5,1185.6,7770,0,0,1,1.0,0,,,,,https://www.openstreetmap.org/way/129575948
3661,w1283045499,,,,-94.7,-1591.6,4.0,1208.3,7770,0,0,1,1.0,0,,,,,https://www.openstreetmap.org/way/1283045499
3761,w31064552,900 North Michigan,North Michigan Avenue,900,-79.6,-1646.3,264.5,1232.3,7770,0,1,1,1.0,0,,,,,https://www.openstreetmap.org/way/31064552
235,w144124764,Michigan Place,East Delaware Place,110,-104.2,-1623.6,63.5,1233.0,7770,0,0,1,1.0,0,,,,,https://www.openstreetmap.org/way/144124764
231,w144020993,The Walton Residence,East Walton Street,100,-77.9,-1716.5,123.0,1319.9,7770,0,1,1,1.0,0,,,,,https://www.openstreetmap.org/way/144020993
767,w160899288,,East Walton Street,68-70,-104.7,-1716.4,48.5,1320.6,7770,0,0,1,1.0,0,,,,,https://www.openstreetmap.org/way/160899288
187,w143758386,One Magnificent Mile,North Michigan Avenue,940-980,-27.1,-1739.0,201.0,1321.0,7770,0,1,1,1.0,0,,,,,https://www.openstreetmap.org/way/143758386
1664,w210679241,,East Oak Street,109,-82.7,-1755.1,16.0,1354.8,7770,0,0,1,1.0,0,,,,,https://www.openstreetmap.org/way/210679241
1692,w210679278,,East Oak Street,113,-69.2,-1752.6,25.0,1354.8,7770,0,0,1,1.0,0,,,,,https://www.openstreetmap.org/way/210679278
1676,w210679255,,East Oak Street,111,-74.3,-1749.3,17.0,1355.0,7770,0,0,1,1.0,0,,,,,https://www.openstreetmap.org/way/210679255
1659,w210679235,,East Oak Street,107,-90.1,-1750.8,18.5,1355.2,7770,0,0,1,1.0,0,,,,,https://www.openstreetmap.org/way/210679235
1636,w210679209,,East Oak Street,103,-95.8,-1752.9,18.5,1355.5,7770,0,0,1,1.0,0,,,,,https://www.openstreetmap.org/way/210679209
1719,w210679315,,East Oak Street,116,-61.3,-1808.1,14.5,1410.5,7770,0,0,1,1.0,0,,,,,https://www.openstreetmap.org/way/210679315
1700,w210679286,,East Oak Street,114,-67.4,-1808.0,13.0,1410.6,7770,0,0,1,1.0,0,,,,,https://www.openstreetmap.org/way/210679286
1682,w210679263,,East Oak Street,112,-74.1,-1811.2,12.5,1410.8,7770,0,0,1,1.0,0,,,,,https://www.openstreetmap.org/way/210679263
1670,w210679247,,East Oak Street,110,-78.8,-1811.5,17.0,1410.9,7770,0,0,1,1.0,0,,,,,https://www.openstreetmap.org/way/210679247
2731,w210680475,,East Oak Street,120,-51.3,-1815.8,14.5,1410.9,7770,0,0,1,1.0,0,,,,,https://www.openstreetmap.org/way/210680475
802,w201603717,1000 Lake Shore Plaza,North Lake Shore Drive,1000,-22.3,-1805.7,183.0,1411.0,7770,0,1,1,1.0,0,,,,,https://www.openstreetmap.org/way/201603717
1657,w210679233,,East Oak Street,106,-88.2,-1808.3,17.5,1411.2,7770,0,0,1,1.0,0,,,,,https://www.openstreetmap.org/way/210679233
2518,w210680209,,East Oak Street,70-104,-103.5,-1807.9,22.5,1411.5,7770,0,0,1,1.0,0,,,,,https://www.openstreetmap.org/way/210680209
3321,w544792919,,,,-36.8,-1828.6,66.0,1438.8,7770,0,0,1,1.0,0,,,,,https://www.openstreetmap.org/way/544792919
1703,w210679295,,East Bellevue Place,115,-61.6,-1842.0,15.0,1445.6,7770,0,0,1,1.0,0,,,,,https://www.openstreetmap.org/way/210679295
1730,w210679326,,East Bellevue Place,117,-56.9,-1842.1,15.5,1445.6,7770,0,0,1,1.0,0,,,,,https://www.openstreetmap.org/way/210679326
1691,w210679277,,East Bellevue Place,113,-66.8,-1841.8,15.0,1445.7,7770,0,0,1,1.0,0,,,,,https://www.openstreetmap.org/way/210679277
1675,w210679254,,East Bellevue Place,111,-72.5,-1841.7,14.5,1445.8,7770,0,0,1,1.0,0,,,,,https://www.openstreetmap.org/way/210679254
1658,w210679234,,East Bellevue Place,107,-83.4,-1848.3,15.0,1445.9,7770,0,0,1,1.0,0,,,,,https://www.openstreetmap.org/way/210679234
1663,w210679240,,East Bellevue Place,109,-78.1,-1841.5,13.0,1445.9,7770,0,0,1,1.0,0,,,,,https://www.openstreetmap.org/way/210679240
2741,w210680492,,East Bellevue Place,105,-89.7,-1844.7,16.5,1445.9,7770,0,0,1,1.0,0,,,,,https://www.openstreetmap.org/way/210680492
1635,w210679208,,East Bellevue Place,103,-95.7,-1844.9,16.0,1446.2,7770,0,0,1,1.0,0,,,,,https://www.openstreetmap.org/way/210679208
1620,w210679192,,East Bellevue Place,101,-104.0,-1841.8,15.5,1446.5,7770,0,0,1,1.0,0,,,,,https://www.openstreetmap.org/way/210679192
803,w201639042,,North Lake Shore Drive,1010,-22.0,-1843.0,73.0,1452.1,7770,0,0,1,1.0,0,,,,,https://www.openstreetmap.org/way/201639042
2765,w210680521,The Carlyle,North Lake Shore Drive,1040,-19.9,-1915.0,118.5,1503.0,7770,0,1,1,1.0,0,,,,,https://www.openstreetmap.org/way/210680521
1736,w210679333,Fortnightly of Chicago,East Bellevue Place,120,-55.8,-1894.7,18.0,1504.6,7770,0,0,1,1.0,0,,,,,https://www.openstreetmap.org/way/210679333
1548,w210679084,Bellevue Place,East Bellevue Place,100,-103.1,-1892.0,103.5,1505.0,7770,0,1,1,1.0,0,,,,,https://www.openstreetmap.org/way/210679084
1549,w210679085,,East Bellevue Place,112,-72.2,-1905.6,16.5,1506.4,7770,0,0,1,1.0,0,,,,,https://www.openstreetmap.org/way/210679085
2582,w210680299,,East Cedar Street,79,-77.8,-1934.5,17.5,1545.0,7770,0,0,1,1.0,0,,,,,https://www.openstreetmap.org/way/210680299
2540,w210680235,,East Cedar Street,73,-91.0,-1935.9,14.0,1545.5,7770,0,0,1,1.0,0,,,,,https://www.openstreetmap.org/way/210680235
2513,w210680204,,East Cedar Street,69,-103.3,-1934.5,15.0,1545.6,7770,0,0,1,1.0,0,,,,,https://www.openstreetmap.org/way/210680204
2459,w210680138,,East Cedar Street,59-65,-127.7,-1937.8,17.5,1546.0,7770,0,0,1,1.0,0,,,,,https://www.openstreetmap.org/way/210680138
2577,w210680294,,East Cedar Street,77,-85.8,-1936.9,17.0,1547.6,7770,0,0,1,1.0,0,,,,,https://www.openstreetmap.org/way/210680294
2528,w210680220,,East Cedar Street,71,-98.0,-1935.0,14.5,1547.8,7770,0,0,1,1.0,0,,,,,https://www.openstreetmap.org/way/210680220
2898,w210680683,,North Lake Shore Drive,1100,-64.9,-1993.6,122.5,1591.2,7770,0,1,1,1.0,0,,,,,https://www.openstreetmap.org/way/210680683
2920,w210680709,,East Cedar Street,70,-98.5,-1985.9,59.0,1591.5,7770,0,0,1,1.0,0,,,,,https://www.openstreetmap.org/way/210680709
2511,w210680202,,East Cedar Street,68,-109.2,-1986.2,36.0,1596.0,7770,0,0,1,1.0,0,,,,,https://www.openstreetmap.org/way/210680202
2490,w210680179,,East Cedar Street,66,-117.0,-1992.6,17.5,1596.2,7770,0,0,1,1.0,0,,,,,https://www.openstreetmap.org/way/210680179
2899,w210680684,,North Lake Shore Drive,1110,-47.3,-2005.6,119.0,1610.3,7770,0,1,1,1.0,0,,,,,https://www.openstreetmap.org/way/210680684
2583,w210680300,,East Elm Street,79,-110.5,-2023.3,17.5,1630.8,7770,0,0,1,1.0,0,,,,,https://www.openstreetmap.org/way/210680300
2579,w210680296,,East Elm Street,77,-119.3,-2024.7,19.0,1632.9,7770,0,0,1,1.0,0,,,,,https://www.openstreetmap.org/way/210680296
2646,w210680374,,East Elm Street,87,-87.0,-2028.6,61.5,1633.0,7770,0,0,1,1.0,0,,,,,https://www.openstreetmap.org/way/210680374
2614,w210680339,,East Elm Street,83-85,-96.4,-2024.7,14.0,1633.3,7770,0,0,1,1.0,0,,,,,https://www.openstreetmap.org/way/210680339
2595,w210680314,,East Elm Street,81,-105.6,-2024.9,13.0,1633.7,7770,0,0,1,1.0,0,,,,,https://www.openstreetmap.org/way/210680314
1685,w210679267,,North Lake Shore Drive,1120,-59.2,-2029.3,68.5,1637.6,7770,0,0,1,1.0,0,,,,,https://www.openstreetmap.org/way/210679267
1694,w210679280,,North Lake Shore Drive,1130,-63.1,-2072.3,37.5,1682.2,7770,0,0,1,1.0,0,,,,,https://www.openstreetmap.org/way/210679280
2585,w210680303,,East Elm Street,80-82,-102.2,-2085.3,18.0,1684.2,7770,0,0,1,1.0,0,,,,,https://www.openstreetmap.org/way/210680303
2576,w210680293,,East Elm Street,76-78,-114.7,-2081.3,17.0,1684.5,7770,0,0,1,1.0,0,,,,,https://www.openstreetmap.org/way/210680293
1708,w210679300,,North Lake Shore Drive,1150,-81.7,-2107.0,73.0,1701.4,7770,0,0,1,1.0,0,,,,,https://www.openstreetmap.org/way/210679300
2571,w210680288,,East Division Street,75,-115.1,-2114.9,33.0,1718.7,7770,0,0,1,1.0,0,,,,,https://www.openstreetmap.org/way/210680288
2578,w210680295,,East Division Street,77,-109.7,-2112.7,16.0,1719.3,7770,0,0,1,1.0,0,,,,,https://www.openstreetmap.org/way/210680295
2529,w210680221,,East Division Street,71,-143.0,-2110.9,60.5,1719.8,7770,0,0,1,0.9884,0,,,,,https://www.openstreetmap.org/way/210680221
1741,w210679338,,North Lake Shore Drive,1200,-82.8,-2159.2,93.5,1764.5,7770,0,1,1,1.0,0,,,,,https://www.openstreetmap.org/way/210679338
2903,w210680689,1212 Lake Shore Drive Condominium,North Lake Shore Drive,1212,-79.3,-2199.2,104.0,1787.4,7770,0,1,1,1.0,0,,,,,https://www.openstreetmap.org/way/210680689
1797,w210679418,,North Lake Shore Drive,1240,-84.6,-2258.8,98.5,1866.3,7770,0,1,1,1.0,0,,,,,https://www.openstreetmap.org/way/210679418
2516,w210680207,,East Scott Street,70,-136.8,-2257.7,34.5,1866.3,7770,0,0,1,1.0,0,,,,,https://www.openstreetmap.org/way/210680207
2904,w210680691,,North Lake Shore Drive,1242,-94.0,-2283.4,95.5,1891.9,7770,0,1,1,1.0,0,,,,,https://www.openstreetmap.org/way/210680691
1810,w210679432,,North Stone Street,1244,-146.0,-2277.8,38.0,1892.5,7770,0,0,1,1.0,0,,,,,https://www.openstreetmap.org/way/210679432
1821,w210679444,,North Lake Shore Drive,1250,-92.5,-2301.2,16.5,1911.2,7770,0,0,1,1.0,0,,,,,https://www.openstreetmap.org/way/210679444
2361,w210680031,,East Goethe Street,5,-151.7,-2311.6,40.5,1912.3,7770,0,0,1,1.0,0,,,,,https://www.openstreetmap.org/way/210680031
1827,w210679451,,North Lake Shore Drive,1254,-94.2,-2315.8,18.5,1927.9,7770,0,0,1,1.0,0,,,,,https://www.openstreetmap.org/way/210679451
1834,w210679458,,North Lake Shore Drive,1258,-97.2,-2324.4,19.0,1939.3,7770,0,0,1,1.0,0,,,,,https://www.openstreetmap.org/way/210679458
1839,w210679464,,North Lake Shore Drive,1260,-97.5,-2330.6,17.0,1945.5,7770,0,0,1,1.0,0,,,,,https://www.openstreetmap.org/way/210679464
2905,w210680692,,North Lake Shore Drive,1300,-106.7,-2378.6,124.0,1972.9,7770,0,1,1,0.9926,0,,,,,https://www.openstreetmap.org/way/210680692
3312,w541185518,61 Banks Street,East Banks Street,61,-141.1,-2418.5,14.5,2023.4,7770,0,0,1,1.0,0,,,,,https://www.openstreetmap.org/way/541185518
1958,w210679586,,North Lake Shore Drive,1350,-168.8,-2481.6,66.5,2089.7,7770,0,0,1,1.0,0,,,,,https://www.openstreetmap.org/way/210679586
3350,w547469415,,,,-152.8,-2511.9,63.0,2108.1,7770,0,0,1,1.0,0,,,,,https://www.openstreetmap.org/way/547469415
