Godot Engine v4.6.2.stable.official.71f334935 - https://godotengine.org

[   0% ] [90m[1mfirst_scan_filesystem[22m | Started Project initialization (5 steps)[39m[0m
[   0% ] [90m[1mfirst_scan_filesystem[22m | Scanning file structure...[39m[0m
[  16% ] [90m[1mfirst_scan_filesystem[22m | Loading global class names...[39m[0m
[  33% ] [90m[1mfirst_scan_filesystem[22m | Verifying GDExtensions...[39m[0m
[  50% ] [90m[1mfirst_scan_filesystem[22m | Creating autoload scripts...[39m[0m
[  66% ] [90m[1mfirst_scan_filesystem[22m | Initializing plugins...[39m[0m
[  83% ] [90m[1mfirst_scan_filesystem[22m | Starting file scan...[39m[0m
[92m[ DONE ][39m [1mfirst_scan_filesystem[22m
[0m
[   0% ] [90m[1mupdate_scripts_classes[22m | Started Registering global classes... (2 steps)[39m[0m
[   0% ] [90m[1mupdate_scripts_classes[22m | [39m[0m
[  33% ] [90m[1mupdate_scripts_classes[22m | [39m[0m
[92m[ DONE ][39m [1mupdate_scripts_classes[22m
[0m
[   0% ] [90m[1mloading_editor_layout[22m | Started Loading editor (5 steps)[39m[0m
[   0% ] [90m[1mloading_editor_layout[22m | Loading editor layout...[39m[0m
[  16% ] [90m[1mloading_editor_layout[22m | Loading docks...[39m[0m
[92m[ DONE ][39m [1mloading_editor_layout[22m
[0m
Godot Engine v4.6.2.stable.official.71f334935 - https://godotengine.org

[   0% ] [90m[1mfirst_scan_filesystem[22m | Started Project initialization (5 steps)[39m[0m
[   0% ] [90m[1mfirst_scan_filesystem[22m | Scanning file structure...[39m[0m
[  16% ] [90m[1mfirst_scan_filesystem[22m | Loading global class names...[39m[0m
[  33% ] [90m[1mfirst_scan_filesystem[22m | Verifying GDExtensions...[39m[0m
[  50% ] [90m[1mfirst_scan_filesystem[22m | Creating autoload scripts...[39m[0m
[  66% ] [90m[1mfirst_scan_filesystem[22m | Initializing plugins...[39m[0m
[  83% ] [90m[1mfirst_scan_filesystem[22m | Starting file scan...[39m[0m
[92m[ DONE ][39m [1mfirst_scan_filesystem[22m
[0m
[   0% ] [90m[1mexport[22m | Started Exporting for macOS (3 steps)[39m[0m
[   0% ] [90m[1mexport[22m | Creating app bundle[39m[0m
[  25% ] [90m[1mexport[22m | Making PKG[39m[0m
[   0% ] [90m[1msavepack[22m | Started Packing (102 steps)[39m[0m
[   1% ] [90m[1msavepack[22m | Storing File: res://assets/audio/bank-manifest.json[39m[0m
[   1% ] [90m[1msavepack[22m | Storing File: res://.godot/imported/coast-high.wav-fdd36d35f2047f7f59a3699e0a796762.sample[39m[0m
[   1% ] [90m[1msavepack[22m | Storing File: res://assets/audio/coast-high.wav.import[39m[0m
[   1% ] [90m[1msavepack[22m | Storing File: res://.godot/imported/coast-idle.wav-dec32bf553c416f6a45aa84ce736be07.sample[39m[0m
[   1% ] [90m[1msavepack[22m | Storing File: res://assets/audio/coast-idle.wav.import[39m[0m
[   1% ] [90m[1msavepack[22m | Storing File: res://.godot/imported/coast-low.wav-6bdeed9feba7cbdd8911222f78c039ad.sample[39m[0m
[   1% ] [90m[1msavepack[22m | Storing File: res://assets/audio/coast-low.wav.import[39m[0m
[   1% ] [90m[1msavepack[22m | Storing File: res://.godot/imported/coast-mid.wav-43d7a0ed89e77bee04edfb9768ad774a.sample[39m[0m
[   1% ] [90m[1msavepack[22m | Storing File: res://assets/audio/coast-mid.wav.import[39m[0m
[   1% ] [90m[1msavepack[22m | Storing File: res://.godot/imported/engine-high.wav-8b68c8c72bd9c690c3ec813fcd813d73.sample[39m[0m
[   1% ] [90m[1msavepack[22m | Storing File: res://assets/audio/engine-high.wav.import[39m[0m
[   1% ] [90m[1msavepack[22m | Storing File: res://.godot/imported/engine-idle.wav-55cd398ff9fc9b40c3cfe118b5ecabe7.sample[39m[0m
[   1% ] [90m[1msavepack[22m | Storing File: res://assets/audio/engine-idle.wav.import[39m[0m
[   2% ] [90m[1msavepack[22m | Storing File: res://.godot/imported/engine-low.wav-1da769f52384abbda929593c3e54ec6c.sample[39m[0m
[   2% ] [90m[1msavepack[22m | Storing File: res://assets/audio/engine-low.wav.import[39m[0m
[   2% ] [90m[1msavepack[22m | Storing File: res://.godot/imported/engine-mid.wav-7f7b4ce4f33c22f07e8591c54ed36a4d.sample[39m[0m
[   2% ] [90m[1msavepack[22m | Storing File: res://assets/audio/engine-mid.wav.import[39m[0m
[   2% ] [90m[1msavepack[22m | Storing File: res://trackgen/data/spa/raw-lidar/terrain-002.json[39m[0m
[   2% ] [90m[1msavepack[22m | Storing File: res://trackgen/data/spa/raw-lidar/terrain-003.json[39m[0m
[   2% ] [90m[1msavepack[22m | Storing File: res://trackgen/data/spa/raw-lidar/terrain-004.json[39m[0m
[   2% ] [90m[1msavepack[22m | Storing File: res://.godot/imported/body.glb-630579f21f59b507f62b37e8aa41326f.scn[39m[0m
[   2% ] [90m[1msavepack[22m | Storing File: res://assets/cars/f296gt3/body.glb.import[39m[0m
[   2% ] [90m[1msavepack[22m | Storing File: res://.godot/imported/body_AUX_LIGHT_baseColor.png-8588f9980bf894d0a309c14a2a2f4eea.ctex[39m[0m
[   2% ] [90m[1msavepack[22m | Storing File: res://assets/cars/f296gt3/body_AUX_LIGHT_baseColor.png.import[39m[0m
[   3% ] [90m[1msavepack[22m | Storing File: res://.godot/imported/body_BELT_SABELT_baseColor.png-30cd0370e7103c94c040cba78f112475.ctex[39m[0m
[   3% ] [90m[1msavepack[22m | Storing File: res://assets/cars/f296gt3/body_BELT_SABELT_baseColor.png.import[39m[0m
[   3% ] [90m[1msavepack[22m | Storing File: res://.godot/imported/body_BELT_SABELT_normal.png-279be4e78cc527df485d6cc8d5628e7b.ctex[39m[0m
[   3% ] [90m[1msavepack[22m | Storing File: res://assets/cars/f296gt3/body_BELT_SABELT_normal.png.import[39m[0m
[   3% ] [90m[1msavepack[22m | Storing File: res://.godot/imported/body_BORRACHA_CHASSIS_baseColor.png-d058ac34727cdea87dfd22e534270e18.ctex[39m[0m
[   3% ] [90m[1msavepack[22m | Storing File: res://assets/cars/f296gt3/body_BORRACHA_CHASSIS_baseColor.png.import[39m[0m
[   3% ] [90m[1msavepack[22m | Storing File: res://.godot/imported/body_DISPLAY_baseColor.png-eb79fa492bc1146b46ef162314b6cb9a.ctex[39m[0m
[   3% ] [90m[1msavepack[22m | Storing File: res://assets/cars/f296gt3/body_DISPLAY_baseColor.png.import[39m[0m
[   3% ] [90m[1msavepack[22m | Storing File: res://.godot/imported/body_DISPLAY_SAS_baseColor.png-8bb227e5341e7c83273f2b909cde44d9.ctex[39m[0m
[   3% ] [90m[1msavepack[22m | Storing File: res://assets/cars/f296gt3/body_DISPLAY_SAS_baseColor.png.import[39m[0m
[   3% ] [90m[1msavepack[22m | Storing File: res://.godot/imported/body_EXT_Banner_baseColor.png-b95760c372111407277a425a37e96151.ctex[39m[0m
[   3% ] [90m[1msavepack[22m | Storing File: res://assets/cars/f296gt3/body_EXT_Banner_baseColor.png.import[39m[0m
[   3% ] [90m[1msavepack[22m | Storing File: res://.godot/imported/body_EXT_Carpaint_Inst_baseColor.png-8d3ec0288c69e9583a2a370f17b9c709.ctex[39m[0m
[   3% ] [90m[1msavepack[22m | Storing File: res://assets/cars/f296gt3/body_EXT_Carpaint_Inst_baseColor.png.import[39m[0m
[   4% ] [90m[1msavepack[22m | Storing File: res://.godot/imported/body_EXT_Carpaint_Inst_clearcoat.png-fd0a0a10553c5b602bd253ade7222d6a.ctex[39m[0m
[   4% ] [90m[1msavepack[22m | Storing File: res://assets/cars/f296gt3/body_EXT_Carpaint_Inst_clearcoat.png.import[39m[0m
[   4% ] [90m[1msavepack[22m | Storing File: res://.godot/imported/body_EXT_Details_baseColor.png-b5f68a4b8c593a63a77c83bd107f1a09.ctex[39m[0m
[   4% ] [90m[1msavepack[22m | Storing File: res://assets/cars/f296gt3/body_EXT_Details_baseColor.png.import[39m[0m
[   4% ] [90m[1msavepack[22m | Storing File: res://.godot/imported/body_EXT_Details_normal.png-fb5770350ba8d941116151a81736d1a5.ctex[39m[0m
[   4% ] [90m[1msavepack[22m | Storing File: res://assets/cars/f296gt3/body_EXT_Details_normal.png.import[39m[0m
[   4% ] [90m[1msavepack[22m | Storing File: res://.godot/imported/body_EXT_Emissive_Light_Rear_baseColor.png-6451eae1ca3654e90bb2105754e80e05.ctex[39m[0m
[   4% ] [90m[1msavepack[22m | Storing File: res://assets/cars/f296gt3/body_EXT_Emissive_Light_Rear_baseColor.png.import[39m[0m
[   4% ] [90m[1msavepack[22m | Storing File: res://.godot/imported/body_EXT_Emissive_Light_Rear_normal.png-7bd9d991a2ba5936cc67c8c7c9dc9e2e.ctex[39m[0m
[   4% ] [90m[1msavepack[22m | Storing File: res://assets/cars/f296gt3/body_EXT_Emissive_Light_Rear_normal.png.import[39m[0m
[   4% ] [90m[1msavepack[22m | Storing File: res://.godot/imported/body_EXT_Glass_Emissive_Front_baseColor.png-143c1c4e19276607efc7ac2085bc2003.ctex[39m[0m
[   4% ] [90m[1msavepack[22m | Storing File: res://assets/cars/f296gt3/body_EXT_Glass_Emissive_Front_baseColor.png.import[39m[0m
[   4% ] [90m[1msavepack[22m | Storing File: res://.godot/imported/body_EXT_Glass_Emissive_Rear_baseColor.png-796e6b0a106504713cf489104fed3b97.ctex[39m[0m
[   4% ] [90m[1msavepack[22m | Storing File: res://assets/cars/f296gt3/body_EXT_Glass_Emissive_Rear_baseColor.png.import[39m[0m
[   5% ] [90m[1msavepack[22m | Storing File: res://.godot/imported/body_EXT_Grid_baseColor.png-c0fec412e8c40b13905128f0430c574c.ctex[39m[0m
[   5% ] [90m[1msavepack[22m | Storing File: res://assets/cars/f296gt3/body_EXT_Grid_baseColor.png.import[39m[0m
[   5% ] [90m[1msavepack[22m | Storing File: res://.godot/imported/body_EXT_Mechanics_baseColor.png-e4c1fab0879ac7e8185714b51b719802.ctex[39m[0m
[   5% ] [90m[1msavepack[22m | Storing File: res://assets/cars/f296gt3/body_EXT_Mechanics_baseColor.png.import[39m[0m
[   5% ] [90m[1msavepack[22m | Storing File: res://.godot/imported/body_INT_BANNER_baseColor.png-82f12e54c851565ce6da15acf6ad24b5.ctex[39m[0m
[   5% ] [90m[1msavepack[22m | Storing File: res://assets/cars/f296gt3/body_INT_BANNER_baseColor.png.import[39m[0m
[   5% ] [90m[1msavepack[22m | Storing File: res://.godot/imported/body_INT_CARBON_BAGE_baseColor.png-5ed54deb82dc45d01caaefd990b42fef.ctex[39m[0m
[   5% ] [90m[1msavepack[22m | Storing File: res://assets/cars/f296gt3/body_INT_CARBON_BAGE_baseColor.png.import[39m[0m
[   5% ] [90m[1msavepack[22m | Storing File: res://.godot/imported/body_INT_CARBON_BAGE_normal.png-046c15f7d83a8f2b4b25e170ae890f6c.ctex[39m[0m
[   5% ] [90m[1msavepack[22m | Storing File: res://assets/cars/f296gt3/body_INT_CARBON_BAGE_normal.png.import[39m[0m
[   5% ] [90m[1msavepack[22m | Storing File: res://.godot/imported/body_INT_Carbon_baseColor.png-b8668c9359cd5ff299a257168086f6a9.ctex[39m[0m
[   5% ] [90m[1msavepack[22m | Storing File: res://assets/cars/f296gt3/body_INT_Carbon_baseColor.png.import[39m[0m
[   5% ] [90m[1msavepack[22m | Storing File: res://.godot/imported/body_INT_Carbon_normal.png-3f7a91a80614cabcf096b8fd99749a72.ctex[39m[0m
[   5% ] [90m[1msavepack[22m | Storing File: res://assets/cars/f296gt3/body_INT_Carbon_normal.png.import[39m[0m
[   6% ] [90m[1msavepack[22m | Storing File: res://.godot/imported/body_INT_DECALS_baseColor.png-aaba903cf4f192755c62463e2aa2c3cb.ctex[39m[0m
[   6% ] [90m[1msavepack[22m | Storing File: res://assets/cars/f296gt3/body_INT_DECALS_baseColor.png.import[39m[0m
[   6% ] [90m[1msavepack[22m | Storing File: res://.godot/imported/body_INT_DECALS_normal.png-3494c4840183a55a7e3104281944b384.ctex[39m[0m
[   6% ] [90m[1msavepack[22m | Storing File: res://assets/cars/f296gt3/body_INT_DECALS_normal.png.import[39m[0m
[   6% ] [90m[1msavepack[22m | Storing File: res://.godot/imported/body_INT_ELECTRONICS_baseColor.png-28d138a711195879b20619dcc9bb66f5.ctex[39m[0m
[   6% ] [90m[1msavepack[22m | Storing File: res://assets/cars/f296gt3/body_INT_ELECTRONICS_baseColor.png.import[39m[0m
[   6% ] [90m[1msavepack[22m | Storing File: res://.godot/imported/body_INT_LED_baseColor.png-153e4ad04aac44325c5dcf5ce5bc42f3.ctex[39m[0m
[   6% ] [90m[1msavepack[22m | Storing File: res://assets/cars/f296gt3/body_INT_LED_baseColor.png.import[39m[0m
[   6% ] [90m[1msavepack[22m | Storing File: res://.godot/imported/body_INT_MANGUEIRAS_BLACKS_baseColor.png-1c6c41806ec5c1bbe6879eb04a3f4852.ctex[39m[0m
[   6% ] [90m[1msavepack[22m | Storing File: res://assets/cars/f296gt3/body_INT_MANGUEIRAS_BLACKS_baseColor.png.import[39m[0m
[   6% ] [90m[1msavepack[22m | Storing File: res://.godot/imported/body_INT_NET_baseColor.png-4583124163ce131e84fa57cba906a996.ctex[39m[0m
[   6% ] [90m[1msavepack[22m | Storing File: res://assets/cars/f296gt3/body_INT_NET_baseColor.png.import[39m[0m
[   6% ] [90m[1msavepack[22m | Storing File: res://.godot/imported/body_INT_NET_normal.png-ba6f59e5f30a9f7d27dc44d818d7c4c5.ctex[39m[0m
[   6% ] [90m[1msavepack[22m | Storing File: res://assets/cars/f296gt3/body_INT_NET_normal.png.import[39m[0m
[   7% ] [90m[1msavepack[22m | Storing File: res://.godot/imported/body_INT_Racelogic_baseColor.png-9f2f4d2c4776c7a6083008e8a2e40c34.ctex[39m[0m
[   7% ] [90m[1msavepack[22m | Storing File: res://assets/cars/f296gt3/body_INT_Racelogic_baseColor.png.import[39m[0m
[   7% ] [90m[1msavepack[22m | Storing File: res://.godot/imported/body_INT_Racelogic_normal.png-8f6bc88ca843ac4870043be95da09380.ctex[39m[0m
[   7% ] [90m[1msavepack[22m | Storing File: res://assets/cars/f296gt3/body_INT_Racelogic_normal.png.import[39m[0m
[   7% ] [90m[1msavepack[22m | Storing File: res://.godot/imported/body_INT_SAS_baseColor.png-eb213e04f1eb0a1a3d7f397e9daa6458.ctex[39m[0m
[   7% ] [90m[1msavepack[22m | Storing File: res://assets/cars/f296gt3/body_INT_SAS_baseColor.png.import[39m[0m
[   7% ] [90m[1msavepack[22m | Storing File: res://.godot/imported/body_INT_SAS_normal.png-5b69a5ee2228b7525f525204504767a7.ctex[39m[0m
[   7% ] [90m[1msavepack[22m | Storing File: res://assets/cars/f296gt3/body_INT_SAS_normal.png.import[39m[0m
[   7% ] [90m[1msavepack[22m | Storing File: res://.godot/imported/body_INT_Steer_baseColor.png-7f5740b1330473265e4a7c962f7efa77.ctex[39m[0m
[   7% ] [90m[1msavepack[22m | Storing File: res://assets/cars/f296gt3/body_INT_Steer_baseColor.png.import[39m[0m
[   7% ] [90m[1msavepack[22m | Storing File: res://.godot/imported/body_INT_Steer_normal.png-bfc6df78a3c1f07de95ce7ba467de67e.ctex[39m[0m
[   7% ] [90m[1msavepack[22m | Storing File: res://assets/cars/f296gt3/body_INT_Steer_normal.png.import[39m[0m
[   7% ] [90m[1msavepack[22m | Storing File: res://.godot/imported/body_INT_WELDING_baseColor.png-0b3c79b59368501e50fdc5817f49f01b.ctex[39m[0m
[   7% ] [90m[1msavepack[22m | Storing File: res://assets/cars/f296gt3/body_INT_WELDING_baseColor.png.import[39m[0m
[   8% ] [90m[1msavepack[22m | Storing File: res://.godot/imported/body_INT_WELDING_normal.png-f1607fd973ea16ce63a4978e4161c861.ctex[39m[0m
[   8% ] [90m[1msavepack[22m | Storing File: res://assets/cars/f296gt3/body_INT_WELDING_normal.png.import[39m[0m
[   8% ] [90m[1msavepack[22m | Storing File: res://.godot/imported/body_INT_Windows_baseColor.png-7489a0b788ba6f6cd4fc463f74682571.ctex[39m[0m
[   8% ] [90m[1msavepack[22m | Storing File: res://assets/cars/f296gt3/body_INT_Windows_baseColor.png.import[39m[0m
[   8% ] [90m[1msavepack[22m | Storing File: res://.godot/imported/body_LED_RACELOGIC_baseColor.png-246deea6b4a001ab9833641a603bb5d7.ctex[39m[0m
[   8% ] [90m[1msavepack[22m | Storing File: res://assets/cars/f296gt3/body_LED_RACELOGIC_baseColor.png.import[39m[0m
[   8% ] [90m[1msavepack[22m | Storing File: res://.godot/imported/body_Light_grey_metallic_plastic_baseColor.jpg-7238fd9f9003a1bbfff91c780d679484.ctex[39m[0m
[   8% ] [90m[1msavepack[22m | Storing File: res://assets/cars/f296gt3/body_Light_grey_metallic_plastic_baseColor.jpg.import[39m[0m
[   8% ] [90m[1msavepack[22m | Storing File: res://.godot/imported/body_Light_grey_metallic_plastic_normal.jpg-d3144a5ec3aa59519973e2ee6ee4f1c6.ctex[39m[0m
[   8% ] [90m[1msavepack[22m | Storing File: res://assets/cars/f296gt3/body_Light_grey_metallic_plastic_normal.jpg.import[39m[0m
[   8% ] [90m[1msavepack[22m | Storing File: res://.godot/imported/body_PHISICS_DASH_baseColor.png-5fb540ff865a6985c957d9a03224c80f.ctex[39m[0m
[   8% ] [90m[1msavepack[22m | Storing File: res://assets/cars/f296gt3/body_PHISICS_DASH_baseColor.png.import[39m[0m
[   8% ] [90m[1msavepack[22m | Storing File: res://.godot/imported/body_RADIATOR_baseColor.png-496b03c995d6046d3e37ff68792facb3.ctex[39m[0m
[   8% ] [90m[1msavepack[22m | Storing File: res://assets/cars/f296gt3/body_RADIATOR_baseColor.png.import[39m[0m
[   9% ] [90m[1msavepack[22m | Storing File: res://.godot/imported/body_RADIATOR_normal.png-042ba4f46d278dd9f00b55c1a7d8b68d.ctex[39m[0m
[   9% ] [90m[1msavepack[22m | Storing File: res://assets/cars/f296gt3/body_RADIATOR_normal.png.import[39m[0m
[   9% ] [90m[1msavepack[22m | Storing File: res://.godot/imported/body_RPMBAR_baseColor.png-3ad2f333c01fb4b21a388ca795280a5c.ctex[39m[0m
[   9% ] [90m[1msavepack[22m | Storing File: res://assets/cars/f296gt3/body_RPMBAR_baseColor.png.import[39m[0m
[   9% ] [90m[1msavepack[22m | Storing File: res://.godot/imported/body_Steel_baseColor.png-7b3bf3704532e459aa731850b8591f28.ctex[39m[0m
[   9% ] [90m[1msavepack[22m | Storing File: res://assets/cars/f296gt3/body_Steel_baseColor.png.import[39m[0m
[   9% ] [90m[1msavepack[22m | Storing File: res://.godot/imported/body_Steel_metallicRoughness.png-68809a5db931b686ce5b2ffbb89e0490.ctex[39m[0m
[   9% ] [90m[1msavepack[22m | Storing File: res://assets/cars/f296gt3/body_Steel_metallicRoughness.png.import[39m[0m
[   9% ] [90m[1msavepack[22m | Storing File: res://.godot/imported/body_Steel_normal.jpg-7e4cfa7647a34c87433913a6c59bd0bf.ctex[39m[0m
[   9% ] [90m[1msavepack[22m | Storing File: res://assets/cars/f296gt3/body_Steel_normal.jpg.import[39m[0m
[   9% ] [90m[1msavepack[22m | Storing File: res://.godot/imported/body_STEER_METAL_baseColor.png-650c5d22a714b93cb6b5bb02e6661f07.ctex[39m[0m
[   9% ] [90m[1msavepack[22m | Storing File: res://assets/cars/f296gt3/body_STEER_METAL_baseColor.png.import[39m[0m
[   9% ] [90m[1msavepack[22m | Storing File: res://.godot/imported/body_WorldGridMaterial_baseColor.png-b53acd18e21710ef0af10a21768aed99.ctex[39m[0m
[   9% ] [90m[1msavepack[22m | Storing File: res://assets/cars/f296gt3/body_WorldGridMaterial_baseColor.png.import[39m[0m
[  10% ] [90m[1msavepack[22m | Storing File: res://.godot/imported/wheel_front.glb-8430c69b83778424516a900063b8356f.scn[39m[0m
[  10% ] [90m[1msavepack[22m | Storing File: res://assets/cars/f296gt3/wheel_front.glb.import[39m[0m
[  10% ] [90m[1msavepack[22m | Storing File: res://.godot/imported/wheel_front_EXT_Disc_baseColor.png-26a098ae298ad4d9dd1faca4f6ef29a5.ctex[39m[0m
[  10% ] [90m[1msavepack[22m | Storing File: res://assets/cars/f296gt3/wheel_front_EXT_Disc_baseColor.png.import[39m[0m
[  10% ] [90m[1msavepack[22m | Storing File: res://.godot/imported/wheel_front_EXT_Disc_normal.png-f1e2955882c3b0daf1cb43fb2bca6884.ctex[39m[0m
[  10% ] [90m[1msavepack[22m | Storing File: res://assets/cars/f296gt3/wheel_front_EXT_Disc_normal.png.import[39m[0m
[  10% ] [90m[1msavepack[22m | Storing File: res://.godot/imported/wheel_front_EXT_RIM_baseColor.png-280b98627dcf65d65032c59aaab49b63.ctex[39m[0m
[  10% ] [90m[1msavepack[22m | Storing File: res://assets/cars/f296gt3/wheel_front_EXT_RIM_baseColor.png.import[39m[0m
[  10% ] [90m[1msavepack[22m | Storing File: res://.godot/imported/wheel_front_MI_Tyre_Flex_Dry_L_baseColor.png-3a1cd22c168954560cb9f27c0a5dccb2.ctex[39m[0m
[  10% ] [90m[1msavepack[22m | Storing File: res://assets/cars/f296gt3/wheel_front_MI_Tyre_Flex_Dry_L_baseColor.png.import[39m[0m
[  10% ] [90m[1msavepack[22m | Storing File: res://.godot/imported/wheel_front_MI_Tyre_Flex_Dry_L_normal.png-18e30c4815c066d785371edf11ea8fa6.ctex[39m[0m
[  10% ] [90m[1msavepack[22m | Storing File: res://assets/cars/f296gt3/wheel_front_MI_Tyre_Flex_Dry_L_normal.png.import[39m[0m
[  10% ] [90m[1msavepack[22m | Storing File: res://.godot/imported/wheel_rear.glb-9fe3cf3d08cc8534f88e662e4f58a378.scn[39m[0m
[  10% ] [90m[1msavepack[22m | Storing File: res://assets/cars/f296gt3/wheel_rear.glb.import[39m[0m
[  11% ] [90m[1msavepack[22m | Storing File: res://.godot/imported/wheel_rear_EXT_Disc_baseColor.png-2e1d587bbd965189d357f1de4bfd29b4.ctex[39m[0m
[  11% ] [90m[1msavepack[22m | Storing File: res://assets/cars/f296gt3/wheel_rear_EXT_Disc_baseColor.png.import[39m[0m
[  11% ] [90m[1msavepack[22m | Storing File: res://.godot/imported/wheel_rear_EXT_Disc_normal.png-08483947419ec60e1153e08033048fb3.ctex[39m[0m
[  11% ] [90m[1msavepack[22m | Storing File: res://assets/cars/f296gt3/wheel_rear_EXT_Disc_normal.png.import[39m[0m
[  11% ] [90m[1msavepack[22m | Storing File: res://.godot/imported/wheel_rear_EXT_RIM_baseColor.png-4cf699277f6525121229074245ddbc09.ctex[39m[0m
[  11% ] [90m[1msavepack[22m | Storing File: res://assets/cars/f296gt3/wheel_rear_EXT_RIM_baseColor.png.import[39m[0m
[  11% ] [90m[1msavepack[22m | Storing File: res://.godot/imported/wheel_rear_MI_Tyre_Flex_Dry_L_baseColor.png-8b29b2371c043698eb71e4447901d0cb.ctex[39m[0m
[  11% ] [90m[1msavepack[22m | Storing File: res://assets/cars/f296gt3/wheel_rear_MI_Tyre_Flex_Dry_L_baseColor.png.import[39m[0m
[  11% ] [90m[1msavepack[22m | Storing File: res://.godot/imported/wheel_rear_MI_Tyre_Flex_Dry_L_normal.png-97da2e9ce065faeaebbeca08a866387c.ctex[39m[0m
[  11% ] [90m[1msavepack[22m | Storing File: res://assets/cars/f296gt3/wheel_rear_MI_Tyre_Flex_Dry_L_normal.png.import[39m[0m
[  11% ] [90m[1msavepack[22m | Storing File: res://.godot/imported/f2004.glb-ff8e023851f373d121b3a685c3104e3b.scn[39m[0m
[  11% ] [90m[1msavepack[22m | Storing File: res://assets/cars/f2004/f2004.glb.import[39m[0m
[  11% ] [90m[1msavepack[22m | Storing File: res://.godot/imported/f2004_0.png-ee965902d87130e82e6f556e264e5b16.ctex[39m[0m
[  11% ] [90m[1msavepack[22m | Storing File: res://assets/cars/f2004/f2004_0.png.import[39m[0m
[  12% ] [90m[1msavepack[22m | Storing File: res://.godot/imported/f2004_1.png-5ca7053f56531211c1ee2c25dd23b709.ctex[39m[0m
[  12% ] [90m[1msavepack[22m | Storing File: res://assets/cars/f2004/f2004_1.png.import[39m[0m
[  12% ] [90m[1msavepack[22m | Storing File: res://.godot/imported/f2004_2.png-94672a14fc9c300e63198ce5cbf769de.ctex[39m[0m
[  12% ] [90m[1msavepack[22m | Storing File: res://assets/cars/f2004/f2004_2.png.import[39m[0m
[  12% ] [90m[1msavepack[22m | Storing File: res://.godot/imported/f2004_3.png-6209aa108453a39fbcc504c56e28decf.ctex[39m[0m
[  12% ] [90m[1msavepack[22m | Storing File: res://assets/cars/f2004/f2004_3.png.import[39m[0m
[  12% ] [90m[1msavepack[22m | Storing File: res://.godot/imported/f2004_4.png-dee23b93bda737b4541f923762070182.ctex[39m[0m
[  12% ] [90m[1msavepack[22m | Storing File: res://assets/cars/f2004/f2004_4.png.import[39m[0m
[  12% ] [90m[1msavepack[22m | Storing File: res://.godot/imported/f2004_5.png-65d8cb074733e01312090abc68a5c57b.ctex[39m[0m
[  12% ] [90m[1msavepack[22m | Storing File: res://assets/cars/f2004/f2004_5.png.import[39m[0m
[  12% ] [90m[1msavepack[22m | Storing File: res://.godot/imported/f2004_6.png-d66c3d7eab207c70bdd5d3822a33c0ee.ctex[39m[0m
[  12% ] [90m[1msavepack[22m | Storing File: res://assets/cars/f2004/f2004_6.png.import[39m[0m
[  12% ] [90m[1msavepack[22m | Storing File: res://.godot/imported/f2004_7.png-59aa83ab7db8dff4b99f205c4d212e0b.ctex[39m[0m
[  12% ] [90m[1msavepack[22m | Storing File: res://assets/cars/f2004/f2004_7.png.import[39m[0m
[  13% ] [90m[1msavepack[22m | Storing File: res://.godot/imported/f2004_8.png-cd7fe89e5cb97a6ebba79e87e73c1cc5.ctex[39m[0m
[  13% ] [90m[1msavepack[22m | Storing File: res://assets/cars/f2004/f2004_8.png.import[39m[0m
[  13% ] [90m[1msavepack[22m | Storing File: res://.godot/imported/f2004_9.png-66dc1446a666167ae2583f19f2d01388.ctex[39m[0m
[  13% ] [90m[1msavepack[22m | Storing File: res://assets/cars/f2004/f2004_9.png.import[39m[0m
[  13% ] [90m[1msavepack[22m | Storing File: res://.godot/imported/f2004_10.png-c2d9b011a6e59633eb7f26bbba3d2f29.ctex[39m[0m
[  13% ] [90m[1msavepack[22m | Storing File: res://assets/cars/f2004/f2004_10.png.import[39m[0m
[  13% ] [90m[1msavepack[22m | Storing File: res://.godot/imported/f2004_11.png-61013627ce1de56cacf3ac454ecc2b21.ctex[39m[0m
[  13% ] [90m[1msavepack[22m | Storing File: res://assets/cars/f2004/f2004_11.png.import[39m[0m
[  13% ] [90m[1msavepack[22m | Storing File: res://.godot/imported/f2004_12.png-2e0ccf2c27a399b9e3deff4cd832d4b9.ctex[39m[0m
[  13% ] [90m[1msavepack[22m | Storing File: res://assets/cars/f2004/f2004_12.png.import[39m[0m
[  13% ] [90m[1msavepack[22m | Storing File: res://.godot/imported/f2004_13.png-b295328a600213ee30b6a75286b706a6.ctex[39m[0m
[  13% ] [90m[1msavepack[22m | Storing File: res://assets/cars/f2004/f2004_13.png.import[39m[0m
[  13% ] [90m[1msavepack[22m | Storing File: res://.godot/imported/f2004_14.png-278b1af5a143ea96d372c4d0e5b57aeb.ctex[39m[0m
[  13% ] [90m[1msavepack[22m | Storing File: res://assets/cars/f2004/f2004_14.png.import[39m[0m
[  14% ] [90m[1msavepack[22m | Storing File: res://.godot/imported/f2004_15.png-cc8ea9adc07147bf257b41e8845d2310.ctex[39m[0m
[  14% ] [90m[1msavepack[22m | Storing File: res://assets/cars/f2004/f2004_15.png.import[39m[0m
[  14% ] [90m[1msavepack[22m | Storing File: res://.godot/imported/f2004_16.png-e6868923c622eb8e02af563ba3ed61eb.ctex[39m[0m
[  14% ] [90m[1msavepack[22m | Storing File: res://assets/cars/f2004/f2004_16.png.import[39m[0m
[  14% ] [90m[1msavepack[22m | Storing File: res://.godot/imported/f2004_17.png-eed76dc9c81e02f54f10c828e60f2872.ctex[39m[0m
[  14% ] [90m[1msavepack[22m | Storing File: res://assets/cars/f2004/f2004_17.png.import[39m[0m
[  14% ] [90m[1msavepack[22m | Storing File: res://.godot/imported/f2004_18.png-1f3d8cada7429ebd12c3daf2f727c9c0.ctex[39m[0m
[  14% ] [90m[1msavepack[22m | Storing File: res://assets/cars/f2004/f2004_18.png.import[39m[0m
[  14% ] [90m[1msavepack[22m | Storing File: res://.godot/imported/f2004_19.png-8f46eb3f6be6b8697357a57697ed983c.ctex[39m[0m
[  14% ] [90m[1msavepack[22m | Storing File: res://assets/cars/f2004/f2004_19.png.import[39m[0m
[  14% ] [90m[1msavepack[22m | Storing File: res://.godot/imported/f2004_20.png-98adef9ca7b674d6a8080a26c462569c.ctex[39m[0m
[  14% ] [90m[1msavepack[22m | Storing File: res://assets/cars/f2004/f2004_20.png.import[39m[0m
[  14% ] [90m[1msavepack[22m | Storing File: res://.godot/imported/f2004_21.png-5a0bb09f891300174a371412f55e3855.ctex[39m[0m
[  14% ] [90m[1msavepack[22m | Storing File: res://assets/cars/f2004/f2004_21.png.import[39m[0m
[  15% ] [90m[1msavepack[22m | Storing File: res://.godot/imported/f2004_22.png-7dbdb60e6cd4f7ee75972ada27195c84.ctex[39m[0m
[  15% ] [90m[1msavepack[22m | Storing File: res://assets/cars/f2004/f2004_22.png.import[39m[0m
[  15% ] [90m[1msavepack[22m | Storing File: res://.godot/imported/f2004_23.png-7927d3511e4768ab8d0d0f140f358b8b.ctex[39m[0m
[  15% ] [90m[1msavepack[22m | Storing File: res://assets/cars/f2004/f2004_23.png.import[39m[0m
[  15% ] [90m[1msavepack[22m | Storing File: res://.godot/imported/f2004_24.png-cd66e651554bd4bb948e7965119b54f6.ctex[39m[0m
[  15% ] [90m[1msavepack[22m | Storing File: res://assets/cars/f2004/f2004_24.png.import[39m[0m
[  15% ] [90m[1msavepack[22m | Storing File: res://.godot/imported/f2004_25.png-4edea628b734acdbbf892f0e197f21b8.ctex[39m[0m
[  15% ] [90m[1msavepack[22m | Storing File: res://assets/cars/f2004/f2004_25.png.import[39m[0m
[  15% ] [90m[1msavepack[22m | Storing File: res://.godot/imported/f2004_26.png-c9fe566534cd6fbb677d6e882942969d.ctex[39m[0m
[  15% ] [90m[1msavepack[22m | Storing File: res://assets/cars/f2004/f2004_26.png.import[39m[0m
[  15% ] [90m[1msavepack[22m | Storing File: res://.godot/imported/Material.012_baseColor.png-8e717a4486ce0521d07d2731e5638f07.ctex[39m[0m
[  15% ] [90m[1msavepack[22m | Storing File: res://assets/cars/mx5na/textures/Material.012_baseColor.png.import[39m[0m
[  16% ] [90m[1msavepack[22m | Storing File: res://.godot/imported/mx5na.gltf-ba07b329786906a7d0fed16fc148c4d4.scn[39m[0m
[  16% ] [90m[1msavepack[22m | Storing File: res://assets/cars/mx5na/mx5na.gltf.import[39m[0m
[  16% ] [90m[1msavepack[22m | Storing File: res://trackgen/data/spa/raw-lidar/terrain-001.json[39m[0m
[  16% ] [90m[1msavepack[22m | Storing File: res://.godot/imported/rb19.glb-6e725af6d2e5ddceb12ddba902c13bd4.scn[39m[0m
[  16% ] [90m[1msavepack[22m | Storing File: res://assets/cars/rb19/rb19.glb.import[39m[0m
[  16% ] [90m[1msavepack[22m | Storing File: res://.godot/imported/rb19_0.jpg-506b69a8dbeadcc88a0d36b10364eceb.ctex[39m[0m
[  16% ] [90m[1msavepack[22m | Storing File: res://assets/cars/rb19/rb19_0.jpg.import[39m[0m
[  16% ] [90m[1msavepack[22m | Storing File: res://.godot/imported/rb19_1.png-5e184e19b00cce7260249e07c7535c69.ctex[39m[0m
[  16% ] [90m[1msavepack[22m | Storing File: res://assets/cars/rb19/rb19_1.png.import[39m[0m
[  16% ] [90m[1msavepack[22m | Storing File: res://.godot/imported/gravel_floor_diff.jpg-4ac838eaa3472fd957984b4b99133d79.ctex[39m[0m
[  16% ] [90m[1msavepack[22m | Storing File: res://assets/textures_hd/gravel_floor/gravel_floor_diff.jpg.import[39m[0m
[  16% ] [90m[1msavepack[22m | Storing File: res://scripts/cars/glb_car.gdc[39m[0m
[  17% ] [90m[1msavepack[22m | Storing File: res://scripts/surface/track_surface.gdc[39m[0m
[  17% ] [90m[1msavepack[22m | Storing File: res://assets/undergrowth/undergrowth_atlas.json[39m[0m
[  17% ] [90m[1msavepack[22m | Storing File: res://scripts/surface/test_surface.gdc[39m[0m
[  17% ] [90m[1msavepack[22m | Storing File: res://.godot/imported/undergrowth_atlas.png-5193c16420389f9e68d515a44ca187b2.ctex[39m[0m
[  17% ] [90m[1msavepack[22m | Storing File: res://assets/undergrowth/undergrowth_atlas.png.import[39m[0m
[  17% ] [90m[1msavepack[22m | Storing File: res://scripts/surface/wall_query.gdc[39m[0m
[  17% ] [90m[1msavepack[22m | Storing File: res://scripts/track/ps2_materials.gdc[39m[0m
[  17% ] [90m[1msavepack[22m | Storing File: res://assets/textures_hd/ground-sources.json[39m[0m
[  18% ] [90m[1msavepack[22m | Storing File: res://.godot/imported/gravel_floor_rough.jpg-a5c33b81731c7eea036e358a50412b70.ctex[39m[0m
[  18% ] [90m[1msavepack[22m | Storing File: res://assets/textures_hd/gravel_floor/gravel_floor_rough.jpg.import[39m[0m
[  18% ] [90m[1msavepack[22m | Storing File: res://.godot/exported/133200997/export-86c66b7f54e555e300098f9b809d06ec-track_drive.scn[39m[0m
[  18% ] [90m[1msavepack[22m | Storing File: res://scripts/track/prop_mesh.gdc[39m[0m
[  18% ] [90m[1msavepack[22m | Storing File: res://trackgen/data/spa/raw-lidar/terrain-014.json[39m[0m
[  18% ] [90m[1msavepack[22m | Storing File: res://scripts/track/gantry.gdc[39m[0m
[  18% ] [90m[1msavepack[22m | Storing File: res://scripts/track/night_glow.gdc[39m[0m
[  18% ] [90m[1msavepack[22m | Storing File: res://scripts/track/ribbon.gdc[39m[0m
[  19% ] [90m[1msavepack[22m | Storing File: res://scripts/track/track_asset.gdc[39m[0m
[  19% ] [90m[1msavepack[22m | Storing File: res://data/setup_fields.json[39m[0m
[  19% ] [90m[1msavepack[22m | Storing File: res://.godot/imported/tree_atlas.png-cd602a763b163ab50172b867075368a0.ctex[39m[0m
[  19% ] [90m[1msavepack[22m | Storing File: res://assets/trees/tree_atlas.png.import[39m[0m
[  19% ] [90m[1msavepack[22m | Storing File: res://scripts/track/scenery_builder.gdc[39m[0m
[  19% ] [90m[1msavepack[22m | Storing File: res://.godot/exported/133200997/export-129ea467f5dd340fdc2cb0e8a9e89180-test_surfaces.scn[39m[0m
[  19% ] [90m[1msavepack[22m | Storing File: res://data/props.json[39m[0m
[  19% ] [90m[1msavepack[22m | Storing File: res://scripts/track/terrain.gdc[39m[0m
[  20% ] [90m[1msavepack[22m | Storing File: res://scripts/proving/visual_adapter.gdc[39m[0m
[  20% ] [90m[1msavepack[22m | Storing File: res://scripts/props/prop_set.gdc[39m[0m
[  20% ] [90m[1msavepack[22m | Storing File: res://.godot/imported/gravel_floor_nor_gl.jpg-3b729776329adb69853c79786716c598.ctex[39m[0m
[  20% ] [90m[1msavepack[22m | Storing File: res://assets/textures_hd/gravel_floor/gravel_floor_nor_gl.jpg.import[39m[0m
[  20% ] [90m[1msavepack[22m | Storing File: res://scripts/cars/f296gt3.gdc[39m[0m
[  20% ] [90m[1msavepack[22m | Storing File: res://scripts/track/track_boards.gdc[39m[0m
[  20% ] [90m[1msavepack[22m | Storing File: res://scripts/cars/mx5.gdc[39m[0m
[  20% ] [90m[1msavepack[22m | Storing File: res://data/cars.json[39m[0m
[  21% ] [90m[1msavepack[22m | Storing File: res://scripts/track/billboards.gdc[39m[0m
[  21% ] [90m[1msavepack[22m | Storing File: res://scripts/cars/gt.gdc[39m[0m
[  21% ] [90m[1msavepack[22m | Storing File: res://assets/trees/tree_atlas.json[39m[0m
[  21% ] [90m[1msavepack[22m | Storing File: res://scripts/track/l_trains.gdc[39m[0m
[  21% ] [90m[1msavepack[22m | Storing File: res://scripts/track/marshal_post.gdc[39m[0m
[  21% ] [90m[1msavepack[22m | Storing File: res://scripts/proving/track_drive.gdc[39m[0m
[  21% ] [90m[1msavepack[22m | Storing File: res://scripts/cars/car_kit.gdc[39m[0m
[  22% ] [90m[1msavepack[22m | Storing File: res://scripts/proving/test_surfaces.gdc[39m[0m
[  22% ] [90m[1msavepack[22m | Storing File: res://scripts/track/catch_fence.gdc[39m[0m
[  22% ] [90m[1msavepack[22m | Storing File: res://scripts/surface/surface_table.gdc[39m[0m
[  22% ] [90m[1msavepack[22m | Storing File: res://scripts/track/road_scatter.gdc[39m[0m
[  22% ] [90m[1msavepack[22m | Storing File: res://scripts/track/pit_building.gdc[39m[0m
[  22% ] [90m[1msavepack[22m | Storing File: res://scripts/track/grandstand.gdc[39m[0m
[  22% ] [90m[1msavepack[22m | Storing File: res://scripts/track/wall_builder.gdc[39m[0m
[  23% ] [90m[1msavepack[22m | Storing File: res://scripts/track/track_lights.gdc[39m[0m
[  23% ] [90m[1msavepack[22m | Storing File: res://data/simcade.json[39m[0m
[  23% ] [90m[1msavepack[22m | Storing File: res://scripts/props/prop_body.gdc[39m[0m
[  23% ] [90m[1msavepack[22m | Storing File: res://scripts/track/road_path.gdc[39m[0m
[  23% ] [90m[1msavepack[22m | Storing File: res://scripts/track/road_builder.gdc[39m[0m
[  23% ] [90m[1msavepack[22m | Storing File: res://scripts/track/track_loader.gdc[39m[0m
[  23% ] [90m[1msavepack[22m | Storing File: res://scripts/track/road_section.gdc[39m[0m
[  24% ] [90m[1msavepack[22m | Storing File: res://scripts/track/chicago_night.gdc[39m[0m
[  24% ] [90m[1msavepack[22m | Storing File: res://.godot/imported/Concrete034_color.jpg-f3e225100d97c98721de66640cc2a2b3.s3tc.ctex[39m[0m
[  24% ] [90m[1msavepack[22m | Storing File: res://assets/textures/chicago/Concrete034/Concrete034_color.jpg.import[39m[0m
[  24% ] [90m[1msavepack[22m | Storing File: res://.godot/imported/grass_ground_rough.jpg-cf466e3d6e91c8935d2232b26eb71875.ctex[39m[0m
[  24% ] [90m[1msavepack[22m | Storing File: res://assets/textures_hd/grass_ground/grass_ground_rough.jpg.import[39m[0m
[  24% ] [90m[1msavepack[22m | Storing File: res://.godot/imported/grass_ground_diff.jpg-78cca9ea0ed70d037461aa1928e140fc.ctex[39m[0m
[  24% ] [90m[1msavepack[22m | Storing File: res://assets/textures_hd/grass_ground/grass_ground_diff.jpg.import[39m[0m
[  24% ] [90m[1msavepack[22m | Storing File: res://.godot/imported/grass_ground_nor_gl.jpg-2f1258ad0fbe92cee0a87b4476ad7c93.ctex[39m[0m
[  24% ] [90m[1msavepack[22m | Storing File: res://assets/textures_hd/grass_ground/grass_ground_nor_gl.jpg.import[39m[0m
[  24% ] [90m[1msavepack[22m | Storing File: res://.godot/imported/gravel_floor_rough.jpg-e0bff5ea7c7fa782303403d2bd14aa6a.s3tc.ctex[39m[0m
[  24% ] [90m[1msavepack[22m | Storing File: res://assets/textures/gravel_floor/gravel_floor_rough.jpg.import[39m[0m
[  24% ] [90m[1msavepack[22m | Storing File: res://.godot/imported/asphalt_pit_lane_diff.jpg-3a2a09836a7821d0ab474c5b151ef790.s3tc.ctex[39m[0m
[  24% ] [90m[1msavepack[22m | Storing File: res://assets/textures_hd/asphalt_pit_lane/asphalt_pit_lane_diff.jpg.import[39m[0m
[  25% ] [90m[1msavepack[22m | Storing File: res://.godot/imported/asphalt_pit_lane_rough.jpg-fcbf2021e3a7e096dc5aca8cd770b5aa.s3tc.ctex[39m[0m
[  25% ] [90m[1msavepack[22m | Storing File: res://assets/textures_hd/asphalt_pit_lane/asphalt_pit_lane_rough.jpg.import[39m[0m
[  25% ] [90m[1msavepack[22m | Storing File: res://.godot/imported/asphalt_pit_lane_nor_gl.jpg-1b8470e16c9f6cd477ae333278a2d7aa.s3tc.ctex[39m[0m
[  25% ] [90m[1msavepack[22m | Storing File: res://assets/textures_hd/asphalt_pit_lane/asphalt_pit_lane_nor_gl.jpg.import[39m[0m
[  25% ] [90m[1msavepack[22m | Storing File: res://.godot/imported/Facade001_roughness.jpg-978f77d3f8b0712db4fe7dde91e70f9d.s3tc.ctex[39m[0m
[  25% ] [90m[1msavepack[22m | Storing File: res://assets/textures/chicago/Facade001/Facade001_roughness.jpg.import[39m[0m
[  25% ] [90m[1msavepack[22m | Storing File: res://.godot/imported/Facade009_normal.jpg-019c012bb2aa2aeae603239467d2f06d.s3tc.ctex[39m[0m
[  25% ] [90m[1msavepack[22m | Storing File: res://assets/textures/chicago/Facade009/Facade009_normal.jpg.import[39m[0m
[  25% ] [90m[1msavepack[22m | Storing File: res://.godot/imported/Facade001_normal.jpg-1069735e7743356d040d44f0d3948a8e.s3tc.ctex[39m[0m
[  25% ] [90m[1msavepack[22m | Storing File: res://assets/textures/chicago/Facade001/Facade001_normal.jpg.import[39m[0m
[  25% ] [90m[1msavepack[22m | Storing File: res://.godot/imported/concrete_floor_damaged_01_nor_gl_1k.jpg-082cfc0a1f142e572706f0b689ef5b92.s3tc.ctex[39m[0m
[  25% ] [90m[1msavepack[22m | Storing File: res://assets/textures/chicago/concrete_floor_damaged_01/concrete_floor_damaged_01_nor_gl_1k.jpg.import[39m[0m
[  25% ] [90m[1msavepack[22m | Storing File: res://.godot/imported/Concrete034_roughness.jpg-784c200e8fd94a607b38f86625e4e646.s3tc.ctex[39m[0m
[  25% ] [90m[1msavepack[22m | Storing File: res://assets/textures/chicago/Concrete034/Concrete034_roughness.jpg.import[39m[0m
[  26% ] [90m[1msavepack[22m | Storing File: res://.godot/imported/Concrete034_normal.jpg-3cc36883a37c3e4e300083fdb042d9c2.s3tc.ctex[39m[0m
[  26% ] [90m[1msavepack[22m | Storing File: res://assets/textures/chicago/Concrete034/Concrete034_normal.jpg.import[39m[0m
[  26% ] [90m[1msavepack[22m | Storing File: res://.godot/imported/concrete_floor_damaged_01_diff_1k.jpg-41ee48a01f4cad0736202b50473ae97e.s3tc.ctex[39m[0m
[  26% ] [90m[1msavepack[22m | Storing File: res://assets/textures/chicago/concrete_floor_damaged_01/concrete_floor_damaged_01_diff_1k.jpg.import[39m[0m
[  26% ] [90m[1msavepack[22m | Storing File: res://.godot/imported/large_square_pattern_01_rough_1k.jpg-d13a884a0dab7a6180d550aaafe70261.s3tc.ctex[39m[0m
[  26% ] [90m[1msavepack[22m | Storing File: res://assets/textures/chicago/large_square_pattern_01/large_square_pattern_01_rough_1k.jpg.import[39m[0m
[  26% ] [90m[1msavepack[22m | Storing File: res://.godot/imported/Travertine009_normal.jpg-b9361989b66c25438b098e9c39a00562.s3tc.ctex[39m[0m
[  26% ] [90m[1msavepack[22m | Storing File: res://assets/textures/chicago/Travertine009/Travertine009_normal.jpg.import[39m[0m
[  26% ] [90m[1msavepack[22m | Storing File: res://.godot/imported/concrete_floor_02_diff.jpg-8431630597dcc63632838ab667a13c37.s3tc.ctex[39m[0m
[  26% ] [90m[1msavepack[22m | Storing File: res://assets/textures/concrete_floor_02/concrete_floor_02_diff.jpg.import[39m[0m
[  26% ] [90m[1msavepack[22m | Storing File: res://.godot/imported/grass_ground_rough.jpg-74bdbd2660262c098ad29acdd32a3f3a.s3tc.ctex[39m[0m
[  26% ] [90m[1msavepack[22m | Storing File: res://assets/textures/grass_ground/grass_ground_rough.jpg.import[39m[0m
[  26% ] [90m[1msavepack[22m | Storing File: res://.godot/imported/gravel_floor_nor_gl.jpg-a3500cfc7ec3dd570347e1569b8e8573.s3tc.ctex[39m[0m
[  26% ] [90m[1msavepack[22m | Storing File: res://assets/textures/gravel_floor/gravel_floor_nor_gl.jpg.import[39m[0m
[  27% ] [90m[1msavepack[22m | Storing File: res://.godot/imported/Facade001_color.jpg-980fddc5e527c8082b1d1c5d95c8531d.s3tc.ctex[39m[0m
[  27% ] [90m[1msavepack[22m | Storing File: res://assets/textures/chicago/Facade001/Facade001_color.jpg.import[39m[0m
[  27% ] [90m[1msavepack[22m | Storing File: res://.godot/imported/Granite002A_normal.jpg-a228866b5b5949b50d6f9a681c26000a.s3tc.ctex[39m[0m
[  27% ] [90m[1msavepack[22m | Storing File: res://assets/textures/chicago/Granite002A/Granite002A_normal.jpg.import[39m[0m
[  27% ] [90m[1msavepack[22m | Storing File: res://.godot/imported/large_square_pattern_01_nor_gl_1k.jpg-2b2d18c1b574e8860217c5c3e4a54115.s3tc.ctex[39m[0m
[  27% ] [90m[1msavepack[22m | Storing File: res://assets/textures/chicago/large_square_pattern_01/large_square_pattern_01_nor_gl_1k.jpg.import[39m[0m
[  27% ] [90m[1msavepack[22m | Storing File: res://.godot/imported/concrete_floor_damaged_01_rough_1k.jpg-faa3e43604a67e25e14b586c315cf62b.s3tc.ctex[39m[0m
[  27% ] [90m[1msavepack[22m | Storing File: res://assets/textures/chicago/concrete_floor_damaged_01/concrete_floor_damaged_01_rough_1k.jpg.import[39m[0m
[  27% ] [90m[1msavepack[22m | Storing File: res://.godot/imported/Facade009_color.jpg-41ebc9d5488e54823b9c6da856e7a607.s3tc.ctex[39m[0m
[  27% ] [90m[1msavepack[22m | Storing File: res://assets/textures/chicago/Facade009/Facade009_color.jpg.import[39m[0m
[  27% ] [90m[1msavepack[22m | Storing File: res://.godot/imported/concrete_floor_02_nor_gl.jpg-2bae2731bb7688736d8d665025bc8e43.s3tc.ctex[39m[0m
[  27% ] [90m[1msavepack[22m | Storing File: res://assets/textures/concrete_floor_02/concrete_floor_02_nor_gl.jpg.import[39m[0m
[  27% ] [90m[1msavepack[22m | Storing File: res://.godot/imported/red_brick_03_rough_1k.jpg-adb987746ffbd8f0f186f5800080fa4a.s3tc.ctex[39m[0m
[  27% ] [90m[1msavepack[22m | Storing File: res://assets/textures/chicago/red_brick_03/red_brick_03_rough_1k.jpg.import[39m[0m
[  28% ] [90m[1msavepack[22m | Storing File: res://.godot/imported/GlazedTerracotta001_normal.jpg-1a7042d67a1cfbfb9277b26a23e2f9c9.s3tc.ctex[39m[0m
[  28% ] [90m[1msavepack[22m | Storing File: res://assets/textures/chicago/GlazedTerracotta001/GlazedTerracotta001_normal.jpg.import[39m[0m
[  28% ] [90m[1msavepack[22m | Storing File: res://.godot/imported/Facade009_roughness.jpg-16a67f4bcc38490d2beeea6f9131ae66.s3tc.ctex[39m[0m
[  28% ] [90m[1msavepack[22m | Storing File: res://assets/textures/chicago/Facade009/Facade009_roughness.jpg.import[39m[0m
[  28% ] [90m[1msavepack[22m | Storing File: res://.godot/imported/GlazedTerracotta001_color.jpg-af00ec2098132213b3f2989c55b79826.s3tc.ctex[39m[0m
[  28% ] [90m[1msavepack[22m | Storing File: res://assets/textures/chicago/GlazedTerracotta001/GlazedTerracotta001_color.jpg.import[39m[0m
[  28% ] [90m[1msavepack[22m | Storing File: res://.godot/imported/GlazedTerracotta001_roughness.jpg-7b45d0d64b8ac4cd8a9476ce274db3fc.s3tc.ctex[39m[0m
[  28% ] [90m[1msavepack[22m | Storing File: res://assets/textures/chicago/GlazedTerracotta001/GlazedTerracotta001_roughness.jpg.import[39m[0m
[  28% ] [90m[1msavepack[22m | Storing File: res://.godot/imported/Granite002A_color.jpg-bb2a436a75e9a34fe5337086e9de8ef7.s3tc.ctex[39m[0m
[  28% ] [90m[1msavepack[22m | Storing File: res://assets/textures/chicago/Granite002A/Granite002A_color.jpg.import[39m[0m
[  28% ] [90m[1msavepack[22m | Storing File: res://.godot/imported/large_square_pattern_01_diff_1k.jpg-82500f296524619ea27aab546a021b8e.s3tc.ctex[39m[0m
[  28% ] [90m[1msavepack[22m | Storing File: res://assets/textures/chicago/large_square_pattern_01/large_square_pattern_01_diff_1k.jpg.import[39m[0m
[  28% ] [90m[1msavepack[22m | Storing File: res://.godot/imported/Granite002A_roughness.jpg-0b05dae4d875d7dd3d2ffa234871fa8c.s3tc.ctex[39m[0m
[  28% ] [90m[1msavepack[22m | Storing File: res://assets/textures/chicago/Granite002A/Granite002A_roughness.jpg.import[39m[0m
[  29% ] [90m[1msavepack[22m | Storing File: res://.godot/imported/Travertine009_roughness.jpg-3446d1d32a3638fa641fb24ddf109757.s3tc.ctex[39m[0m
[  29% ] [90m[1msavepack[22m | Storing File: res://assets/textures/chicago/Travertine009/Travertine009_roughness.jpg.import[39m[0m
[  29% ] [90m[1msavepack[22m | Storing File: res://assets/textures/chicago/sources.json[39m[0m
[  29% ] [90m[1msavepack[22m | Storing File: res://.godot/imported/red_brick_03_nor_gl_1k.jpg-3ce5b292602ce3bad1a39d62a96a70cc.s3tc.ctex[39m[0m
[  29% ] [90m[1msavepack[22m | Storing File: res://assets/textures/chicago/red_brick_03/red_brick_03_nor_gl_1k.jpg.import[39m[0m
[  29% ] [90m[1msavepack[22m | Storing File: res://.godot/imported/red_brick_03_diff_1k.jpg-7d50f3828f91a7cd23ffd0d6b25fed41.s3tc.ctex[39m[0m
[  29% ] [90m[1msavepack[22m | Storing File: res://assets/textures/chicago/red_brick_03/red_brick_03_diff_1k.jpg.import[39m[0m
[  29% ] [90m[1msavepack[22m | Storing File: res://.godot/imported/grass_ground_nor_gl.jpg-cef9e75bac4c34e4be617dcdc3d39604.s3tc.ctex[39m[0m
[  29% ] [90m[1msavepack[22m | Storing File: res://assets/textures/grass_ground/grass_ground_nor_gl.jpg.import[39m[0m
[  29% ] [90m[1msavepack[22m | Storing File: res://.godot/imported/grass_ground_diff.jpg-55aa14a08a3e5a09185e2be0bed08b3f.s3tc.ctex[39m[0m
[  29% ] [90m[1msavepack[22m | Storing File: res://assets/textures/grass_ground/grass_ground_diff.jpg.import[39m[0m
[  30% ] [90m[1msavepack[22m | Storing File: res://.godot/imported/gravel_floor_diff.jpg-46c6182f0187e55a409182ff9c268525.s3tc.ctex[39m[0m
[  30% ] [90m[1msavepack[22m | Storing File: res://assets/textures/gravel_floor/gravel_floor_diff.jpg.import[39m[0m
[  30% ] [90m[1msavepack[22m | Storing File: res://.godot/imported/Travertine009_color.jpg-24b44f5c5a79024f9379d2f5a436ff2f.s3tc.ctex[39m[0m
[  30% ] [90m[1msavepack[22m | Storing File: res://assets/textures/chicago/Travertine009/Travertine009_color.jpg.import[39m[0m
[  30% ] [90m[1msavepack[22m | Storing File: res://.godot/imported/concrete_floor_02_rough.jpg-a757bc3d75324ed9cad82f300a1fddeb.s3tc.ctex[39m[0m
[  30% ] [90m[1msavepack[22m | Storing File: res://assets/textures/concrete_floor_02/concrete_floor_02_rough.jpg.import[39m[0m
[  30% ] [90m[1msavepack[22m | Storing File: res://scripts/track/wall_path.gdc[39m[0m
[  30% ] [90m[1msavepack[22m | Storing File: res://shaders/mx5na_paint.gdshader[39m[0m
[  30% ] [90m[1msavepack[22m | Storing File: res://trackgen/data/spa/raw-lidar/terrain-049.json[39m[0m
[  30% ] [90m[1msavepack[22m | Storing File: res://scripts/game.gdc[39m[0m
[  31% ] [90m[1msavepack[22m | Storing File: res://trackgen/data/spa/raw-lidar/terrain-025.json[39m[0m
[  31% ] [90m[1msavepack[22m | Storing File: res://scripts/vehicle/bot_driver.gdc[39m[0m
[  31% ] [90m[1msavepack[22m | Storing File: res://scripts/vehicle/tyre.gdc[39m[0m
[  31% ] [90m[1msavepack[22m | Storing File: res://trackgen/data/spa/raw-lidar/terrain-045.json[39m[0m
[  31% ] [90m[1msavepack[22m | Storing File: res://scripts/vehicle/car_body.gdc[39m[0m
[  31% ] [90m[1msavepack[22m | Storing File: res://scripts/vehicle/aids.gdc[39m[0m
[  31% ] [90m[1msavepack[22m | Storing File: res://shaders/road.gdshader[39m[0m
[  32% ] [90m[1msavepack[22m | Storing File: res://trackgen/data/spa/raw-lidar/terrain-038.json[39m[0m
[  32% ] [90m[1msavepack[22m | Storing File: res://trackgen/data/spa/raw-lidar/terrain-048.json[39m[0m
[  32% ] [90m[1msavepack[22m | Storing File: res://scripts/presentation_check.gdc[39m[0m
[  32% ] [90m[1msavepack[22m | Storing File: res://trackgen/data/spa/raw-lidar/terrain-047.json[39m[0m
[  32% ] [90m[1msavepack[22m | Storing File: res://trackgen/data/spa/raw-lidar/terrain-018.json[39m[0m
[  32% ] [90m[1msavepack[22m | Storing File: res://trackgen/data/spa/raw-lidar/terrain-031.json[39m[0m
[  32% ] [90m[1msavepack[22m | Storing File: res://shaders/particles_atlas.gdshader[39m[0m
[  33% ] [90m[1msavepack[22m | Storing File: res://shaders/baked_ao.gdshader[39m[0m
[  33% ] [90m[1msavepack[22m | Storing File: res://trackgen/data/spa/lidar-layer-metadata.json[39m[0m
[  33% ] [90m[1msavepack[22m | Storing File: res://trackgen/data/spa/raw-lidar/terrain-021.json[39m[0m
[  33% ] [90m[1msavepack[22m | Storing File: res://shaders/crowd.gdshader[39m[0m
[  33% ] [90m[1msavepack[22m | Storing File: res://shaders/fence.gdshader[39m[0m
[  33% ] [90m[1msavepack[22m | Storing File: res://trackgen/data/spa/terrain.json[39m[0m
[  33% ] [90m[1msavepack[22m | Storing File: res://trackgen/data/spa/raw-lidar/terrain-029.json[39m[0m
[  33% ] [90m[1msavepack[22m | Storing File: res://trackgen/data/spa/raw-lidar/terrain-043.json[39m[0m
[  33% ] [90m[1msavepack[22m | Storing File: res://shaders/chicago_water.gdshader[39m[0m
[  33% ] [90m[1msavepack[22m | Storing File: res://trackgen/data/spa/raw-lidar/terrain-027.json[39m[0m
[  33% ] [90m[1msavepack[22m | Storing File: res://trackgen/data/spa/raw-lidar/terrain-032.json[39m[0m
[  33% ] [90m[1msavepack[22m | Storing File: res://shaders/chicago_facade.gdshader[39m[0m
[  33% ] [90m[1msavepack[22m | Storing File: res://shaders/retro_glow.gdshader[39m[0m
[  33% ] [90m[1msavepack[22m | Storing File: res://trackgen/data/spa/raw-lidar/terrain-028.json[39m[0m
[  34% ] [90m[1msavepack[22m | Storing File: res://shaders/painted.gdshader[39m[0m
[  34% ] [90m[1msavepack[22m | Storing File: res://trackgen/data/spa/raw-lidar/terrain-026.json[39m[0m
[  34% ] [90m[1msavepack[22m | Storing File: res://trackgen/data/spa/centreline.json[39m[0m
[  34% ] [90m[1msavepack[22m | Storing File: res://shaders/sodium_halo.gdshader[39m[0m
[  34% ] [90m[1msavepack[22m | Storing File: res://shaders/monaco_facade.gdshader[39m[0m
[  34% ] [90m[1msavepack[22m | Storing File: res://trackgen/data/spa/sample-verification.json[39m[0m
[  34% ] [90m[1msavepack[22m | Storing File: res://scripts/main.gdc[39m[0m
[  35% ] [90m[1msavepack[22m | Storing File: res://trackgen/data/spa/raw-lidar/terrain-042.json[39m[0m
[  35% ] [90m[1msavepack[22m | Storing File: res://shaders/console_output.gdshader[39m[0m
[  35% ] [90m[1msavepack[22m | Storing File: res://scripts/retro_assets.gdc[39m[0m
[  35% ] [90m[1msavepack[22m | Storing File: res://trackgen/data/spa/raw-lidar/terrain-023.json[39m[0m
[  35% ] [90m[1msavepack[22m | Storing File: res://scripts/retro_renderer.gdc[39m[0m
[  35% ] [90m[1msavepack[22m | Storing File: res://trackgen/data/spa/osm-nodes.json[39m[0m
[  35% ] [90m[1msavepack[22m | Storing File: res://trackgen/data/spa/raw-lidar/terrain-020.json[39m[0m
[  36% ] [90m[1msavepack[22m | Storing File: res://shaders/blob_shadow.gdshader[39m[0m
[  36% ] [90m[1msavepack[22m | Storing File: res://trackgen/data/spa/sources.json[39m[0m
[  36% ] [90m[1msavepack[22m | Storing File: res://trackgen/data/spa/raw-lidar/terrain-046.json[39m[0m
[  36% ] [90m[1msavepack[22m | Storing File: res://scripts/v2_panels.gdc[39m[0m
[  36% ] [90m[1msavepack[22m | Storing File: res://trackgen/data/spa/raw-lidar/terrain-022.json[39m[0m
[  36% ] [90m[1msavepack[22m | Storing File: res://trackgen/data/spa/raw-lidar/terrain-035.json[39m[0m
[  36% ] [90m[1msavepack[22m | Storing File: res://trackgen/data/spa/raw-lidar/terrain-016.json[39m[0m
[  37% ] [90m[1msavepack[22m | Storing File: res://scripts/vehicle/drivetrain.gdc[39m[0m
[  37% ] [90m[1msavepack[22m | Storing File: res://scripts/vehicle/wall_contact.gdc[39m[0m
[  37% ] [90m[1msavepack[22m | Storing File: res://shaders/ad_panel.gdshader[39m[0m
[  37% ] [90m[1msavepack[22m | Storing File: res://trackgen/data/spa/raw-lidar/terrain-030.json[39m[0m
[  37% ] [90m[1msavepack[22m | Storing File: res://shaders/ground.gdshader[39m[0m
[  37% ] [90m[1msavepack[22m | Storing File: res://trackgen/data/spa/raw-lidar/terrain-037.json[39m[0m
[  37% ] [90m[1msavepack[22m | Storing File: res://shaders/night_glow.gdshader[39m[0m
[  38% ] [90m[1msavepack[22m | Storing File: res://scripts/race.gdc[39m[0m
[  38% ] [90m[1msavepack[22m | Storing File: res://trackgen/data/spa/lidar-terrain-query.json[39m[0m
[  38% ] [90m[1msavepack[22m | Storing File: res://shaders/particles_atlas_add.gdshader[39m[0m
[  38% ] [90m[1msavepack[22m | Storing File: res://trackgen/data/spa/raw-lidar/terrain-019.json[39m[0m
[  38% ] [90m[1msavepack[22m | Storing File: res://scripts/audio.gdc[39m[0m
[  38% ] [90m[1msavepack[22m | Storing File: res://trackgen/data/spa/cross-sections.json[39m[0m
[  38% ] [90m[1msavepack[22m | Storing File: res://scripts/controls.gdc[39m[0m
[  39% ] [90m[1msavepack[22m | Storing File: res://trackgen/data/spa/raw-lidar/terrain-041.json[39m[0m
[  39% ] [90m[1msavepack[22m | Storing File: res://scripts/vehicle/tyre_footprint.gdc[39m[0m
[  39% ] [90m[1msavepack[22m | Storing File: res://trackgen/data/spa/raw-lidar/terrain-015.json[39m[0m
[  39% ] [90m[1msavepack[22m | Storing File: res://trackgen/data/spa/lidar-road-query.json[39m[0m
[  39% ] [90m[1msavepack[22m | Storing File: res://scripts/particles.gdc[39m[0m
[  39% ] [90m[1msavepack[22m | Storing File: res://scripts/record_writer.gdc[39m[0m
[  39% ] [90m[1msavepack[22m | Storing File: res://trackgen/data/spa/raw-lidar/terrain-039.json[39m[0m
[  40% ] [90m[1msavepack[22m | Storing File: res://trackgen/capture_shot.gdc[39m[0m
[  40% ] [90m[1msavepack[22m | Storing File: res://shaders/road_v2.gdshader[39m[0m
[  40% ] [90m[1msavepack[22m | Storing File: res://shaders/retro_tree.gdshader[39m[0m
[  40% ] [90m[1msavepack[22m | Storing File: res://scripts/instruments.gdc[39m[0m
[  40% ] [90m[1msavepack[22m | Storing File: res://trackgen/data/spa/raw-lidar/terrain-017.json[39m[0m
[  40% ] [90m[1msavepack[22m | Storing File: res://shaders/retro_paint.gdshader[39m[0m
[  40% ] [90m[1msavepack[22m | Storing File: res://trackgen/data/spa/raw-lidar/terrain-033.json[39m[0m
[  41% ] [90m[1msavepack[22m | Storing File: res://shaders/retro_screen.gdshader[39m[0m
[  41% ] [90m[1msavepack[22m | Storing File: res://trackgen/data/spa/raw-lidar/terrain-034.json[39m[0m
[  41% ] [90m[1msavepack[22m | Storing File: res://scripts/front_end.gdc[39m[0m
[  41% ] [90m[1msavepack[22m | Storing File: res://scripts/retro_flare.gdc[39m[0m
[  41% ] [90m[1msavepack[22m | Storing File: res://scripts/visuals.gdc[39m[0m
[  41% ] [90m[1msavepack[22m | Storing File: res://trackgen/data/spa/raw-lidar/terrain-040.json[39m[0m
[  41% ] [90m[1msavepack[22m | Storing File: res://trackgen/data/spa/raw-lidar/terrain-024.json[39m[0m
[  42% ] [90m[1msavepack[22m | Storing File: res://trackgen/data/spa/raw-lidar/terrain-051.json[39m[0m
[  42% ] [90m[1msavepack[22m | Storing File: res://shaders/monaco_tunnel.gdshader[39m[0m
[  42% ] [90m[1msavepack[22m | Storing File: res://trackgen/data/spa/raw-lidar/terrain-050.json[39m[0m
[  42% ] [90m[1msavepack[22m | Storing File: res://trackgen/data/spa/raw-lidar/terrain-044.json[39m[0m
[  42% ] [90m[1msavepack[22m | Storing File: res://trackgen/data/spa/raw-lidar/terrain-036.json[39m[0m
[  42% ] [90m[1msavepack[22m | Storing File: res://scripts/storage.gdc[39m[0m
[  43% ] [90m[1msavepack[22m | Storing File: res://scripts/ferrari_296.gdc[39m[0m
[  43% ] [90m[1msavepack[22m | Storing File: res://shaders/chicago_wall.gdshader[39m[0m
[  43% ] [90m[1msavepack[22m | Storing File: res://trackgen/data/spa/kerbs.json[39m[0m
[  43% ] [90m[1msavepack[22m | Storing File: res://trackgen/chicago_city.gdc[39m[0m
[  43% ] [90m[1msavepack[22m | Storing File: res://trackgen/chicago_crowns.gdc[39m[0m
[  43% ] [90m[1msavepack[22m | Storing File: res://trackgen/data/spa/road-profile.json[39m[0m
[  43% ] [90m[1msavepack[22m | Storing File: res://trackgen/chicago_harbor.gdc[39m[0m
[  44% ] [90m[1msavepack[22m | Storing File: res://trackgen/chicago_kit.gdc[39m[0m
[  44% ] [90m[1msavepack[22m | Storing File: res://trackgen/data/spa/osm-ways.json[39m[0m
[  44% ] [90m[1msavepack[22m | Storing File: res://trackgen/chicago_furniture.gdc[39m[0m
[  44% ] [90m[1msavepack[22m | Storing File: res://trackgen/chicago.gdc[39m[0m
[  44% ] [90m[1msavepack[22m | Storing File: res://trackgen/data/spa/ortho-tiles.json[39m[0m
[  44% ] [90m[1msavepack[22m | Storing File: res://trackgen/data/spa/osm-query.json[39m[0m
[  44% ] [90m[1msavepack[22m | Storing File: res://trackgen/data/monaco/city.json[39m[0m
[  45% ] [90m[1msavepack[22m | Storing File: res://trackgen/data/chicago/signs.json[39m[0m
[  45% ] [90m[1msavepack[22m | Storing File: res://trackgen/data/monaco/centreline.json[39m[0m
[  45% ] [90m[1msavepack[22m | Storing File: res://trackgen/data/spa/dem.raw[39m[0m
[  45% ] [90m[1msavepack[22m | Storing File: res://trackgen/spa_landmarks.gdc[39m[0m
[  45% ] [90m[1msavepack[22m | Storing File: res://trackgen/spa.gdc[39m[0m
[  45% ] [90m[1msavepack[22m | Storing File: res://trackgen/data/chicago/city.json[39m[0m
[  45% ] [90m[1msavepack[22m | Storing File: res://trackgen/data/chicago/landmarks.json[39m[0m
[  46% ] [90m[1msavepack[22m | Storing File: res://trackgen/data/nordschleife/dem_full.raw[39m[0m
[  46% ] [90m[1msavepack[22m | Storing File: res://trackgen/monaco.gdc[39m[0m
[  46% ] [90m[1msavepack[22m | Storing File: res://trackgen/data/monaco/osm-pool.json[39m[0m
[  46% ] [90m[1msavepack[22m | Storing File: res://trackgen/data/monaco/profile.json[39m[0m
[  46% ] [90m[1msavepack[22m | Storing File: res://trackgen/data/monaco/osm-roads.json[39m[0m
[  46% ] [90m[1msavepack[22m | Storing File: res://trackgen/data/monaco/osm-nature.json[39m[0m
[  46% ] [90m[1msavepack[22m | Storing File: res://trackgen/data/nordschleife/loop.json[39m[0m
[  47% ] [90m[1msavepack[22m | Storing File: res://trackgen/data/nordschleife/centreline.json[39m[0m
[  47% ] [90m[1msavepack[22m | Storing File: res://trackgen/data/nordschleife/centreline_full.json[39m[0m
[  47% ] [90m[1msavepack[22m | Storing File: res://trackgen/data/nordschleife/kerbs.json[39m[0m
[  47% ] [90m[1msavepack[22m | Storing File: res://trackgen/kerb_map.gdc[39m[0m
[  47% ] [90m[1msavepack[22m | Storing File: res://trackgen/spa_drive_smoke.gdc[39m[0m
[  47% ] [90m[1msavepack[22m | Storing File: res://tracks3d/spa/spa.scn[39m[0m
[  47% ] [90m[1msavepack[22m | Storing File: res://trackgen/nordschleife_s1.gdc[39m[0m
[  48% ] [90m[1msavepack[22m | Storing File: res://.godot/exported/133200997/export-3070c538c03ee49b7677ff960a3f5195-main.scn[39m[0m
[  48% ] [90m[1msavepack[22m | Storing File: res://trackgen/proving_ground.gdc[39m[0m
[  48% ] [90m[1msavepack[22m | Storing File: res://trackgen/nordschleife.gdc[39m[0m
[  48% ] [90m[1msavepack[22m | Storing File: res://trackgen/nature_scatter.gdc[39m[0m
[  48% ] [90m[1msavepack[22m | Storing File: res://trackgen/chicago_l.gdc[39m[0m
[  48% ] [90m[1msavepack[22m | Storing File: res://tracks3d/nordschleife/nordschleife.scn[39m[0m
[  48% ] [90m[1msavepack[22m | Storing File: res://trackgen/data/monaco/osm-circuit.json[39m[0m
[  49% ] [90m[1msavepack[22m | Storing File: res://trackgen/data/monaco/osm-city.json[39m[0m
[  49% ] [90m[1msavepack[22m | Storing File: res://trackgen/data/monaco/dem.json[39m[0m
[  49% ] [90m[1msavepack[22m | Storing File: res://trackgen/data/monaco/osm-buildings.json[39m[0m
[  49% ] [90m[1msavepack[22m | Storing File: res://trackgen/data/chicago/osm-roads.json[39m[0m
[  49% ] [90m[1msavepack[22m | Storing File: res://trackgen/data/chicago/route.json[39m[0m
[  49% ] [90m[1msavepack[22m | Storing File: res://.godot/imported/route.svg-8d689afa2ed438a1cf57dc65c49657ae.ctex[39m[0m
[  49% ] [90m[1msavepack[22m | Storing File: res://trackgen/data/chicago/route.svg.import[39m[0m
[  49% ] [90m[1msavepack[22m | Storing File: res://trackgen/data/nordschleife/sources.json[39m[0m
[  50% ] [90m[1msavepack[22m | Storing File: res://trackgen/data/spa/raw-lidar/road.json[39m[0m
[  50% ] [90m[1msavepack[22m | Storing File: res://trackgen/data/nordschleife/terrain.json[39m[0m
[  50% ] [90m[1msavepack[22m | Storing File: res://trackgen/data/nordschleife/terrain_full.json[39m[0m
[  50% ] [90m[1msavepack[22m | Storing File: res://trackgen/data/spa/raw-lidar/terrain-000.json[39m[0m
[  50% ] [90m[1msavepack[22m | Storing File: res://.godot/imported/barrel_blue.glb-48cb23e3ca3b1a5cf671575006d8e9c4.scn[39m[0m
[  50% ] [90m[1msavepack[22m | Storing File: res://assets/chicago/barrels/barrel_blue.glb.import[39m[0m
[  50% ] [90m[1msavepack[22m | Storing File: res://.godot/imported/barrel_blue_Texture_baseColor.jpg-ef50079395c8f7e63163ee370ec8d576.ctex[39m[0m
[  50% ] [90m[1msavepack[22m | Storing File: res://assets/chicago/barrels/barrel_blue_Texture_baseColor.jpg.import[39m[0m
[  50% ] [90m[1msavepack[22m | Storing File: res://.godot/imported/barrel_oil.glb-0f924aae6457d093c7b9f6d181200038.scn[39m[0m
[  50% ] [90m[1msavepack[22m | Storing File: res://assets/chicago/barrels/barrel_oil.glb.import[39m[0m
[  51% ] [90m[1msavepack[22m | Storing File: res://.godot/imported/barrel_oil_Texture_baseColor.jpg-c9757c85f39b6b3e62e92345d85bb5a4.ctex[39m[0m
[  51% ] [90m[1msavepack[22m | Storing File: res://assets/chicago/barrels/barrel_oil_Texture_baseColor.jpg.import[39m[0m
[  51% ] [90m[1msavepack[22m | Storing File: res://.godot/imported/barrel_rusty.glb-dc46e4c8c05056fac5563ee2e2e3aa5a.scn[39m[0m
[  51% ] [90m[1msavepack[22m | Storing File: res://assets/chicago/barrels/barrel_rusty.glb.import[39m[0m
[  51% ] [90m[1msavepack[22m | Storing File: res://.godot/imported/barrel_rusty_Texture_baseColor.jpg-56d1200606322aa038020b5c26b7a8c9.ctex[39m[0m
[  51% ] [90m[1msavepack[22m | Storing File: res://assets/chicago/barrels/barrel_rusty_Texture_baseColor.jpg.import[39m[0m
[  51% ] [90m[1msavepack[22m | Storing File: res://.godot/imported/barrel_yellow.glb-e0738204aabcd0d65b5c5b356c9cd41c.scn[39m[0m
[  51% ] [90m[1msavepack[22m | Storing File: res://assets/chicago/barrels/barrel_yellow.glb.import[39m[0m
[  51% ] [90m[1msavepack[22m | Storing File: res://.godot/imported/barrel_yellow_Texture_baseColor.jpg-adce38b18e03287b3f514e71d58b215b.ctex[39m[0m
[  51% ] [90m[1msavepack[22m | Storing File: res://assets/chicago/barrels/barrel_yellow_Texture_baseColor.jpg.import[39m[0m
[  51% ] [90m[1msavepack[22m | Storing File: res://.godot/imported/colormap.png-033d594d1b9002ac095ae9ce04a14787.ctex[39m[0m
[  51% ] [90m[1msavepack[22m | Storing File: res://assets/chicago/cars/Textures/colormap.png.import[39m[0m
[  51% ] [90m[1msavepack[22m | Storing File: res://.godot/imported/delivery.glb-18f86a93a60866d675d84c2fa6da49df.scn[39m[0m
[  51% ] [90m[1msavepack[22m | Storing File: res://assets/chicago/cars/delivery.glb.import[39m[0m
[  52% ] [90m[1msavepack[22m | Storing File: res://.godot/imported/police.glb-caac0e00959bb971b8ab4182a68b2f1f.scn[39m[0m
[  52% ] [90m[1msavepack[22m | Storing File: res://assets/chicago/cars/police.glb.import[39m[0m
[  52% ] [90m[1msavepack[22m | Storing File: res://.godot/imported/sedan-sports.glb-dc315a286e730532cee523b03e6b071f.scn[39m[0m
[  52% ] [90m[1msavepack[22m | Storing File: res://assets/chicago/cars/sedan-sports.glb.import[39m[0m
[  52% ] [90m[1msavepack[22m | Storing File: res://.godot/imported/sedan.glb-055c422b55baf2701dcd4c02c1a6941f.scn[39m[0m
[  52% ] [90m[1msavepack[22m | Storing File: res://assets/chicago/cars/sedan.glb.import[39m[0m
[  52% ] [90m[1msavepack[22m | Storing File: res://.godot/imported/suv.glb-78ba8658237ad58737f425a7e62a3452.scn[39m[0m
[  52% ] [90m[1msavepack[22m | Storing File: res://assets/chicago/cars/suv.glb.import[39m[0m
[  52% ] [90m[1msavepack[22m | Storing File: res://.godot/imported/taxi.glb-da6e1d31282ce61fb4821c01816e7f94.scn[39m[0m
[  52% ] [90m[1msavepack[22m | Storing File: res://assets/chicago/cars/taxi.glb.import[39m[0m
[  52% ] [90m[1msavepack[22m | Storing File: res://.godot/imported/van.glb-42c61083053c4a620eb9310b9e4c8484.scn[39m[0m
[  52% ] [90m[1msavepack[22m | Storing File: res://assets/chicago/cars/van.glb.import[39m[0m
[  52% ] [90m[1msavepack[22m | Storing File: res://.godot/imported/hatch.glb-3794f2ae51f308a85e251b53987b07f9.scn[39m[0m
[  52% ] [90m[1msavepack[22m | Storing File: res://assets/chicago/cars-q/hatch.glb.import[39m[0m
[  53% ] [90m[1msavepack[22m | Storing File: res://.godot/imported/police.glb-b5b96d7bb7981608ef7ab87f6f8074e7.scn[39m[0m
[  53% ] [90m[1msavepack[22m | Storing File: res://assets/chicago/cars-q/police.glb.import[39m[0m
[  53% ] [90m[1msavepack[22m | Storing File: res://.godot/imported/sedan.glb-a2178c6cf1fd596c358630fd62fb3b39.scn[39m[0m
[  53% ] [90m[1msavepack[22m | Storing File: res://assets/chicago/cars-q/sedan.glb.import[39m[0m
[  53% ] [90m[1msavepack[22m | Storing File: res://.godot/imported/sports2.glb-9a260036913c6ed96dcab5208d39ff81.scn[39m[0m
[  53% ] [90m[1msavepack[22m | Storing File: res://assets/chicago/cars-q/sports2.glb.import[39m[0m
[  53% ] [90m[1msavepack[22m | Storing File: res://.godot/imported/sports.glb-f9d190a9f6a16a9d9e06ce9e5a27a76c.scn[39m[0m
[  53% ] [90m[1msavepack[22m | Storing File: res://assets/chicago/cars-q/sports.glb.import[39m[0m
[  53% ] [90m[1msavepack[22m | Storing File: res://.godot/imported/suv.glb-f99c83b865c6ee8dcfacf8c950da7242.scn[39m[0m
[  53% ] [90m[1msavepack[22m | Storing File: res://assets/chicago/cars-q/suv.glb.import[39m[0m
[  53% ] [90m[1msavepack[22m | Storing File: res://.godot/imported/taxi.glb-021a1cb0041e566a04573d0c103be4ee.scn[39m[0m
[  53% ] [90m[1msavepack[22m | Storing File: res://assets/chicago/cars-q/taxi.glb.import[39m[0m
[  53% ] [90m[1msavepack[22m | Storing File: res://.godot/imported/atm.glb-e2ee0d0f95e521b29e8142523aa94a48.scn[39m[0m
[  53% ] [90m[1msavepack[22m | Storing File: res://assets/chicago/city-props/atm.glb.import[39m[0m
[  54% ] [90m[1msavepack[22m | Storing File: res://.godot/imported/atm_ATM_shader_baseColor.png-6e8ba8c2bc944e1db59ce56d2af81b29.ctex[39m[0m
[  54% ] [90m[1msavepack[22m | Storing File: res://assets/chicago/city-props/atm_ATM_shader_baseColor.png.import[39m[0m
[  54% ] [90m[1msavepack[22m | Storing File: res://.godot/imported/atm_ATM_shader_emissive.png-e515904b207b4c55ab32d33452a03219.ctex[39m[0m
[  54% ] [90m[1msavepack[22m | Storing File: res://assets/chicago/city-props/atm_ATM_shader_emissive.png.import[39m[0m
[  54% ] [90m[1msavepack[22m | Storing File: res://.godot/imported/atm_ATM_shader_normal.png-08b6ac9afa20b99f9f1ac1d3e645aa2c.ctex[39m[0m
[  54% ] [90m[1msavepack[22m | Storing File: res://assets/chicago/city-props/atm_ATM_shader_normal.png.import[39m[0m
[  54% ] [90m[1msavepack[22m | Storing File: res://.godot/imported/bench.glb-b747e11d12b33a06a89fa8ae86efae66.scn[39m[0m
[  54% ] [90m[1msavepack[22m | Storing File: res://assets/chicago/city-props/bench.glb.import[39m[0m
[  54% ] [90m[1msavepack[22m | Storing File: res://.godot/imported/bench_BenchA_shader_baseColor.png-63c675c0bf4ebcb09103eb1cd148027f.ctex[39m[0m
[  54% ] [90m[1msavepack[22m | Storing File: res://assets/chicago/city-props/bench_BenchA_shader_baseColor.png.import[39m[0m
[  54% ] [90m[1msavepack[22m | Storing File: res://.godot/imported/bench_BenchA_shader_emissive.png-e61b51c103cabb5a1ec4be33a9f05c44.ctex[39m[0m
[  54% ] [90m[1msavepack[22m | Storing File: res://assets/chicago/city-props/bench_BenchA_shader_emissive.png.import[39m[0m
[  54% ] [90m[1msavepack[22m | Storing File: res://.godot/imported/bench_BenchA_shader_normal.png-dbc3fe40b677f00d5e8dfa18a7f3f2d7.ctex[39m[0m
[  54% ] [90m[1msavepack[22m | Storing File: res://assets/chicago/city-props/bench_BenchA_shader_normal.png.import[39m[0m
[  55% ] [90m[1msavepack[22m | Storing File: res://.godot/imported/bus_stop.glb-7c0935f9e2ff8d02d1242a13bbe009d9.scn[39m[0m
[  55% ] [90m[1msavepack[22m | Storing File: res://assets/chicago/city-props/bus_stop.glb.import[39m[0m
[  55% ] [90m[1msavepack[22m | Storing File: res://.godot/imported/bus_stop_Sign_shader_baseColor.png-79c988d2eb0a02c3cfccf03357ec8b47.ctex[39m[0m
[  55% ] [90m[1msavepack[22m | Storing File: res://assets/chicago/city-props/bus_stop_Sign_shader_baseColor.png.import[39m[0m
[  55% ] [90m[1msavepack[22m | Storing File: res://.godot/imported/bus_stop_Sign_shader_emissive.png-79089993486acbc4e678159e54616234.ctex[39m[0m
[  55% ] [90m[1msavepack[22m | Storing File: res://assets/chicago/city-props/bus_stop_Sign_shader_emissive.png.import[39m[0m
[  55% ] [90m[1msavepack[22m | Storing File: res://.godot/imported/bus_stop_Sign_shader_normal.png-38cf235d2bb56a0f680e85b936ff5cad.ctex[39m[0m
[  55% ] [90m[1msavepack[22m | Storing File: res://assets/chicago/city-props/bus_stop_Sign_shader_normal.png.import[39m[0m
[  55% ] [90m[1msavepack[22m | Storing File: res://.godot/imported/bus_stop_Structure_shader_baseColor.png-832b36450808a1ec90086c8860247350.ctex[39m[0m
[  55% ] [90m[1msavepack[22m | Storing File: res://assets/chicago/city-props/bus_stop_Structure_shader_baseColor.png.import[39m[0m
[  55% ] [90m[1msavepack[22m | Storing File: res://.godot/imported/bus_stop_Structure_shader_emissive.png-69670a1b7508472bf1318ca588d825e2.ctex[39m[0m
[  55% ] [90m[1msavepack[22m | Storing File: res://assets/chicago/city-props/bus_stop_Structure_shader_emissive.png.import[39m[0m
[  55% ] [90m[1msavepack[22m | Storing File: res://.godot/imported/bus_stop_Structure_shader_normal.png-cec24154d834801c8c916822da9ccb04.ctex[39m[0m
[  55% ] [90m[1msavepack[22m | Storing File: res://assets/chicago/city-props/bus_stop_Structure_shader_normal.png.import[39m[0m
[  56% ] [90m[1msavepack[22m | Storing File: res://.godot/imported/dumpster.glb-220d567ae6bd6cbf97f8d6fa147c7a75.scn[39m[0m
[  56% ] [90m[1msavepack[22m | Storing File: res://assets/chicago/city-props/dumpster.glb.import[39m[0m
[  56% ] [90m[1msavepack[22m | Storing File: res://.godot/imported/dumpster_DumpsterLid_shader_baseColor.png-c50724a61637967aec86d566e6bfeda8.ctex[39m[0m
[  56% ] [90m[1msavepack[22m | Storing File: res://assets/chicago/city-props/dumpster_DumpsterLid_shader_baseColor.png.import[39m[0m
[  56% ] [90m[1msavepack[22m | Storing File: res://.godot/imported/dumpster_DumpsterLid_shader_emissive.png-73ca37754ea25e8b2dcb64b7e8d257b6.ctex[39m[0m
[  56% ] [90m[1msavepack[22m | Storing File: res://assets/chicago/city-props/dumpster_DumpsterLid_shader_emissive.png.import[39m[0m
[  56% ] [90m[1msavepack[22m | Storing File: res://.godot/imported/dumpster_DumpsterLid_shader_normal.png-b74ecad881cb4591006ce297069381ac.ctex[39m[0m
[  56% ] [90m[1msavepack[22m | Storing File: res://assets/chicago/city-props/dumpster_DumpsterLid_shader_normal.png.import[39m[0m
[  56% ] [90m[1msavepack[22m | Storing File: res://.godot/imported/dumpster_Dumpster_shader_baseColor.png-5abba2ea15db93861b758f88b3a0c56f.ctex[39m[0m
[  56% ] [90m[1msavepack[22m | Storing File: res://assets/chicago/city-props/dumpster_Dumpster_shader_baseColor.png.import[39m[0m
[  56% ] [90m[1msavepack[22m | Storing File: res://.godot/imported/dumpster_Dumpster_shader_emissive.png-6f41d8a4b62fde02cdf76ff34e5ff4bb.ctex[39m[0m
[  56% ] [90m[1msavepack[22m | Storing File: res://assets/chicago/city-props/dumpster_Dumpster_shader_emissive.png.import[39m[0m
[  56% ] [90m[1msavepack[22m | Storing File: res://.godot/imported/dumpster_Dumpster_shader_normal.png-893e4f28eece58ba86bfbb3ffbf1749f.ctex[39m[0m
[  56% ] [90m[1msavepack[22m | Storing File: res://assets/chicago/city-props/dumpster_Dumpster_shader_normal.png.import[39m[0m
[  57% ] [90m[1msavepack[22m | Storing File: res://.godot/imported/fire_hydrant.glb-952262c84f32be0baf89fe172781f750.scn[39m[0m
[  57% ] [90m[1msavepack[22m | Storing File: res://assets/chicago/city-props/fire_hydrant.glb.import[39m[0m
[  57% ] [90m[1msavepack[22m | Storing File: res://.godot/imported/fire_hydrant_FireHydrant_shader_baseColor.png-3af385320ce67bc52fce340a926a2b24.ctex[39m[0m
[  57% ] [90m[1msavepack[22m | Storing File: res://assets/chicago/city-props/fire_hydrant_FireHydrant_shader_baseColor.png.import[39m[0m
[  57% ] [90m[1msavepack[22m | Storing File: res://.godot/imported/fire_hydrant_FireHydrant_shader_emissive.png-e92c772f61bbdb07044fcc58ef7674ec.ctex[39m[0m
[  57% ] [90m[1msavepack[22m | Storing File: res://assets/chicago/city-props/fire_hydrant_FireHydrant_shader_emissive.png.import[39m[0m
[  57% ] [90m[1msavepack[22m | Storing File: res://.godot/imported/fire_hydrant_FireHydrant_shader_normal.png-916abdc6949219d97846b053818d811b.ctex[39m[0m
[  57% ] [90m[1msavepack[22m | Storing File: res://assets/chicago/city-props/fire_hydrant_FireHydrant_shader_normal.png.import[39m[0m
[  57% ] [90m[1msavepack[22m | Storing File: res://.godot/imported/manhole.glb-27264928dc78acd836bff686d285ebf0.scn[39m[0m
[  57% ] [90m[1msavepack[22m | Storing File: res://assets/chicago/city-props/manhole.glb.import[39m[0m
[  57% ] [90m[1msavepack[22m | Storing File: res://.godot/imported/manhole_Manhole_shader_baseColor.png-3be8dfabf33ce16814d13d2af4170ce7.ctex[39m[0m
[  57% ] [90m[1msavepack[22m | Storing File: res://assets/chicago/city-props/manhole_Manhole_shader_baseColor.png.import[39m[0m
[  58% ] [90m[1msavepack[22m | Storing File: res://.godot/imported/manhole_Manhole_shader_emissive.png-605b7108216a3144573863a09561ad1e.ctex[39m[0m
[  58% ] [90m[1msavepack[22m | Storing File: res://assets/chicago/city-props/manhole_Manhole_shader_emissive.png.import[39m[0m
[  58% ] [90m[1msavepack[22m | Storing File: res://.godot/imported/manhole_Manhole_shader_normal.png-3ec840ac8be2257bf3e44cad8e3af350.ctex[39m[0m
[  58% ] [90m[1msavepack[22m | Storing File: res://assets/chicago/city-props/manhole_Manhole_shader_normal.png.import[39m[0m
[  58% ] [90m[1msavepack[22m | Storing File: res://.godot/imported/pallets.glb-de805886f27b7e0fd91153c1ca582a99.scn[39m[0m
[  58% ] [90m[1msavepack[22m | Storing File: res://assets/chicago/city-props/pallets.glb.import[39m[0m
[  58% ] [90m[1msavepack[22m | Storing File: res://.godot/imported/pallets_Pallet_shader2_baseColor.png-56606d39e42459fdd840b37ad3faa3bb.ctex[39m[0m
[  58% ] [90m[1msavepack[22m | Storing File: res://assets/chicago/city-props/pallets_Pallet_shader2_baseColor.png.import[39m[0m
[  58% ] [90m[1msavepack[22m | Storing File: res://.godot/imported/pallets_Pallet_shader2_emissive.png-3539a75d6ef67b7266e1bc9d87f3c069.ctex[39m[0m
[  58% ] [90m[1msavepack[22m | Storing File: res://assets/chicago/city-props/pallets_Pallet_shader2_emissive.png.import[39m[0m
[  58% ] [90m[1msavepack[22m | Storing File: res://.godot/imported/pallets_Pallet_shader2_normal.png-8e2ca575d86f39a988f46851ec2f6f69.ctex[39m[0m
[  58% ] [90m[1msavepack[22m | Storing File: res://assets/chicago/city-props/pallets_Pallet_shader2_normal.png.import[39m[0m
[  58% ] [90m[1msavepack[22m | Storing File: res://.godot/imported/pallets_Pallet_shader_baseColor.png-6e6dc91c4a65070374a7fcfe2cb056d1.ctex[39m[0m
[  58% ] [90m[1msavepack[22m | Storing File: res://assets/chicago/city-props/pallets_Pallet_shader_baseColor.png.import[39m[0m
[  59% ] [90m[1msavepack[22m | Storing File: res://.godot/imported/pallets_Pallet_shader_emissive.png-5be456d3fc092d2a86546d1d227a792b.ctex[39m[0m
[  59% ] [90m[1msavepack[22m | Storing File: res://assets/chicago/city-props/pallets_Pallet_shader_emissive.png.import[39m[0m
[  59% ] [90m[1msavepack[22m | Storing File: res://.godot/imported/pallets_Pallet_shader_normal.png-70e1d735978bd4cb6e44cad8e44f09f0.ctex[39m[0m
[  59% ] [90m[1msavepack[22m | Storing File: res://assets/chicago/city-props/pallets_Pallet_shader_normal.png.import[39m[0m
[  59% ] [90m[1msavepack[22m | Storing File: res://.godot/imported/parking_meter.glb-44d083fdb4fce40befb39c46d8835a20.scn[39m[0m
[  59% ] [90m[1msavepack[22m | Storing File: res://assets/chicago/city-props/parking_meter.glb.import[39m[0m
[  59% ] [90m[1msavepack[22m | Storing File: res://.godot/imported/parking_meter_ParkingMeter_shader_baseColor.png-173ea16f31bc2dbb71a5faf75d413149.ctex[39m[0m
[  59% ] [90m[1msavepack[22m | Storing File: res://assets/chicago/city-props/parking_meter_ParkingMeter_shader_baseColor.png.import[39m[0m
[  59% ] [90m[1msavepack[22m | Storing File: res://.godot/imported/parking_meter_ParkingMeter_shader_emissive.png-8e0ff4942a1411d99b814ad06ec7fb61.ctex[39m[0m
[  59% ] [90m[1msavepack[22m | Storing File: res://assets/chicago/city-props/parking_meter_ParkingMeter_shader_emissive.png.import[39m[0m
[  59% ] [90m[1msavepack[22m | Storing File: res://.godot/imported/parking_meter_ParkingMeter_shader_normal.png-e8efae385e3e5ee6e4e5700ede9a7092.ctex[39m[0m
[  59% ] [90m[1msavepack[22m | Storing File: res://assets/chicago/city-props/parking_meter_ParkingMeter_shader_normal.png.import[39m[0m
[  59% ] [90m[1msavepack[22m | Storing File: res://.godot/imported/park_bench.glb-ee5b07f3b1fc3526d0f7c215b0bb1830.scn[39m[0m
[  59% ] [90m[1msavepack[22m | Storing File: res://assets/chicago/city-props/park_bench.glb.import[39m[0m
[  60% ] [90m[1msavepack[22m | Storing File: res://.godot/imported/park_bench_ParkBenchShort_shader_baseColor.png-2c9c59157722e576bdaf075991544065.ctex[39m[0m
[  60% ] [90m[1msavepack[22m | Storing File: res://assets/chicago/city-props/park_bench_ParkBenchShort_shader_baseColor.png.import[39m[0m
[  60% ] [90m[1msavepack[22m | Storing File: res://.godot/imported/park_bench_ParkBenchShort_shader_emissive.png-40453cc5cf7eed0288fc26e461fe64fc.ctex[39m[0m
[  60% ] [90m[1msavepack[22m | Storing File: res://assets/chicago/city-props/park_bench_ParkBenchShort_shader_emissive.png.import[39m[0m
[  60% ] [90m[1msavepack[22m | Storing File: res://.godot/imported/park_bench_ParkBenchShort_shader_normal.png-2b51778f2b8b3a8069e286392121daf6.ctex[39m[0m
[  60% ] [90m[1msavepack[22m | Storing File: res://assets/chicago/city-props/park_bench_ParkBenchShort_shader_normal.png.import[39m[0m
[  60% ] [90m[1msavepack[22m | Storing File: res://.godot/imported/post_barrier.glb-9ee2a640ad1acf71125702e63b3dca93.scn[39m[0m
[  60% ] [90m[1msavepack[22m | Storing File: res://assets/chicago/city-props/post_barrier.glb.import[39m[0m
[  60% ] [90m[1msavepack[22m | Storing File: res://.godot/imported/post_barrier_PostBarrier_shader_baseColor.png-b9e5c665ee6f0ce267460bbc89bf77d4.ctex[39m[0m
[  60% ] [90m[1msavepack[22m | Storing File: res://assets/chicago/city-props/post_barrier_PostBarrier_shader_baseColor.png.import[39m[0m
[  60% ] [90m[1msavepack[22m | Storing File: res://.godot/imported/post_barrier_PostBarrier_shader_emissive.png-589adf5883bebbc9c75c3b4aa14c401b.ctex[39m[0m
[  60% ] [90m[1msavepack[22m | Storing File: res://assets/chicago/city-props/post_barrier_PostBarrier_shader_emissive.png.import[39m[0m
[  60% ] [90m[1msavepack[22m | Storing File: res://.godot/imported/post_barrier_PostBarrier_shader_normal.png-3b36cd299263d7093b50f4b77a39fadd.ctex[39m[0m
[  60% ] [90m[1msavepack[22m | Storing File: res://assets/chicago/city-props/post_barrier_PostBarrier_shader_normal.png.import[39m[0m
[  61% ] [90m[1msavepack[22m | Storing File: res://.godot/imported/post_box.glb-57794b47defef0634ecd34cbcac91989.scn[39m[0m
[  61% ] [90m[1msavepack[22m | Storing File: res://assets/chicago/city-props/post_box.glb.import[39m[0m
[  61% ] [90m[1msavepack[22m | Storing File: res://.godot/imported/post_box_PostBox_shader_baseColor.png-b4e3c076432d3b955c215c6800ca79cb.ctex[39m[0m
[  61% ] [90m[1msavepack[22m | Storing File: res://assets/chicago/city-props/post_box_PostBox_shader_baseColor.png.import[39m[0m
[  61% ] [90m[1msavepack[22m | Storing File: res://.godot/imported/post_box_PostBox_shader_emissive.png-6f4edccbadd820371892f3121a192866.ctex[39m[0m
[  61% ] [90m[1msavepack[22m | Storing File: res://assets/chicago/city-props/post_box_PostBox_shader_emissive.png.import[39m[0m
[  61% ] [90m[1msavepack[22m | Storing File: res://.godot/imported/post_box_PostBox_shader_normal.png-5fa3b2e74f0694f281d7b31ac2669021.ctex[39m[0m
[  61% ] [90m[1msavepack[22m | Storing File: res://assets/chicago/city-props/post_box_PostBox_shader_normal.png.import[39m[0m
[  61% ] [90m[1msavepack[22m | Storing File: res://.godot/imported/storm_drain.glb-d3ef14c8e7c70e2ef53946d865990be7.scn[39m[0m
[  61% ] [90m[1msavepack[22m | Storing File: res://assets/chicago/city-props/storm_drain.glb.import[39m[0m
[  61% ] [90m[1msavepack[22m | Storing File: res://.godot/imported/storm_drain_Drain_shader_baseColor.png-cfc219d0eeeb3cf4fdd324bb3e563504.ctex[39m[0m
[  61% ] [90m[1msavepack[22m | Storing File: res://assets/chicago/city-props/storm_drain_Drain_shader_baseColor.png.import[39m[0m
[  61% ] [90m[1msavepack[22m | Storing File: res://.godot/imported/storm_drain_Drain_shader_emissive.png-26bd1e8c6abc3206c235a13a58445bcf.ctex[39m[0m
[  61% ] [90m[1msavepack[22m | Storing File: res://assets/chicago/city-props/storm_drain_Drain_shader_emissive.png.import[39m[0m
[  62% ] [90m[1msavepack[22m | Storing File: res://.godot/imported/storm_drain_Drain_shader_normal.png-e89a67d83da8542f3adb904272b5a047.ctex[39m[0m
[  62% ] [90m[1msavepack[22m | Storing File: res://assets/chicago/city-props/storm_drain_Drain_shader_normal.png.import[39m[0m
[  62% ] [90m[1msavepack[22m | Storing File: res://.godot/imported/tarp_crates.glb-5b2c43a737176727a2703acaf3eedfde.scn[39m[0m
[  62% ] [90m[1msavepack[22m | Storing File: res://assets/chicago/city-props/tarp_crates.glb.import[39m[0m
[  62% ] [90m[1msavepack[22m | Storing File: res://.godot/imported/tarp_crates_Crate1_shader_baseColor.png-4af935589d36f381654da149cdd8ebd4.ctex[39m[0m
[  62% ] [90m[1msavepack[22m | Storing File: res://assets/chicago/city-props/tarp_crates_Crate1_shader_baseColor.png.import[39m[0m
[  62% ] [90m[1msavepack[22m | Storing File: res://.godot/imported/tarp_crates_Crate1_shader_emissive.png-3bfa80c2959521ce754f33458a78c0b1.ctex[39m[0m
[  62% ] [90m[1msavepack[22m | Storing File: res://assets/chicago/city-props/tarp_crates_Crate1_shader_emissive.png.import[39m[0m
[  62% ] [90m[1msavepack[22m | Storing File: res://.godot/imported/tarp_crates_Crate1_shader_normal.png-a4a169ce82848b183e767fcfd0a9bce2.ctex[39m[0m
[  62% ] [90m[1msavepack[22m | Storing File: res://assets/chicago/city-props/tarp_crates_Crate1_shader_normal.png.import[39m[0m
[  62% ] [90m[1msavepack[22m | Storing File: res://.godot/imported/tarp_crates_Crate2_shader_baseColor.png-33963a8972825c33b846d0397df646d4.ctex[39m[0m
[  62% ] [90m[1msavepack[22m | Storing File: res://assets/chicago/city-props/tarp_crates_Crate2_shader_baseColor.png.import[39m[0m
[  62% ] [90m[1msavepack[22m | Storing File: res://.godot/imported/tarp_crates_Crate2_shader_emissive.png-5be50280376efcb38392d34855cbdf39.ctex[39m[0m
[  62% ] [90m[1msavepack[22m | Storing File: res://assets/chicago/city-props/tarp_crates_Crate2_shader_emissive.png.import[39m[0m
[  63% ] [90m[1msavepack[22m | Storing File: res://.godot/imported/tarp_crates_Crate2_shader_normal.png-5994281242a7259e97dae03a17eed8d8.ctex[39m[0m
[  63% ] [90m[1msavepack[22m | Storing File: res://assets/chicago/city-props/tarp_crates_Crate2_shader_normal.png.import[39m[0m
[  63% ] [90m[1msavepack[22m | Storing File: res://.godot/imported/tarp_crates_Crate3_shader_baseColor.png-f8883ef61cd7fda5a9c2cb745eda34c8.ctex[39m[0m
[  63% ] [90m[1msavepack[22m | Storing File: res://assets/chicago/city-props/tarp_crates_Crate3_shader_baseColor.png.import[39m[0m
[  63% ] [90m[1msavepack[22m | Storing File: res://.godot/imported/tarp_crates_Crate3_shader_emissive.png-c126fbd38857401c1dfc4018f2745dfa.ctex[39m[0m
[  63% ] [90m[1msavepack[22m | Storing File: res://assets/chicago/city-props/tarp_crates_Crate3_shader_emissive.png.import[39m[0m
[  63% ] [90m[1msavepack[22m | Storing File: res://.godot/imported/tarp_crates_Crate3_shader_normal.png-06e29740b8ba5b7e81be78d594af6c87.ctex[39m[0m
[  63% ] [90m[1msavepack[22m | Storing File: res://assets/chicago/city-props/tarp_crates_Crate3_shader_normal.png.import[39m[0m
[  63% ] [90m[1msavepack[22m | Storing File: res://.godot/imported/tarp_crates_Crate4_shader_baseColor.png-db1c691e027bf96dd6a2442fb987f66c.ctex[39m[0m
[  63% ] [90m[1msavepack[22m | Storing File: res://assets/chicago/city-props/tarp_crates_Crate4_shader_baseColor.png.import[39m[0m
[  63% ] [90m[1msavepack[22m | Storing File: res://.godot/imported/tarp_crates_Crate4_shader_emissive.png-9e1e18bbcc8bc817b5463c507fa3e038.ctex[39m[0m
[  63% ] [90m[1msavepack[22m | Storing File: res://assets/chicago/city-props/tarp_crates_Crate4_shader_emissive.png.import[39m[0m
[  63% ] [90m[1msavepack[22m | Storing File: res://.godot/imported/tarp_crates_Crate4_shader_normal.png-e674c69b78e828c626402b550650d9ea.ctex[39m[0m
[  63% ] [90m[1msavepack[22m | Storing File: res://assets/chicago/city-props/tarp_crates_Crate4_shader_normal.png.import[39m[0m
[  64% ] [90m[1msavepack[22m | Storing File: res://.godot/imported/tarp_crates_Tarp_shader_baseColor.png-77b616f3e87fe36cd7c75e4242959f71.ctex[39m[0m
[  64% ] [90m[1msavepack[22m | Storing File: res://assets/chicago/city-props/tarp_crates_Tarp_shader_baseColor.png.import[39m[0m
[  64% ] [90m[1msavepack[22m | Storing File: res://.godot/imported/tarp_crates_Tarp_shader_emissive.png-2ea06039c0badd6a9d1d7cce51c0ce41.ctex[39m[0m
[  64% ] [90m[1msavepack[22m | Storing File: res://assets/chicago/city-props/tarp_crates_Tarp_shader_emissive.png.import[39m[0m
[  64% ] [90m[1msavepack[22m | Storing File: res://.godot/imported/tarp_crates_Tarp_shader_normal.png-f79f6f66c1d628b9fc88b8b8dae90877.ctex[39m[0m
[  64% ] [90m[1msavepack[22m | Storing File: res://assets/chicago/city-props/tarp_crates_Tarp_shader_normal.png.import[39m[0m
[  64% ] [90m[1msavepack[22m | Storing File: res://.godot/imported/trash_can.glb-c87bd16a08638f4f72d9462619e7861f.scn[39m[0m
[  64% ] [90m[1msavepack[22m | Storing File: res://assets/chicago/city-props/trash_can.glb.import[39m[0m
[  64% ] [90m[1msavepack[22m | Storing File: res://.godot/imported/trash_can_cap.glb-c019a62a3e999bd4c2dec5aeeb5a95f6.scn[39m[0m
[  64% ] [90m[1msavepack[22m | Storing File: res://assets/chicago/city-props/trash_can_cap.glb.import[39m[0m
[  64% ] [90m[1msavepack[22m | Storing File: res://.godot/imported/trash_can_cap_TrashCanCap_shader_baseColor.png-0b6b509438c89bf6294f0ffcc6f8adaf.ctex[39m[0m
[  64% ] [90m[1msavepack[22m | Storing File: res://assets/chicago/city-props/trash_can_cap_TrashCanCap_shader_baseColor.png.import[39m[0m
[  64% ] [90m[1msavepack[22m | Storing File: res://.godot/imported/trash_can_cap_TrashCanCap_shader_emissive.png-194c9b0d9ed512b4549f138c37430837.ctex[39m[0m
[  64% ] [90m[1msavepack[22m | Storing File: res://assets/chicago/city-props/trash_can_cap_TrashCanCap_shader_emissive.png.import[39m[0m
[  65% ] [90m[1msavepack[22m | Storing File: res://.godot/imported/trash_can_cap_TrashCanCap_shader_normal.png-fbf4aca65b4c5bd03e4d21db33342ff6.ctex[39m[0m
[  65% ] [90m[1msavepack[22m | Storing File: res://assets/chicago/city-props/trash_can_cap_TrashCanCap_shader_normal.png.import[39m[0m
[  65% ] [90m[1msavepack[22m | Storing File: res://.godot/imported/trash_can_TrashCanLarge_shader_baseColor.png-fac1b3cd5623ddc2e2372844b257c151.ctex[39m[0m
[  65% ] [90m[1msavepack[22m | Storing File: res://assets/chicago/city-props/trash_can_TrashCanLarge_shader_baseColor.png.import[39m[0m
[  65% ] [90m[1msavepack[22m | Storing File: res://.godot/imported/trash_can_TrashCanLarge_shader_emissive.png-ea210bd6f0239dc457f1c49301b3a0fb.ctex[39m[0m
[  65% ] [90m[1msavepack[22m | Storing File: res://assets/chicago/city-props/trash_can_TrashCanLarge_shader_emissive.png.import[39m[0m
[  65% ] [90m[1msavepack[22m | Storing File: res://.godot/imported/trash_can_TrashCanLarge_shader_normal.png-f03b50eef660536717709e64b5485aaf.ctex[39m[0m
[  65% ] [90m[1msavepack[22m | Storing File: res://assets/chicago/city-props/trash_can_TrashCanLarge_shader_normal.png.import[39m[0m
[  65% ] [90m[1msavepack[22m | Storing File: res://.godot/imported/trash_commercial.glb-f95fa37e7ac0a6bc423ef9874ce6deb4.scn[39m[0m
[  65% ] [90m[1msavepack[22m | Storing File: res://assets/chicago/city-props/trash_commercial.glb.import[39m[0m
[  65% ] [90m[1msavepack[22m | Storing File: res://.godot/imported/trash_commercial_TrashCommercial_shader_baseColor.png-ee4f6b26d262615d74feafb6b2a4d5d3.ctex[39m[0m
[  65% ] [90m[1msavepack[22m | Storing File: res://assets/chicago/city-props/trash_commercial_TrashCommercial_shader_baseColor.png.import[39m[0m
[  65% ] [90m[1msavepack[22m | Storing File: res://.godot/imported/trash_commercial_TrashCommercial_shader_emissive.png-d4cfe75d2889e60a0f2bd371d7676161.ctex[39m[0m
[  65% ] [90m[1msavepack[22m | Storing File: res://assets/chicago/city-props/trash_commercial_TrashCommercial_shader_emissive.png.import[39m[0m
[  66% ] [90m[1msavepack[22m | Storing File: res://.godot/imported/trash_commercial_TrashCommercial_shader_normal.png-e5ce0a7aaedf5432c0b3ee6fac86bb2e.ctex[39m[0m
[  66% ] [90m[1msavepack[22m | Storing File: res://assets/chicago/city-props/trash_commercial_TrashCommercial_shader_normal.png.import[39m[0m
[  66% ] [90m[1msavepack[22m | Storing File: res://.godot/imported/utility_box.glb-cebff3f8f9ff8c9f12f0ba67dae562ad.scn[39m[0m
[  66% ] [90m[1msavepack[22m | Storing File: res://assets/chicago/city-props/utility_box.glb.import[39m[0m
[  66% ] [90m[1msavepack[22m | Storing File: res://.godot/imported/utility_box_Utility_shader_baseColor.png-68aab4aadf45ac969c768a8d80802575.ctex[39m[0m
[  66% ] [90m[1msavepack[22m | Storing File: res://assets/chicago/city-props/utility_box_Utility_shader_baseColor.png.import[39m[0m
[  66% ] [90m[1msavepack[22m | Storing File: res://.godot/imported/utility_box_Utility_shader_emissive.png-81c4952df68ffac30cfc942dafd42ac8.ctex[39m[0m
[  66% ] [90m[1msavepack[22m | Storing File: res://assets/chicago/city-props/utility_box_Utility_shader_emissive.png.import[39m[0m
[  66% ] [90m[1msavepack[22m | Storing File: res://.godot/imported/utility_box_Utility_shader_normal.png-e9d0dffcbaed1e5b7dc1466e855b263d.ctex[39m[0m
[  66% ] [90m[1msavepack[22m | Storing File: res://assets/chicago/city-props/utility_box_Utility_shader_normal.png.import[39m[0m
[  66% ] [90m[1msavepack[22m | Storing File: res://assets/chicago/downtown-kit/meshes/Cornice_Brick_Center.res[39m[0m
[  66% ] [90m[1msavepack[22m | Storing File: res://assets/chicago/downtown-kit/meshes/Cornice_Metal_Center.res[39m[0m
[  66% ] [90m[1msavepack[22m | Storing File: res://assets/chicago/downtown-kit/meshes/Cornice_Trim_Center.res[39m[0m
[  66% ] [90m[1msavepack[22m | Storing File: res://assets/chicago/downtown-kit/meshes/Door_1.res[39m[0m
[  66% ] [90m[1msavepack[22m | Storing File: res://assets/chicago/downtown-kit/meshes/Metal_FirstFloor_Wall.res[39m[0m
[  66% ] [90m[1msavepack[22m | Storing File: res://assets/chicago/downtown-kit/meshes/Metal_FirstFloor_Window.res[39m[0m
[  66% ] [90m[1msavepack[22m | Storing File: res://assets/chicago/downtown-kit/meshes/Prop_ACUnit.res[39m[0m
[  66% ] [90m[1msavepack[22m | Storing File: res://assets/chicago/downtown-kit/meshes/Prop_Bollard.res[39m[0m
[  66% ] [90m[1msavepack[22m | Storing File: res://assets/chicago/downtown-kit/meshes/Prop_Planter_Single.res[39m[0m
[  67% ] [90m[1msavepack[22m | Storing File: res://assets/chicago/downtown-kit/meshes/Trim_FirstFloor_Wall.res[39m[0m
[  67% ] [90m[1msavepack[22m | Storing File: res://assets/chicago/downtown-kit/meshes/Trim_FirstFloor_Window_001.res[39m[0m
[  67% ] [90m[1msavepack[22m | Storing File: res://.godot/imported/brick.jpg-e0254177fcff70f368e7d8841c1e6a79.s3tc.ctex[39m[0m
[  67% ] [90m[1msavepack[22m | Storing File: res://assets/chicago/downtown-kit/textures/brick.jpg.import[39m[0m
[  67% ] [90m[1msavepack[22m | Storing File: res://.godot/imported/metal.jpg-8a9f22f7369570307da458f4f0fb67ed.s3tc.ctex[39m[0m
[  67% ] [90m[1msavepack[22m | Storing File: res://assets/chicago/downtown-kit/textures/metal.jpg.import[39m[0m
[  67% ] [90m[1msavepack[22m | Storing File: res://.godot/imported/ornament.jpg-e1a02fecb4a67c5e97e93f5959716935.s3tc.ctex[39m[0m
[  67% ] [90m[1msavepack[22m | Storing File: res://assets/chicago/downtown-kit/textures/ornament.jpg.import[39m[0m
[  67% ] [90m[1msavepack[22m | Storing File: res://.godot/imported/slate.jpg-17f1955ff3f8ebf91148cce68565ef93.s3tc.ctex[39m[0m
[  67% ] [90m[1msavepack[22m | Storing File: res://assets/chicago/downtown-kit/textures/slate.jpg.import[39m[0m
[  67% ] [90m[1msavepack[22m | Storing File: res://.godot/imported/trim.jpg-c5fb3c7aea57f07a1ba8c280d408b962.s3tc.ctex[39m[0m
[  67% ] [90m[1msavepack[22m | Storing File: res://assets/chicago/downtown-kit/textures/trim.jpg.import[39m[0m
[  68% ] [90m[1msavepack[22m | Storing File: res://.godot/exported/133200997/export-18063aa3761b0af90492eb965b4cf85e-mat_brick.res[39m[0m
[  68% ] [90m[1msavepack[22m | Storing File: res://.godot/exported/133200997/export-0fdceddb880e3f2e8d0188f7a8b3c8ae-mat_dark.res[39m[0m
[  68% ] [90m[1msavepack[22m | Storing File: res://.godot/exported/133200997/export-5e1f87a65d6fef4d011a09f207cfe6ae-mat_dirt.res[39m[0m
[  68% ] [90m[1msavepack[22m | Storing File: res://.godot/exported/133200997/export-e6aafafab88ecaaa03c206329d6ec68c-mat_glass.res[39m[0m
[  68% ] [90m[1msavepack[22m | Storing File: res://.godot/exported/133200997/export-1cc435927156cc7b1d589b4260e6cf1e-mat_green.res[39m[0m
[  68% ] [90m[1msavepack[22m | Storing File: res://.godot/exported/133200997/export-6d97c685c4682a7af06232359b2eefff-mat_interior.res[39m[0m
[  68% ] [90m[1msavepack[22m | Storing File: res://.godot/exported/133200997/export-8d97b20b74afd9900a83c0a43853821e-mat_metal.res[39m[0m
[  69% ] [90m[1msavepack[22m | Storing File: res://.godot/exported/133200997/export-5eb60192e9e4b8f07e073b635fd3838f-mat_ornament.res[39m[0m
[  69% ] [90m[1msavepack[22m | Storing File: res://.godot/exported/133200997/export-086b040e744c86b7d73662a2e68c5e45-mat_trim.res[39m[0m
[  69% ] [90m[1msavepack[22m | Storing File: res://.godot/imported/albedo.png-bdc9702622c6d115de032ff69e987e6c.s3tc.ctexarray[39m[0m
[  69% ] [90m[1msavepack[22m | Storing File: res://assets/chicago/facade-array/albedo.png.import[39m[0m
[  69% ] [90m[1msavepack[22m | Storing File: res://.godot/imported/normal.png-33875ba12f753ad89cf3594d105662ba.s3tc.ctexarray[39m[0m
[  69% ] [90m[1msavepack[22m | Storing File: res://assets/chicago/facade-array/normal.png.import[39m[0m
[  69% ] [90m[1msavepack[22m | Storing File: res://.godot/imported/rough.png-cd4641e0e4e0f9957330fa2e510552e6.s3tc.ctexarray[39m[0m
[  69% ] [90m[1msavepack[22m | Storing File: res://assets/chicago/facade-array/rough.png.import[39m[0m
[  69% ] [90m[1msavepack[22m | Storing File: res://.godot/imported/caa.jpg-591b1843a34408f952d990cf44a4a08c.ctex[39m[0m
[  69% ] [90m[1msavepack[22m | Storing File: res://assets/chicago/facade-photos/src/caa.jpg.import[39m[0m
[  69% ] [90m[1msavepack[22m | Storing File: res://.godot/imported/rx.jpg-2adf3778fbec597e18d08f626c7043d9.ctex[39m[0m
[  69% ] [90m[1msavepack[22m | Storing File: res://assets/chicago/facade-photos/src/rx.jpg.import[39m[0m
[  70% ] [90m[1msavepack[22m | Storing File: res://.godot/imported/uc.jpg-c3b55d1956515be98ea33deca6c88300.ctex[39m[0m
[  70% ] [90m[1msavepack[22m | Storing File: res://assets/chicago/facade-photos/src/uc.jpg.import[39m[0m
[  70% ] [90m[1msavepack[22m | Storing File: res://.godot/imported/caa_east.jpg-b3930a6f3239379f6185a8cf292069fe.ctex[39m[0m
[  70% ] [90m[1msavepack[22m | Storing File: res://assets/chicago/facade-photos/caa_east.jpg.import[39m[0m
[  70% ] [90m[1msavepack[22m | Storing File: res://.godot/imported/ccc_east.jpg-973cbb9acbbb2b34ac60f9b9139b0d37.ctex[39m[0m
[  70% ] [90m[1msavepack[22m | Storing File: res://assets/chicago/facade-photos/ccc_east.jpg.import[39m[0m
[  70% ] [90m[1msavepack[22m | Storing File: res://.godot/imported/rx_east.jpg-dede66606fcbeaee93861842c679bfb8.ctex[39m[0m
[  70% ] [90m[1msavepack[22m | Storing File: res://assets/chicago/facade-photos/rx_east.jpg.import[39m[0m
[  70% ] [90m[1msavepack[22m | Storing File: res://.godot/imported/sym_east.jpg-2acbf39b28ab057197889489d4dda0d8.ctex[39m[0m
[  70% ] [90m[1msavepack[22m | Storing File: res://assets/chicago/facade-photos/sym_east.jpg.import[39m[0m
[  70% ] [90m[1msavepack[22m | Storing File: res://.godot/imported/uc_east.jpg-6367c255fa63629ca90f186f568166db.ctex[39m[0m
[  70% ] [90m[1msavepack[22m | Storing File: res://assets/chicago/facade-photos/uc_east.jpg.import[39m[0m
[  71% ] [90m[1msavepack[22m | Storing File: res://.godot/imported/bean.glb-f3de7e9ab47b45ed0f9fcd6c8f1dd94e.scn[39m[0m
[  71% ] [90m[1msavepack[22m | Storing File: res://assets/chicago/landmarks/bean.glb.import[39m[0m
[  71% ] [90m[1msavepack[22m | Storing File: res://.godot/imported/night_skyline.glb-1cfd2c6b45ddec98138c95a374415856.scn[39m[0m
[  71% ] [90m[1msavepack[22m | Storing File: res://assets/chicago/landmarks/night_skyline.glb.import[39m[0m
[  71% ] [90m[1msavepack[22m | Storing File: res://.godot/imported/night_skyline_Background_Night_Buildings_baseColor.png-50932108db4af7845266edc641b4e36d.ctex[39m[0m
[  71% ] [90m[1msavepack[22m | Storing File: res://assets/chicago/landmarks/night_skyline_Background_Night_Buildings_baseColor.png.import[39m[0m
[  71% ] [90m[1msavepack[22m | Storing File: res://.godot/imported/night_skyline_Background_Night_Buildings_clearcoat.png-f3c722f9ef38b2c21e0cf2ea6d045ef0.ctex[39m[0m
[  71% ] [90m[1msavepack[22m | Storing File: res://assets/chicago/landmarks/night_skyline_Background_Night_Buildings_clearcoat.png.import[39m[0m
[  71% ] [90m[1msavepack[22m | Storing File: res://.godot/imported/night_skyline_Background_Night_Buildings_emissive.png-e11447e9a18c0afa7e0c70c3933ec110.ctex[39m[0m
[  71% ] [90m[1msavepack[22m | Storing File: res://assets/chicago/landmarks/night_skyline_Background_Night_Buildings_emissive.png.import[39m[0m
[  71% ] [90m[1msavepack[22m | Storing File: res://.godot/imported/night_skyline_Background_Night_Buildings_metallicRoughness.png-1fd4f3df661106d5666723bec437cf61.ctex[39m[0m
[  71% ] [90m[1msavepack[22m | Storing File: res://assets/chicago/landmarks/night_skyline_Background_Night_Buildings_metallicRoughness.png.import[39m[0m
[  71% ] [90m[1msavepack[22m | Storing File: res://.godot/imported/night_skyline_Background_Night_Buildings_normal.png-82e151e4aea48d6c3d081b4eec05eb82.ctex[39m[0m
[  71% ] [90m[1msavepack[22m | Storing File: res://assets/chicago/landmarks/night_skyline_Background_Night_Buildings_normal.png.import[39m[0m
[  72% ] [90m[1msavepack[22m | Storing File: res://.godot/imported/signal_corner.glb-c4014b887ca0ee4212d5d4add74c6063.scn[39m[0m
[  72% ] [90m[1msavepack[22m | Storing File: res://assets/chicago/landmarks/signal_corner.glb.import[39m[0m
[  72% ] [90m[1msavepack[22m | Storing File: res://.godot/imported/signal_corner_Material.png-d38085c3747620ed06237914d0761e69.ctex[39m[0m
[  72% ] [90m[1msavepack[22m | Storing File: res://assets/chicago/landmarks/signal_corner_Material.png.import[39m[0m
[  72% ] [90m[1msavepack[22m | Storing File: res://.godot/imported/signal_corner_Material_1.png-710fc898acf094ee7262d0fdec72cd71.ctex[39m[0m
[  72% ] [90m[1msavepack[22m | Storing File: res://assets/chicago/landmarks/signal_corner_Material_1.png.import[39m[0m
[  72% ] [90m[1msavepack[22m | Storing File: res://.godot/imported/signal_corner_Material_baseColor.png-bda369c2441750ee27e4018aebc8adc8.ctex[39m[0m
[  72% ] [90m[1msavepack[22m | Storing File: res://assets/chicago/landmarks/signal_corner_Material_baseColor.png.import[39m[0m
[  72% ] [90m[1msavepack[22m | Storing File: res://.godot/imported/signal_corner_Material_transmission.png-0c9224f6109f1a9ade29fefcc6878664.ctex[39m[0m
[  72% ] [90m[1msavepack[22m | Storing File: res://assets/chicago/landmarks/signal_corner_Material_transmission.png.import[39m[0m
[  72% ] [90m[1msavepack[22m | Storing File: res://.godot/imported/signal_corner_red_lens.png-d19e27c9470371287b9b3b55bda8b6fb.ctex[39m[0m
[  72% ] [90m[1msavepack[22m | Storing File: res://assets/chicago/landmarks/signal_corner_red_lens.png.import[39m[0m
[  72% ] [90m[1msavepack[22m | Storing File: res://.godot/imported/signal_corner_red_lens_5.png-08200bead05e70e569d7ccadec9a981d.ctex[39m[0m
[  72% ] [90m[1msavepack[22m | Storing File: res://assets/chicago/landmarks/signal_corner_red_lens_5.png.import[39m[0m
[  73% ] [90m[1msavepack[22m | Storing File: res://.godot/imported/willis_tower.glb-833d4431a642d16a90bb3b1b5f3ed705.scn[39m[0m
[  73% ] [90m[1msavepack[22m | Storing File: res://assets/chicago/landmarks/willis_tower.glb.import[39m[0m
[  73% ] [90m[1msavepack[22m | Storing File: res://.godot/imported/willis_tower_phong7_diffuse.png-7fbb561fe1cc5f4b7254454a9e8c7b3b.ctex[39m[0m
[  73% ] [90m[1msavepack[22m | Storing File: res://assets/chicago/landmarks/willis_tower_phong7_diffuse.png.import[39m[0m
[  73% ] [90m[1msavepack[22m | Storing File: res://.godot/imported/willis_tower_phong7_normal.png-7c796aadd14bffc46d1f156c49e48e9b.ctex[39m[0m
[  73% ] [90m[1msavepack[22m | Storing File: res://assets/chicago/landmarks/willis_tower_phong7_normal.png.import[39m[0m
[  73% ] [90m[1msavepack[22m | Storing File: res://.godot/imported/willis_tower_phong7_specularGlossiness.png-ddc72e6d77df8f31a3cee10ca56ca8ab.ctex[39m[0m
[  73% ] [90m[1msavepack[22m | Storing File: res://assets/chicago/landmarks/willis_tower_phong7_specularGlossiness.png.import[39m[0m
[  73% ] [90m[1msavepack[22m | Storing File: res://.godot/imported/willis_tower_phong7_specularGlossiness_7.png-3cbaaba5df17391e5f25cb676d90af23.ctex[39m[0m
[  73% ] [90m[1msavepack[22m | Storing File: res://assets/chicago/landmarks/willis_tower_phong7_specularGlossiness_7.png.import[39m[0m
[  73% ] [90m[1msavepack[22m | Storing File: res://.godot/imported/willis_tower_phong9_diffuse.png-18f12db66abbf82d7932bed018d22b28.ctex[39m[0m
[  73% ] [90m[1msavepack[22m | Storing File: res://assets/chicago/landmarks/willis_tower_phong9_diffuse.png.import[39m[0m
[  73% ] [90m[1msavepack[22m | Storing File: res://.godot/imported/willis_tower_phong9_normal.png-194306508bf260a6dba969a09816e8ec.ctex[39m[0m
[  73% ] [90m[1msavepack[22m | Storing File: res://assets/chicago/landmarks/willis_tower_phong9_normal.png.import[39m[0m
[  74% ] [90m[1msavepack[22m | Storing File: res://.godot/imported/willis_tower_phong9_specularGlossiness.png-b731a35d6b8683f0d7c7ec8eb95582c2.ctex[39m[0m
[  74% ] [90m[1msavepack[22m | Storing File: res://assets/chicago/landmarks/willis_tower_phong9_specularGlossiness.png.import[39m[0m
[  74% ] [90m[1msavepack[22m | Storing File: res://.godot/imported/willis_tower_phong9_specularGlossiness_11.png-f4d0d8cc104ad87c1891d9797ab835e4.ctex[39m[0m
[  74% ] [90m[1msavepack[22m | Storing File: res://assets/chicago/landmarks/willis_tower_phong9_specularGlossiness_11.png.import[39m[0m
[  74% ] [90m[1msavepack[22m | Storing File: res://.godot/imported/willis_tower_phong11_diffuse.png-69ebc620bdd85b39351cb71d4a83f71b.ctex[39m[0m
[  74% ] [90m[1msavepack[22m | Storing File: res://assets/chicago/landmarks/willis_tower_phong11_diffuse.png.import[39m[0m
[  74% ] [90m[1msavepack[22m | Storing File: res://.godot/imported/willis_tower_phong11_normal.png-5b323acf7676b60c443fbee895ebeea9.ctex[39m[0m
[  74% ] [90m[1msavepack[22m | Storing File: res://assets/chicago/landmarks/willis_tower_phong11_normal.png.import[39m[0m
[  74% ] [90m[1msavepack[22m | Storing File: res://.godot/imported/willis_tower_phong11_specularGlossiness.png-caab53266c37e8344bd19f206e28e09d.ctex[39m[0m
[  74% ] [90m[1msavepack[22m | Storing File: res://assets/chicago/landmarks/willis_tower_phong11_specularGlossiness.png.import[39m[0m
[  74% ] [90m[1msavepack[22m | Storing File: res://.godot/imported/willis_tower_phong11_specularGlossiness_3.png-c48c9271410e87a1200205381014295d.ctex[39m[0m
[  74% ] [90m[1msavepack[22m | Storing File: res://assets/chicago/landmarks/willis_tower_phong11_specularGlossiness_3.png.import[39m[0m
[  74% ] [90m[1msavepack[22m | Storing File: res://.godot/imported/kloofendal_48d_partly_cloudy_puresky.hdr-719eec46b8c527323a9f2c89b3af98ea.ctex[39m[0m
[  74% ] [90m[1msavepack[22m | Storing File: res://assets/chicago/sky/kloofendal_48d_partly_cloudy_puresky.hdr.import[39m[0m
[  75% ] [90m[1msavepack[22m | Storing File: res://.godot/imported/kloppenheim_07_puresky.hdr-c59ffbb080843ee6a17f0cb645f16caf.ctex[39m[0m
[  75% ] [90m[1msavepack[22m | Storing File: res://assets/chicago/sky/kloppenheim_07_puresky.hdr.import[39m[0m
[  75% ] [90m[1msavepack[22m | Storing File: res://.godot/imported/bin.glb-9f58c5202bc4cff9bdeee6d6269954bd.scn[39m[0m
[  75% ] [90m[1msavepack[22m | Storing File: res://assets/chicago/street-pack/bin.glb.import[39m[0m
[  75% ] [90m[1msavepack[22m | Storing File: res://.godot/imported/bin_Boards_baseColor.png-8926ef61bdb988cb9cbee180664d28d0.ctex[39m[0m
[  75% ] [90m[1msavepack[22m | Storing File: res://assets/chicago/street-pack/bin_Boards_baseColor.png.import[39m[0m
[  75% ] [90m[1msavepack[22m | Storing File: res://.godot/imported/bin_Boards_metallicRoughness.png-a92521db8c24c83251cf35180c72a461.ctex[39m[0m
[  75% ] [90m[1msavepack[22m | Storing File: res://assets/chicago/street-pack/bin_Boards_metallicRoughness.png.import[39m[0m
[  75% ] [90m[1msavepack[22m | Storing File: res://.godot/imported/bin_Boards_normal.png-e2c6cdf7a2baf30255fd58eb37e76921.ctex[39m[0m
[  75% ] [90m[1msavepack[22m | Storing File: res://assets/chicago/street-pack/bin_Boards_normal.png.import[39m[0m
[  75% ] [90m[1msavepack[22m | Storing File: res://.godot/imported/bin_Hinge_baseColor.png-5b6f3ec83ba1a8375a28101285adf8db.ctex[39m[0m
[  75% ] [90m[1msavepack[22m | Storing File: res://assets/chicago/street-pack/bin_Hinge_baseColor.png.import[39m[0m
[  75% ] [90m[1msavepack[22m | Storing File: res://.godot/imported/bin_Hinge_metallicRoughness.png-b377cc8bd4e5fd5c39d57a273aae5957.ctex[39m[0m
[  75% ] [90m[1msavepack[22m | Storing File: res://assets/chicago/street-pack/bin_Hinge_metallicRoughness.png.import[39m[0m
[  76% ] [90m[1msavepack[22m | Storing File: res://.godot/imported/bin_Hinge_normal.png-a45443d21d5d46b7ebe32a931bdaac45.ctex[39m[0m
[  76% ] [90m[1msavepack[22m | Storing File: res://assets/chicago/street-pack/bin_Hinge_normal.png.import[39m[0m
[  76% ] [90m[1msavepack[22m | Storing File: res://.godot/imported/bin_material_32_baseColor.png-12c85e31d4258af7efbbbe5c1ed96b44.ctex[39m[0m
[  76% ] [90m[1msavepack[22m | Storing File: res://assets/chicago/street-pack/bin_material_32_baseColor.png.import[39m[0m
[  76% ] [90m[1msavepack[22m | Storing File: res://.godot/imported/bin_material_32_metallicRoughness.png-b31683364a9d6f1900e0b132b41d3f4b.ctex[39m[0m
[  76% ] [90m[1msavepack[22m | Storing File: res://assets/chicago/street-pack/bin_material_32_metallicRoughness.png.import[39m[0m
[  76% ] [90m[1msavepack[22m | Storing File: res://.godot/imported/bin_material_32_normal.png-3ff60adc2e67b1896c77162788dced76.ctex[39m[0m
[  76% ] [90m[1msavepack[22m | Storing File: res://assets/chicago/street-pack/bin_material_32_normal.png.import[39m[0m
[  76% ] [90m[1msavepack[22m | Storing File: res://.godot/imported/bin_material_baseColor.png-d194b56e7e588e40778b8a182d88ec60.ctex[39m[0m
[  76% ] [90m[1msavepack[22m | Storing File: res://assets/chicago/street-pack/bin_material_baseColor.png.import[39m[0m
[  76% ] [90m[1msavepack[22m | Storing File: res://.godot/imported/bin_material_metallicRoughness.png-18db3a24827f326c4d20ffe5b1620c40.ctex[39m[0m
[  76% ] [90m[1msavepack[22m | Storing File: res://assets/chicago/street-pack/bin_material_metallicRoughness.png.import[39m[0m
[  76% ] [90m[1msavepack[22m | Storing File: res://.godot/imported/bin_material_normal.png-d4806be478aafe24c2f3358919ec6975.ctex[39m[0m
[  76% ] [90m[1msavepack[22m | Storing File: res://assets/chicago/street-pack/bin_material_normal.png.import[39m[0m
[  77% ] [90m[1msavepack[22m | Storing File: res://.godot/imported/cardboard.glb-ff140d83fd23cf4bfdd67dda6b07f2da.scn[39m[0m
[  77% ] [90m[1msavepack[22m | Storing File: res://assets/chicago/street-pack/cardboard.glb.import[39m[0m
[  77% ] [90m[1msavepack[22m | Storing File: res://.godot/imported/cardboard_Cardboard2_baseColor.png-cc6d71770d4497bcc50b88fc0311c5c1.ctex[39m[0m
[  77% ] [90m[1msavepack[22m | Storing File: res://assets/chicago/street-pack/cardboard_Cardboard2_baseColor.png.import[39m[0m
[  77% ] [90m[1msavepack[22m | Storing File: res://.godot/imported/cardboard_Cardboard2_metallicRoughness.png-7278a4287171651985e8c1b20af0bddb.ctex[39m[0m
[  77% ] [90m[1msavepack[22m | Storing File: res://assets/chicago/street-pack/cardboard_Cardboard2_metallicRoughness.png.import[39m[0m
[  77% ] [90m[1msavepack[22m | Storing File: res://.godot/imported/cardboard_Cardboard2_normal.png-221f50179760286234cf3cee8793724a.ctex[39m[0m
[  77% ] [90m[1msavepack[22m | Storing File: res://assets/chicago/street-pack/cardboard_Cardboard2_normal.png.import[39m[0m
[  77% ] [90m[1msavepack[22m | Storing File: res://.godot/imported/cardboard_Cardboard_baseColor.png-8266fa73724ab4799119e21de2bce1d0.ctex[39m[0m
[  77% ] [90m[1msavepack[22m | Storing File: res://assets/chicago/street-pack/cardboard_Cardboard_baseColor.png.import[39m[0m
[  77% ] [90m[1msavepack[22m | Storing File: res://.godot/imported/cardboard_Cardboard_metallicRoughness.png-1735f10ba76f0b440a179a38bebe9588.ctex[39m[0m
[  77% ] [90m[1msavepack[22m | Storing File: res://assets/chicago/street-pack/cardboard_Cardboard_metallicRoughness.png.import[39m[0m
[  77% ] [90m[1msavepack[22m | Storing File: res://.godot/imported/cardboard_Cardboard_normal.png-357c4f8f6e350390f279c7f4e9f999a7.ctex[39m[0m
[  77% ] [90m[1msavepack[22m | Storing File: res://assets/chicago/street-pack/cardboard_Cardboard_normal.png.import[39m[0m
[  78% ] [90m[1msavepack[22m | Storing File: res://.godot/imported/cone.glb-fb89205ece98528a4da9ca3b25dbd82a.scn[39m[0m
[  78% ] [90m[1msavepack[22m | Storing File: res://assets/chicago/street-pack/cone.glb.import[39m[0m
[  78% ] [90m[1msavepack[22m | Storing File: res://.godot/imported/cone_Cone_baseColor.png-07da6f65f4575e385c83167c2fa25ac7.ctex[39m[0m
[  78% ] [90m[1msavepack[22m | Storing File: res://assets/chicago/street-pack/cone_Cone_baseColor.png.import[39m[0m
[  78% ] [90m[1msavepack[22m | Storing File: res://.godot/imported/cone_Cone_Base_baseColor.png-229c9944093dac37e315d558b233614a.ctex[39m[0m
[  78% ] [90m[1msavepack[22m | Storing File: res://assets/chicago/street-pack/cone_Cone_Base_baseColor.png.import[39m[0m
[  78% ] [90m[1msavepack[22m | Storing File: res://.godot/imported/cone_Cone_Base_metallicRoughness.png-27450c8e4a73b555a2e29bbb6637069f.ctex[39m[0m
[  78% ] [90m[1msavepack[22m | Storing File: res://assets/chicago/street-pack/cone_Cone_Base_metallicRoughness.png.import[39m[0m
[  78% ] [90m[1msavepack[22m | Storing File: res://.godot/imported/cone_Cone_Base_normal.png-a3f87f89c4f21e5681166dfd8199cd1f.ctex[39m[0m
[  78% ] [90m[1msavepack[22m | Storing File: res://assets/chicago/street-pack/cone_Cone_Base_normal.png.import[39m[0m
[  78% ] [90m[1msavepack[22m | Storing File: res://.godot/imported/cone_Cone_metallicRoughness.png-a368ea6bb7ea45aacc14c8c7d62b3a3c.ctex[39m[0m
[  78% ] [90m[1msavepack[22m | Storing File: res://assets/chicago/street-pack/cone_Cone_metallicRoughness.png.import[39m[0m
[  78% ] [90m[1msavepack[22m | Storing File: res://.godot/imported/cone_Cone_normal.png-62debfdb45b1112547467ebda0a035b2.ctex[39m[0m
[  78% ] [90m[1msavepack[22m | Storing File: res://assets/chicago/street-pack/cone_Cone_normal.png.import[39m[0m
[  79% ] [90m[1msavepack[22m | Storing File: res://.godot/imported/crowd_fence.glb-aeb0dd1e2d33d917760255649efeb4df.scn[39m[0m
[  79% ] [90m[1msavepack[22m | Storing File: res://assets/chicago/street-pack/crowd_fence.glb.import[39m[0m
[  79% ] [90m[1msavepack[22m | Storing File: res://.godot/imported/crowd_fence_Metal_Barrier1_baseColor.png-24bd2a8d5304a2d5092ae2d8b6cf63bb.ctex[39m[0m
[  79% ] [90m[1msavepack[22m | Storing File: res://assets/chicago/street-pack/crowd_fence_Metal_Barrier1_baseColor.png.import[39m[0m
[  79% ] [90m[1msavepack[22m | Storing File: res://.godot/imported/crowd_fence_Metal_Barrier1_metallicRoughness.png-181e9cd625674087ed6c89dfe97a2c99.ctex[39m[0m
[  79% ] [90m[1msavepack[22m | Storing File: res://assets/chicago/street-pack/crowd_fence_Metal_Barrier1_metallicRoughness.png.import[39m[0m
[  79% ] [90m[1msavepack[22m | Storing File: res://.godot/imported/crowd_fence_Metal_Barrier1_normal.png-5b51d8e28eb9e9467f075731b7f2874a.ctex[39m[0m
[  79% ] [90m[1msavepack[22m | Storing File: res://assets/chicago/street-pack/crowd_fence_Metal_Barrier1_normal.png.import[39m[0m
[  79% ] [90m[1msavepack[22m | Storing File: res://.godot/imported/drum.glb-2f970fe87269000ce9fe7fd356182d12.scn[39m[0m
[  79% ] [90m[1msavepack[22m | Storing File: res://assets/chicago/street-pack/drum.glb.import[39m[0m
[  79% ] [90m[1msavepack[22m | Storing File: res://.godot/imported/drum_Barrel_baseColor.png-776a0fd6dfd1f23644c66236224e88e5.ctex[39m[0m
[  79% ] [90m[1msavepack[22m | Storing File: res://assets/chicago/street-pack/drum_Barrel_baseColor.png.import[39m[0m
[  79% ] [90m[1msavepack[22m | Storing File: res://.godot/imported/drum_Barrel_Base_baseColor.png-576535f2389a3f434e16cf96c236f487.ctex[39m[0m
[  79% ] [90m[1msavepack[22m | Storing File: res://assets/chicago/street-pack/drum_Barrel_Base_baseColor.png.import[39m[0m
[  80% ] [90m[1msavepack[22m | Storing File: res://.godot/imported/drum_Barrel_Base_metallicRoughness.png-9660d3662dd8cbc89eb18f3240c56958.ctex[39m[0m
[  80% ] [90m[1msavepack[22m | Storing File: res://assets/chicago/street-pack/drum_Barrel_Base_metallicRoughness.png.import[39m[0m
[  80% ] [90m[1msavepack[22m | Storing File: res://.godot/imported/drum_Barrel_Base_normal.png-a1809a912fba33b5a994bb3b55b3c23a.ctex[39m[0m
[  80% ] [90m[1msavepack[22m | Storing File: res://assets/chicago/street-pack/drum_Barrel_Base_normal.png.import[39m[0m
[  80% ] [90m[1msavepack[22m | Storing File: res://.godot/imported/drum_Barrel_metallicRoughness.png-a60c66942823233e89155034ba19954d.ctex[39m[0m
[  80% ] [90m[1msavepack[22m | Storing File: res://assets/chicago/street-pack/drum_Barrel_metallicRoughness.png.import[39m[0m
[  80% ] [90m[1msavepack[22m | Storing File: res://.godot/imported/drum_Barrel_normal.png-84fbcd859a29fb022d3cbc1828c8d198.ctex[39m[0m
[  80% ] [90m[1msavepack[22m | Storing File: res://assets/chicago/street-pack/drum_Barrel_normal.png.import[39m[0m
[  80% ] [90m[1msavepack[22m | Storing File: res://.godot/imported/hydrant.glb-8af8f58cbf915caae3643303d3f14e50.scn[39m[0m
[  80% ] [90m[1msavepack[22m | Storing File: res://assets/chicago/street-pack/hydrant.glb.import[39m[0m
[  80% ] [90m[1msavepack[22m | Storing File: res://.godot/imported/hydrant_Hydrant_baseColor.png-fa40c14ffaa042f8c69fd794ecdb442a.ctex[39m[0m
[  80% ] [90m[1msavepack[22m | Storing File: res://assets/chicago/street-pack/hydrant_Hydrant_baseColor.png.import[39m[0m
[  80% ] [90m[1msavepack[22m | Storing File: res://.godot/imported/hydrant_Hydrant_metallicRoughness.png-3063ce716c4f1e15eb9ef4961bab623a.ctex[39m[0m
[  80% ] [90m[1msavepack[22m | Storing File: res://assets/chicago/street-pack/hydrant_Hydrant_metallicRoughness.png.import[39m[0m
[  81% ] [90m[1msavepack[22m | Storing File: res://.godot/imported/hydrant_Hydrant_normal.png-f628207d15b4a1cc9b81d9f19ccfb079.ctex[39m[0m
[  81% ] [90m[1msavepack[22m | Storing File: res://assets/chicago/street-pack/hydrant_Hydrant_normal.png.import[39m[0m
[  81% ] [90m[1msavepack[22m | Storing File: res://.godot/imported/jersey.glb-9051be07ca13c580a3fb116dd2b8a76e.scn[39m[0m
[  81% ] [90m[1msavepack[22m | Storing File: res://assets/chicago/street-pack/jersey.glb.import[39m[0m
[  81% ] [90m[1msavepack[22m | Storing File: res://.godot/imported/jersey_Barrier_Metal_baseColor.png-dd32d05f1f25328807e7a72dad020bdd.ctex[39m[0m
[  81% ] [90m[1msavepack[22m | Storing File: res://assets/chicago/street-pack/jersey_Barrier_Metal_baseColor.png.import[39m[0m
[  81% ] [90m[1msavepack[22m | Storing File: res://.godot/imported/jersey_Barrier_Metal_metallicRoughness.png-af32041eb0eadeddda86dd929278c78b.ctex[39m[0m
[  81% ] [90m[1msavepack[22m | Storing File: res://assets/chicago/street-pack/jersey_Barrier_Metal_metallicRoughness.png.import[39m[0m
[  81% ] [90m[1msavepack[22m | Storing File: res://.godot/imported/jersey_Barrier_Metal_normal.png-bfdcf0e222785115081ec85fa14f2236.ctex[39m[0m
[  81% ] [90m[1msavepack[22m | Storing File: res://assets/chicago/street-pack/jersey_Barrier_Metal_normal.png.import[39m[0m
[  81% ] [90m[1msavepack[22m | Storing File: res://.godot/imported/jersey_Concrete_Barrier_baseColor.png-91f530f1d0bd4895375980c39f92d002.ctex[39m[0m
[  81% ] [90m[1msavepack[22m | Storing File: res://assets/chicago/street-pack/jersey_Concrete_Barrier_baseColor.png.import[39m[0m
[  81% ] [90m[1msavepack[22m | Storing File: res://.godot/imported/jersey_Concrete_Barrier_metallicRoughness.png-90165fccf1bb30a2226e6df3e7597933.ctex[39m[0m
[  81% ] [90m[1msavepack[22m | Storing File: res://assets/chicago/street-pack/jersey_Concrete_Barrier_metallicRoughness.png.import[39m[0m
[  82% ] [90m[1msavepack[22m | Storing File: res://.godot/imported/jersey_Concrete_Barrier_normal.png-0ad1e59371c5285606a00124dce3b809.ctex[39m[0m
[  82% ] [90m[1msavepack[22m | Storing File: res://assets/chicago/street-pack/jersey_Concrete_Barrier_normal.png.import[39m[0m
[  82% ] [90m[1msavepack[22m | Storing File: res://.godot/imported/plastic_barrier.glb-ccdecae9eda7058543b5bc497009ffa9.scn[39m[0m
[  82% ] [90m[1msavepack[22m | Storing File: res://assets/chicago/street-pack/plastic_barrier.glb.import[39m[0m
[  82% ] [90m[1msavepack[22m | Storing File: res://.godot/imported/plastic_barrier_Barrier_baseColor.png-42787f1d7a72d983921766a65e447ae0.ctex[39m[0m
[  82% ] [90m[1msavepack[22m | Storing File: res://assets/chicago/street-pack/plastic_barrier_Barrier_baseColor.png.import[39m[0m
[  82% ] [90m[1msavepack[22m | Storing File: res://.godot/imported/plastic_barrier_Barrier_metallicRoughness.png-4dbb43d3530f8c31287faf3a62a8ce34.ctex[39m[0m
[  82% ] [90m[1msavepack[22m | Storing File: res://assets/chicago/street-pack/plastic_barrier_Barrier_metallicRoughness.png.import[39m[0m
[  82% ] [90m[1msavepack[22m | Storing File: res://.godot/imported/plastic_barrier_Barrier_normal.png-5b605344e748e34fe33b0e16e7e168dc.ctex[39m[0m
[  82% ] [90m[1msavepack[22m | Storing File: res://assets/chicago/street-pack/plastic_barrier_Barrier_normal.png.import[39m[0m
[  82% ] [90m[1msavepack[22m | Storing File: res://.godot/imported/stop_sign.glb-84933d13bc78c9250fc0cf5f733c5a97.scn[39m[0m
[  82% ] [90m[1msavepack[22m | Storing File: res://assets/chicago/street-pack/stop_sign.glb.import[39m[0m
[  82% ] [90m[1msavepack[22m | Storing File: res://.godot/imported/stop_sign_Sign_Pole3_baseColor.png-69ece37371c90322441c9c1098edf2a1.ctex[39m[0m
[  82% ] [90m[1msavepack[22m | Storing File: res://assets/chicago/street-pack/stop_sign_Sign_Pole3_baseColor.png.import[39m[0m
[  83% ] [90m[1msavepack[22m | Storing File: res://.godot/imported/stop_sign_Sign_Pole3_metallicRoughness.png-4465e484dc043574ef3494668c60b09e.ctex[39m[0m
[  83% ] [90m[1msavepack[22m | Storing File: res://assets/chicago/street-pack/stop_sign_Sign_Pole3_metallicRoughness.png.import[39m[0m
[  83% ] [90m[1msavepack[22m | Storing File: res://.godot/imported/stop_sign_Sign_Pole3_normal.png-db7e705f33afc40eac7f7f8a46aa0fa0.ctex[39m[0m
[  83% ] [90m[1msavepack[22m | Storing File: res://assets/chicago/street-pack/stop_sign_Sign_Pole3_normal.png.import[39m[0m
[  83% ] [90m[1msavepack[22m | Storing File: res://.godot/imported/stop_sign_Sign_Support3_baseColor.png-df8135cf25ed7d1c1da6515679c7e83b.ctex[39m[0m
[  83% ] [90m[1msavepack[22m | Storing File: res://assets/chicago/street-pack/stop_sign_Sign_Support3_baseColor.png.import[39m[0m
[  83% ] [90m[1msavepack[22m | Storing File: res://.godot/imported/stop_sign_Sign_Support3_metallicRoughness.png-ad689837ed8beed41132da6e7c86225a.ctex[39m[0m
[  83% ] [90m[1msavepack[22m | Storing File: res://assets/chicago/street-pack/stop_sign_Sign_Support3_metallicRoughness.png.import[39m[0m
[  83% ] [90m[1msavepack[22m | Storing File: res://.godot/imported/stop_sign_Sign_Support3_normal.png-45dc9f9183a085b8e5bf7b7c43978d0b.ctex[39m[0m
[  83% ] [90m[1msavepack[22m | Storing File: res://assets/chicago/street-pack/stop_sign_Sign_Support3_normal.png.import[39m[0m
[  83% ] [90m[1msavepack[22m | Storing File: res://.godot/imported/stop_sign_Stop_Sign_baseColor.png-81a43e045dbdc0bf81fb15c169e21a05.ctex[39m[0m
[  83% ] [90m[1msavepack[22m | Storing File: res://assets/chicago/street-pack/stop_sign_Stop_Sign_baseColor.png.import[39m[0m
[  83% ] [90m[1msavepack[22m | Storing File: res://.godot/imported/stop_sign_Stop_Sign_metallicRoughness.png-2fe8686f9ad44a6f8866fbd30e012d5e.ctex[39m[0m
[  83% ] [90m[1msavepack[22m | Storing File: res://assets/chicago/street-pack/stop_sign_Stop_Sign_metallicRoughness.png.import[39m[0m
[  84% ] [90m[1msavepack[22m | Storing File: res://.godot/imported/stop_sign_Stop_Sign_normal.png-2dcde656984fe8bd0d1186157c09377f.ctex[39m[0m
[  84% ] [90m[1msavepack[22m | Storing File: res://assets/chicago/street-pack/stop_sign_Stop_Sign_normal.png.import[39m[0m
[  84% ] [90m[1msavepack[22m | Storing File: res://.godot/imported/stop_sign_Support_Screws3_baseColor.png-566d4660f6a34d8847d9df37f815dfd7.ctex[39m[0m
[  84% ] [90m[1msavepack[22m | Storing File: res://assets/chicago/street-pack/stop_sign_Support_Screws3_baseColor.png.import[39m[0m
[  84% ] [90m[1msavepack[22m | Storing File: res://.godot/imported/stop_sign_Support_Screws3_metallicRoughness.png-87ecf915162a88827c05229a390db245.ctex[39m[0m
[  84% ] [90m[1msavepack[22m | Storing File: res://assets/chicago/street-pack/stop_sign_Support_Screws3_metallicRoughness.png.import[39m[0m
[  84% ] [90m[1msavepack[22m | Storing File: res://.godot/imported/stop_sign_Support_Screws3_normal.png-ed9552e72f382e07682d82d3d2571538.ctex[39m[0m
[  84% ] [90m[1msavepack[22m | Storing File: res://assets/chicago/street-pack/stop_sign_Support_Screws3_normal.png.import[39m[0m
[  84% ] [90m[1msavepack[22m | Storing File: res://.godot/imported/trash_bag2.glb-be96bf03a0e7ceea2eae2cb6622dcc95.scn[39m[0m
[  84% ] [90m[1msavepack[22m | Storing File: res://assets/chicago/street-pack/trash_bag2.glb.import[39m[0m
[  84% ] [90m[1msavepack[22m | Storing File: res://.godot/imported/trash_bag2_trash2_baseColor.png-8ab59d22efe9555cc171324bcd6bfedc.ctex[39m[0m
[  84% ] [90m[1msavepack[22m | Storing File: res://assets/chicago/street-pack/trash_bag2_trash2_baseColor.png.import[39m[0m
[  85% ] [90m[1msavepack[22m | Storing File: res://.godot/imported/trash_bag2_trash2_metallicRoughness.png-793e5bcceb3e70ca6e60f18546aba8d7.ctex[39m[0m
[  85% ] [90m[1msavepack[22m | Storing File: res://assets/chicago/street-pack/trash_bag2_trash2_metallicRoughness.png.import[39m[0m
[  85% ] [90m[1msavepack[22m | Storing File: res://.godot/imported/trash_bag2_trash2_normal.png-b7ee4b50f114fcfccb8f6d9db9ee1aa0.ctex[39m[0m
[  85% ] [90m[1msavepack[22m | Storing File: res://assets/chicago/street-pack/trash_bag2_trash2_normal.png.import[39m[0m
[  85% ] [90m[1msavepack[22m | Storing File: res://.godot/imported/trash_bag.glb-0bb29eb24fcd385f526ffe2f4cbfdfc0.scn[39m[0m
[  85% ] [90m[1msavepack[22m | Storing File: res://assets/chicago/street-pack/trash_bag.glb.import[39m[0m
[  85% ] [90m[1msavepack[22m | Storing File: res://.godot/imported/trash_bag_trash1_baseColor.png-7c28221b7236934e6f76ed1d4d66fa91.ctex[39m[0m
[  85% ] [90m[1msavepack[22m | Storing File: res://assets/chicago/street-pack/trash_bag_trash1_baseColor.png.import[39m[0m
[  85% ] [90m[1msavepack[22m | Storing File: res://.godot/imported/trash_bag_trash1_metallicRoughness.png-3a2a54e960060ca0d7f33b1585824139.ctex[39m[0m
[  85% ] [90m[1msavepack[22m | Storing File: res://assets/chicago/street-pack/trash_bag_trash1_metallicRoughness.png.import[39m[0m
[  85% ] [90m[1msavepack[22m | Storing File: res://.godot/imported/trash_bag_trash1_normal.png-5fd7488ae45e168f01f18bed59a651dc.ctex[39m[0m
[  85% ] [90m[1msavepack[22m | Storing File: res://assets/chicago/street-pack/trash_bag_trash1_normal.png.import[39m[0m
[  85% ] [90m[1msavepack[22m | Storing File: res://.godot/imported/pavement_05_diff_1k.jpg-9610ec424794aac47cd5da31539f640e.s3tc.ctex[39m[0m
[  85% ] [90m[1msavepack[22m | Storing File: res://assets/chicago/surfaces/pavement_05/pavement_05_diff_1k.jpg.import[39m[0m
[  86% ] [90m[1msavepack[22m | Storing File: res://.godot/imported/pavement_05_nor_gl_1k.jpg-d2ba0b92d4bdb2d329fa3b96170cf71e.s3tc.ctex[39m[0m
[  86% ] [90m[1msavepack[22m | Storing File: res://assets/chicago/surfaces/pavement_05/pavement_05_nor_gl_1k.jpg.import[39m[0m
[  86% ] [90m[1msavepack[22m | Storing File: res://.godot/imported/pavement_05_rough_1k.jpg-bafe0b801d22cf1b7ccf00336b97529c.s3tc.ctex[39m[0m
[  86% ] [90m[1msavepack[22m | Storing File: res://assets/chicago/surfaces/pavement_05/pavement_05_rough_1k.jpg.import[39m[0m
[  86% ] [90m[1msavepack[22m | Storing File: res://.godot/imported/worn_asphalt_diff_1k.jpg-7e53995ef16396c4fe8d5c98b86a59c3.s3tc.ctex[39m[0m
[  86% ] [90m[1msavepack[22m | Storing File: res://assets/chicago/surfaces/worn_asphalt/worn_asphalt_diff_1k.jpg.import[39m[0m
[  86% ] [90m[1msavepack[22m | Storing File: res://.godot/imported/worn_asphalt_nor_gl_1k.jpg-4f02f0d6acae06ff1acf577aee3d34f4.s3tc.ctex[39m[0m
[  86% ] [90m[1msavepack[22m | Storing File: res://assets/chicago/surfaces/worn_asphalt/worn_asphalt_nor_gl_1k.jpg.import[39m[0m
[  86% ] [90m[1msavepack[22m | Storing File: res://.godot/imported/worn_asphalt_rough_1k.jpg-7b683b38e445cd6abe5804702618d612.s3tc.ctex[39m[0m
[  86% ] [90m[1msavepack[22m | Storing File: res://assets/chicago/surfaces/worn_asphalt/worn_asphalt_rough_1k.jpg.import[39m[0m
[  86% ] [90m[1msavepack[22m | Storing File: res://.godot/imported/Rajdhani-Bold.ttf-ea69f988f763daf406e34905eff3a731.fontdata[39m[0m
[  86% ] [90m[1msavepack[22m | Storing File: res://assets/fonts/Rajdhani-Bold.ttf.import[39m[0m
[  86% ] [90m[1msavepack[22m | Storing File: res://.godot/imported/Rajdhani-Medium.ttf-e7603349f496e531180a2d200b37901a.fontdata[39m[0m
[  86% ] [90m[1msavepack[22m | Storing File: res://assets/fonts/Rajdhani-Medium.ttf.import[39m[0m
[  87% ] [90m[1msavepack[22m | Storing File: res://assets/fonts/sources.json[39m[0m
[  87% ] [90m[1msavepack[22m | Storing File: res://trackgen/data/spa/raw-lidar/terrain-007.json[39m[0m
[  87% ] [90m[1msavepack[22m | Storing File: res://trackgen/data/spa/raw-lidar/terrain-011.json[39m[0m
[  87% ] [90m[1msavepack[22m | Storing File: res://trackgen/data/spa/raw-lidar/terrain-006.json[39m[0m
[  87% ] [90m[1msavepack[22m | Storing File: res://trackgen/data/spa/raw-lidar/terrain-008.json[39m[0m
[  87% ] [90m[1msavepack[22m | Storing File: res://trackgen/data/spa/raw-lidar/terrain-012.json[39m[0m
[  87% ] [90m[1msavepack[22m | Storing File: res://trackgen/data/spa/raw-lidar/terrain-010.json[39m[0m
[  88% ] [90m[1msavepack[22m | Storing File: res://trackgen/data/spa/raw-lidar/terrain-009.json[39m[0m
[  88% ] [90m[1msavepack[22m | Storing File: res://trackgen/data/spa/raw-lidar/terrain-013.json[39m[0m
[  88% ] [90m[1msavepack[22m | Storing File: res://trackgen/data/spa/raw-lidar/terrain-005.json[39m[0m
[  88% ] [90m[1msavepack[22m | Storing File: res://.godot/imported/grass_patch.glb-bc42ed34b9f12761db12238019925cb9.scn[39m[0m
[  88% ] [90m[1msavepack[22m | Storing File: res://assets/nature/grass/grass_patch.glb.import[39m[0m
[  88% ] [90m[1msavepack[22m | Storing File: res://.godot/imported/grass_patch_Image_0.png-ee48f1992cd7bf559cb51d24693f9c11.ctex[39m[0m
[  88% ] [90m[1msavepack[22m | Storing File: res://assets/nature/grass/grass_patch_Image_0.png.import[39m[0m
[  88% ] [90m[1msavepack[22m | Storing File: res://.godot/imported/grass_patch_Image_1.jpg-92555d145f0ee877217812b902b2b42d.ctex[39m[0m
[  88% ] [90m[1msavepack[22m | Storing File: res://assets/nature/grass/grass_patch_Image_1.jpg.import[39m[0m
[  88% ] [90m[1msavepack[22m | Storing File: res://.godot/imported/grass_patch_Image_2.png-8c5f78e449f32a6abefe4445baf74465.ctex[39m[0m
[  88% ] [90m[1msavepack[22m | Storing File: res://assets/nature/grass/grass_patch_Image_2.png.import[39m[0m
[  89% ] [90m[1msavepack[22m | Storing File: res://.godot/imported/grass_tuft.glb-aac98699c9c5c16650ba7711303445e1.scn[39m[0m
[  89% ] [90m[1msavepack[22m | Storing File: res://assets/nature/grass/grass_tuft.glb.import[39m[0m
[  89% ] [90m[1msavepack[22m | Storing File: res://.godot/imported/grass_tuft_Image_0.png-b7e0dee0eeec4b3d88d7a3dc8c31e472.ctex[39m[0m
[  89% ] [90m[1msavepack[22m | Storing File: res://assets/nature/grass/grass_tuft_Image_0.png.import[39m[0m
[  89% ] [90m[1msavepack[22m | Storing File: res://.godot/imported/grass_tuft_Image_1.jpg-dde00e86f61f92c8669a6374a0f06b09.ctex[39m[0m
[  89% ] [90m[1msavepack[22m | Storing File: res://assets/nature/grass/grass_tuft_Image_1.jpg.import[39m[0m
[  89% ] [90m[1msavepack[22m | Storing File: res://.godot/imported/grass_tuft_Image_2.png-3467875fe391824047fa49d5a52b0309.ctex[39m[0m
[  89% ] [90m[1msavepack[22m | Storing File: res://assets/nature/grass/grass_tuft_Image_2.png.import[39m[0m
[  89% ] [90m[1msavepack[22m | Storing File: res://.godot/imported/palm.glb-e75f226a804b75be7214ea875fb8f23a.scn[39m[0m
[  89% ] [90m[1msavepack[22m | Storing File: res://assets/nature/kenney/palm.glb.import[39m[0m
[  89% ] [90m[1msavepack[22m | Storing File: res://.godot/imported/boulder_a.glb-cf26f9f03a2a78269ac512f1ca103cd3.scn[39m[0m
[  89% ] [90m[1msavepack[22m | Storing File: res://assets/nature/rocks-foliage/boulder_a.glb.import[39m[0m
[  89% ] [90m[1msavepack[22m | Storing File: res://.godot/imported/boulder_a_Material.png-80bdb4951dcb263fe3a8527bfbb1d462.ctex[39m[0m
[  89% ] [90m[1msavepack[22m | Storing File: res://assets/nature/rocks-foliage/boulder_a_Material.png.import[39m[0m
[  90% ] [90m[1msavepack[22m | Storing File: res://.godot/imported/boulder_a_Material_1.jpg-c26f9fb295aefa02292898f51e66e7d3.ctex[39m[0m
[  90% ] [90m[1msavepack[22m | Storing File: res://assets/nature/rocks-foliage/boulder_a_Material_1.jpg.import[39m[0m
[  90% ] [90m[1msavepack[22m | Storing File: res://.godot/imported/boulder_a_Material_2.png-5985903429cf6168290786e0fa0d1cfe.ctex[39m[0m
[  90% ] [90m[1msavepack[22m | Storing File: res://assets/nature/rocks-foliage/boulder_a_Material_2.png.import[39m[0m
[  90% ] [90m[1msavepack[22m | Storing File: res://.godot/imported/boulder_b.glb-5582c1abe8157c19a6ebfe228b7b3a24.scn[39m[0m
[  90% ] [90m[1msavepack[22m | Storing File: res://assets/nature/rocks-foliage/boulder_b.glb.import[39m[0m
[  90% ] [90m[1msavepack[22m | Storing File: res://.godot/imported/boulder_b_Material.png-624a154c6d1bd7a07a977670ede10134.ctex[39m[0m
[  90% ] [90m[1msavepack[22m | Storing File: res://assets/nature/rocks-foliage/boulder_b_Material.png.import[39m[0m
[  90% ] [90m[1msavepack[22m | Storing File: res://.godot/imported/boulder_b_Material_1.jpg-4b8a0de05377274bb97c029635a62fb4.ctex[39m[0m
[  90% ] [90m[1msavepack[22m | Storing File: res://assets/nature/rocks-foliage/boulder_b_Material_1.jpg.import[39m[0m
[  90% ] [90m[1msavepack[22m | Storing File: res://.godot/imported/boulder_b_Material_2.png-fe16a2bf0904f8e3a64f28f46931c651.ctex[39m[0m
[  90% ] [90m[1msavepack[22m | Storing File: res://assets/nature/rocks-foliage/boulder_b_Material_2.png.import[39m[0m
[  90% ] [90m[1msavepack[22m | Storing File: res://.godot/imported/boulder_c.glb-1530c4903b7ed8e5a08504fa2aa453d8.scn[39m[0m
[  90% ] [90m[1msavepack[22m | Storing File: res://assets/nature/rocks-foliage/boulder_c.glb.import[39m[0m
[  91% ] [90m[1msavepack[22m | Storing File: res://.godot/imported/boulder_c_Material.png-caa167043148e76a032402eee05729d7.ctex[39m[0m
[  91% ] [90m[1msavepack[22m | Storing File: res://assets/nature/rocks-foliage/boulder_c_Material.png.import[39m[0m
[  91% ] [90m[1msavepack[22m | Storing File: res://.godot/imported/boulder_c_Material_1.jpg-3e7b0cd7617eed057a8fc2937608f673.ctex[39m[0m
[  91% ] [90m[1msavepack[22m | Storing File: res://assets/nature/rocks-foliage/boulder_c_Material_1.jpg.import[39m[0m
[  91% ] [90m[1msavepack[22m | Storing File: res://.godot/imported/boulder_c_Material_2.png-f8aed898629fc3dc555e4d46a3d3a20a.ctex[39m[0m
[  91% ] [90m[1msavepack[22m | Storing File: res://assets/nature/rocks-foliage/boulder_c_Material_2.png.import[39m[0m
[  91% ] [90m[1msavepack[22m | Storing File: res://.godot/imported/boulder_d.glb-4d62d2d33a2d7fa23cee1b5b7e3e37ee.scn[39m[0m
[  91% ] [90m[1msavepack[22m | Storing File: res://assets/nature/rocks-foliage/boulder_d.glb.import[39m[0m
[  91% ] [90m[1msavepack[22m | Storing File: res://.godot/imported/boulder_d_Material.png-217570f6129e4a649dbdfb54d4fa8232.ctex[39m[0m
[  91% ] [90m[1msavepack[22m | Storing File: res://assets/nature/rocks-foliage/boulder_d_Material.png.import[39m[0m
[  91% ] [90m[1msavepack[22m | Storing File: res://.godot/imported/boulder_d_Material_1.jpg-f6342dc1d5d4eb259672b107194b731a.ctex[39m[0m
[  91% ] [90m[1msavepack[22m | Storing File: res://assets/nature/rocks-foliage/boulder_d_Material_1.jpg.import[39m[0m
[  91% ] [90m[1msavepack[22m | Storing File: res://.godot/imported/boulder_d_Material_2.png-5a68e8bd1b9637a3911a636056bcb742.ctex[39m[0m
[  91% ] [90m[1msavepack[22m | Storing File: res://assets/nature/rocks-foliage/boulder_d_Material_2.png.import[39m[0m
[  92% ] [90m[1msavepack[22m | Storing File: res://.godot/imported/grass_bush.glb-2d8a2e60f761e660851127ef4fa3634d.scn[39m[0m
[  92% ] [90m[1msavepack[22m | Storing File: res://assets/nature/rocks-foliage/grass_bush.glb.import[39m[0m
[  92% ] [90m[1msavepack[22m | Storing File: res://.godot/imported/grass_bush_Material.png-c6544647fd8b1ff06fec41aef2e0c65c.ctex[39m[0m
[  92% ] [90m[1msavepack[22m | Storing File: res://assets/nature/rocks-foliage/grass_bush_Material.png.import[39m[0m
[  92% ] [90m[1msavepack[22m | Storing File: res://.godot/imported/grass_bush_Material_1.jpg-07b9a38915801af22e7294377531abd0.ctex[39m[0m
[  92% ] [90m[1msavepack[22m | Storing File: res://assets/nature/rocks-foliage/grass_bush_Material_1.jpg.import[39m[0m
[  92% ] [90m[1msavepack[22m | Storing File: res://.godot/imported/grass_bush_Material_2.png-6cd5a0ed8b4a3766033c90c2831b4e1b.ctex[39m[0m
[  92% ] [90m[1msavepack[22m | Storing File: res://assets/nature/rocks-foliage/grass_bush_Material_2.png.import[39m[0m
[  92% ] [90m[1msavepack[22m | Storing File: res://.godot/imported/grass_clump.glb-e7e82d0f5be4a899204d7f6445e83803.scn[39m[0m
[  92% ] [90m[1msavepack[22m | Storing File: res://assets/nature/rocks-foliage/grass_clump.glb.import[39m[0m
[  92% ] [90m[1msavepack[22m | Storing File: res://.godot/imported/grass_clump_Material.png-1bf15d33975730cdb24a5aeb64cd9f35.ctex[39m[0m
[  92% ] [90m[1msavepack[22m | Storing File: res://assets/nature/rocks-foliage/grass_clump_Material.png.import[39m[0m
[  92% ] [90m[1msavepack[22m | Storing File: res://.godot/imported/grass_clump_Material_1.jpg-ceb4f43e4172ef6542b91a2ca433ba74.ctex[39m[0m
[  92% ] [90m[1msavepack[22m | Storing File: res://assets/nature/rocks-foliage/grass_clump_Material_1.jpg.import[39m[0m
[  93% ] [90m[1msavepack[22m | Storing File: res://.godot/imported/grass_clump_Material_2.png-ce1011afd2d9c6d3d7a1f4d2eb7fceca.ctex[39m[0m
[  93% ] [90m[1msavepack[22m | Storing File: res://assets/nature/rocks-foliage/grass_clump_Material_2.png.import[39m[0m
[  93% ] [90m[1msavepack[22m | Storing File: res://.godot/imported/stone_a.glb-cfd70a4452a14763551f1ba7c9065e4e.scn[39m[0m
[  93% ] [90m[1msavepack[22m | Storing File: res://assets/nature/rocks-foliage/stone_a.glb.import[39m[0m
[  93% ] [90m[1msavepack[22m | Storing File: res://.godot/imported/stone_a_Material.png-ba92461653080386efbd5019243d8b99.ctex[39m[0m
[  93% ] [90m[1msavepack[22m | Storing File: res://assets/nature/rocks-foliage/stone_a_Material.png.import[39m[0m
[  93% ] [90m[1msavepack[22m | Storing File: res://.godot/imported/stone_a_Material_1.jpg-8aa334d1d5efbe722cbae4a4e1f8c522.ctex[39m[0m
[  93% ] [90m[1msavepack[22m | Storing File: res://assets/nature/rocks-foliage/stone_a_Material_1.jpg.import[39m[0m
[  93% ] [90m[1msavepack[22m | Storing File: res://.godot/imported/stone_a_Material_2.png-1d57db1e7a80cbb43a7d15ab03581542.ctex[39m[0m
[  93% ] [90m[1msavepack[22m | Storing File: res://assets/nature/rocks-foliage/stone_a_Material_2.png.import[39m[0m
[  93% ] [90m[1msavepack[22m | Storing File: res://.godot/imported/stone_b.glb-84ef8d1796a266fc77bab06c444b19b2.scn[39m[0m
[  93% ] [90m[1msavepack[22m | Storing File: res://assets/nature/rocks-foliage/stone_b.glb.import[39m[0m
[  93% ] [90m[1msavepack[22m | Storing File: res://.godot/imported/stone_b_Material.png-a5fd28b1225d25191b077f3e9d4260d4.ctex[39m[0m
[  93% ] [90m[1msavepack[22m | Storing File: res://assets/nature/rocks-foliage/stone_b_Material.png.import[39m[0m
[  94% ] [90m[1msavepack[22m | Storing File: res://.godot/imported/stone_b_Material_1.jpg-8d927d59186293b18d966f9d6ac94af5.ctex[39m[0m
[  94% ] [90m[1msavepack[22m | Storing File: res://assets/nature/rocks-foliage/stone_b_Material_1.jpg.import[39m[0m
[  94% ] [90m[1msavepack[22m | Storing File: res://.godot/imported/stone_b_Material_2.png-148874297afd31a2e5bf3ef2650fe75f.ctex[39m[0m
[  94% ] [90m[1msavepack[22m | Storing File: res://assets/nature/rocks-foliage/stone_b_Material_2.png.import[39m[0m
[  94% ] [90m[1msavepack[22m | Storing File: res://.godot/imported/particle_atlas.png-ea88f5d2bfe7b67a6f6b09a38eba6353.s3tc.ctex[39m[0m
[  94% ] [90m[1msavepack[22m | Storing File: res://assets/particles/particle_atlas.png.import[39m[0m
[  94% ] [90m[1msavepack[22m | Storing File: res://.godot/imported/armco.png-d7ff1adad4737bfed802d76a9803c01c.ctex[39m[0m
[  94% ] [90m[1msavepack[22m | Storing File: res://assets/ps2/armco.png.import[39m[0m
[  94% ] [90m[1msavepack[22m | Storing File: res://.godot/imported/asphalt_track_diff.png-a75468a49cad2042b245cf01f21efa48.ctex[39m[0m
[  94% ] [90m[1msavepack[22m | Storing File: res://assets/ps2/asphalt_track_diff.png.import[39m[0m
[  94% ] [90m[1msavepack[22m | Storing File: res://.godot/imported/asphalt_track_nor_gl.png-e704594cab20f0eff6457fcdfac19906.ctex[39m[0m
[  94% ] [90m[1msavepack[22m | Storing File: res://assets/ps2/asphalt_track_nor_gl.png.import[39m[0m
[  94% ] [90m[1msavepack[22m | Storing File: res://.godot/imported/asphalt_track_rough.png-8648f4e30aa6fcf5883738eb46882cb0.ctex[39m[0m
[  94% ] [90m[1msavepack[22m | Storing File: res://assets/ps2/asphalt_track_rough.png.import[39m[0m
[  95% ] [90m[1msavepack[22m | Storing File: res://.godot/imported/concrete_floor_02_diff.png-1a89bed7f633080f24c1087e82aeb4b4.ctex[39m[0m
[  95% ] [90m[1msavepack[22m | Storing File: res://assets/ps2/concrete_floor_02_diff.png.import[39m[0m
[  95% ] [90m[1msavepack[22m | Storing File: res://.godot/imported/concrete_floor_02_nor_gl.png-4866981f8b247743faa3bacb33b586de.ctex[39m[0m
[  95% ] [90m[1msavepack[22m | Storing File: res://assets/ps2/concrete_floor_02_nor_gl.png.import[39m[0m
[  95% ] [90m[1msavepack[22m | Storing File: res://.godot/imported/concrete_floor_02_rough.png-1337f635e3fe0c3bada8661d9fdbc704.ctex[39m[0m
[  95% ] [90m[1msavepack[22m | Storing File: res://assets/ps2/concrete_floor_02_rough.png.import[39m[0m
[  95% ] [90m[1msavepack[22m | Storing File: res://.godot/imported/crowd.png-ba56de4871652ccb26749fb3d066d40a.ctex[39m[0m
[  95% ] [90m[1msavepack[22m | Storing File: res://assets/ps2/crowd.png.import[39m[0m
[  95% ] [90m[1msavepack[22m | Storing File: res://.godot/imported/grass_ground_diff.png-bf19517b00a407c69544b52d5fbfd1ab.ctex[39m[0m
[  95% ] [90m[1msavepack[22m | Storing File: res://assets/ps2/grass_ground_diff.png.import[39m[0m
[  95% ] [90m[1msavepack[22m | Storing File: res://.godot/imported/grass_ground_nor_gl.png-49cd0abe89f1758d98dec90dad536988.ctex[39m[0m
[  95% ] [90m[1msavepack[22m | Storing File: res://assets/ps2/grass_ground_nor_gl.png.import[39m[0m
[  95% ] [90m[1msavepack[22m | Storing File: res://.godot/imported/grass_ground_rough.png-907d6ae09a5163f9c031775be8e8c9db.ctex[39m[0m
[  95% ] [90m[1msavepack[22m | Storing File: res://assets/ps2/grass_ground_rough.png.import[39m[0m
[  96% ] [90m[1msavepack[22m | Storing File: res://.godot/imported/gravel_floor_diff.png-8f0b2427020788b96a2c25219209e494.ctex[39m[0m
[  96% ] [90m[1msavepack[22m | Storing File: res://assets/ps2/gravel_floor_diff.png.import[39m[0m
[  96% ] [90m[1msavepack[22m | Storing File: res://.godot/imported/gravel_floor_nor_gl.png-e528f970411e7075f8b8a56209cd2a05.ctex[39m[0m
[  96% ] [90m[1msavepack[22m | Storing File: res://assets/ps2/gravel_floor_nor_gl.png.import[39m[0m
[  96% ] [90m[1msavepack[22m | Storing File: res://.godot/imported/gravel_floor_rough.png-db1f271d513b68322ff6542f118b740c.ctex[39m[0m
[  96% ] [90m[1msavepack[22m | Storing File: res://assets/ps2/gravel_floor_rough.png.import[39m[0m
[  96% ] [90m[1msavepack[22m | Storing File: res://.godot/imported/skyfalsefalse.png-594caa2a5d178b338453fe70a48678f1.ctex[39m[0m
[  96% ] [90m[1msavepack[22m | Storing File: res://assets/ps2/skyfalsefalse.png.import[39m[0m
[  96% ] [90m[1msavepack[22m | Storing File: res://.godot/imported/skyfalsetrue.png-4e0f236662238f2e03ad3c0a9c610b00.ctex[39m[0m
[  96% ] [90m[1msavepack[22m | Storing File: res://assets/ps2/skyfalsetrue.png.import[39m[0m
[  96% ] [90m[1msavepack[22m | Storing File: res://.godot/imported/skytruefalse.png-28b811ef0f05d86b4c594f113caba414.ctex[39m[0m
[  96% ] [90m[1msavepack[22m | Storing File: res://assets/ps2/skytruefalse.png.import[39m[0m
[  96% ] [90m[1msavepack[22m | Storing File: res://.godot/imported/skytruetrue.png-cb9218f66e0fa5087544d0a81d2e0bb4.ctex[39m[0m
[  96% ] [90m[1msavepack[22m | Storing File: res://assets/ps2/skytruetrue.png.import[39m[0m
[  97% ] [90m[1msavepack[22m | Storing File: res://assets/ps2/texture-manifest.json[39m[0m
[  97% ] [90m[1msavepack[22m | Storing File: res://.godot/imported/treefalse.png-d7cb01f5609b8d58ffdfc1a4ca5dc4ce.ctex[39m[0m
[  97% ] [90m[1msavepack[22m | Storing File: res://assets/ps2/treefalse.png.import[39m[0m
[  97% ] [90m[1msavepack[22m | Storing File: res://.godot/imported/treetrue.png-d3a378275da0c1d8405de767b47fb897.ctex[39m[0m
[  97% ] [90m[1msavepack[22m | Storing File: res://assets/ps2/treetrue.png.import[39m[0m
[  97% ] [90m[1msavepack[22m | Storing File: res://.godot/imported/tyre.png-c9117511d0be2543590e248a009e8e76.ctex[39m[0m
[  97% ] [90m[1msavepack[22m | Storing File: res://assets/ps2/tyre.png.import[39m[0m
[  97% ] [90m[1msavepack[22m | Storing File: res://.godot/imported/asphalt_track_diff.jpg-ea9065e81c3a948bed35cfd5c92e1daf.s3tc.ctex[39m[0m
[  97% ] [90m[1msavepack[22m | Storing File: res://assets/textures/asphalt_track/asphalt_track_diff.jpg.import[39m[0m
[  97% ] [90m[1msavepack[22m | Storing File: res://.godot/imported/asphalt_track_nor_gl.jpg-115e93315dc232dbdb0694bbcf70875c.s3tc.ctex[39m[0m
[  97% ] [90m[1msavepack[22m | Storing File: res://assets/textures/asphalt_track/asphalt_track_nor_gl.jpg.import[39m[0m
[  97% ] [90m[1msavepack[22m | Storing File: res://.godot/imported/asphalt_track_rough.jpg-469e9a8eef7c6fbf17ede2bde94e609b.s3tc.ctex[39m[0m
[  97% ] [90m[1msavepack[22m | Storing File: res://assets/textures/asphalt_track/asphalt_track_rough.jpg.import[39m[0m
[  98% ] [90m[1msavepack[22m | Storing File: res://.godot/imported/Bricks097_color.jpg-a4a8cda5de7280752828030b40321bbb.s3tc.ctex[39m[0m
[  98% ] [90m[1msavepack[22m | Storing File: res://assets/textures/chicago/Bricks097/Bricks097_color.jpg.import[39m[0m
[  98% ] [90m[1msavepack[22m | Storing File: res://.godot/imported/Bricks097_normal.jpg-6d663118c2e1b0ef49045f63e0616937.s3tc.ctex[39m[0m
[  98% ] [90m[1msavepack[22m | Storing File: res://assets/textures/chicago/Bricks097/Bricks097_normal.jpg.import[39m[0m
[  98% ] [90m[1msavepack[22m | Storing File: res://.godot/imported/Bricks097_roughness.jpg-1a8cc09620e6bb14d50dc9475ef8eac6.s3tc.ctex[39m[0m
[  98% ] [90m[1msavepack[22m | Storing File: res://assets/textures/chicago/Bricks097/Bricks097_roughness.jpg.import[39m[0m
[  98% ] [90m[1msavepack[22m | Storing File: res://.godot/imported/brick_wall_003_diffuse_1k.jpg-bf04d40afa2b1b79cf84657f81a8466d.s3tc.ctex[39m[0m
[  98% ] [90m[1msavepack[22m | Storing File: res://assets/textures/chicago/brick_wall_003/brick_wall_003_diffuse_1k.jpg.import[39m[0m
[  98% ] [90m[1msavepack[22m | Storing File: res://.godot/imported/brick_wall_003_nor_gl_1k.jpg-14095453fee0d71791921aaaa5b758ff.s3tc.ctex[39m[0m
[  98% ] [90m[1msavepack[22m | Storing File: res://assets/textures/chicago/brick_wall_003/brick_wall_003_nor_gl_1k.jpg.import[39m[0m
[  98% ] [90m[1msavepack[22m | Storing File: res://.godot/imported/brick_wall_003_rough_1k.jpg-20f704b0cd22c1114b3af083b4d0caab.s3tc.ctex[39m[0m
[  98% ] [90m[1msavepack[22m | Storing File: res://assets/textures/chicago/brick_wall_003/brick_wall_003_rough_1k.jpg.import[39m[0m
[  98% ] [90m[1msavepack[22m | Storing File: res://scripts/cars/glb_car.gd.remap[39m[0m
[  98% ] [90m[1msavepack[22m | Storing File: res://scripts/surface/track_surface.gd.remap[39m[0m
[  98% ] [90m[1msavepack[22m | Storing File: res://scripts/surface/test_surface.gd.remap[39m[0m
[  98% ] [90m[1msavepack[22m | Storing File: res://scripts/surface/wall_query.gd.remap[39m[0m
[  98% ] [90m[1msavepack[22m | Storing File: res://scripts/track/ps2_materials.gd.remap[39m[0m
[  98% ] [90m[1msavepack[22m | Storing File: res://scenes/proving/track_drive.tscn.remap[39m[0m
[  98% ] [90m[1msavepack[22m | Storing File: res://scripts/track/prop_mesh.gd.remap[39m[0m
[  98% ] [90m[1msavepack[22m | Storing File: res://scripts/track/gantry.gd.remap[39m[0m
[  98% ] [90m[1msavepack[22m | Storing File: res://scripts/track/night_glow.gd.remap[39m[0m
[  98% ] [90m[1msavepack[22m | Storing File: res://scripts/track/ribbon.gd.remap[39m[0m
[  98% ] [90m[1msavepack[22m | Storing File: res://scripts/track/track_asset.gd.remap[39m[0m
[  98% ] [90m[1msavepack[22m | Storing File: res://scripts/track/scenery_builder.gd.remap[39m[0m
[  98% ] [90m[1msavepack[22m | Storing File: res://scenes/proving/test_surfaces.tscn.remap[39m[0m
[  98% ] [90m[1msavepack[22m | Storing File: res://scripts/track/terrain.gd.remap[39m[0m
[  98% ] [90m[1msavepack[22m | Storing File: res://scripts/proving/visual_adapter.gd.remap[39m[0m
[  98% ] [90m[1msavepack[22m | Storing File: res://scripts/props/prop_set.gd.remap[39m[0m
[  98% ] [90m[1msavepack[22m | Storing File: res://scripts/cars/f296gt3.gd.remap[39m[0m
[  98% ] [90m[1msavepack[22m | Storing File: res://scripts/track/track_boards.gd.remap[39m[0m
[  98% ] [90m[1msavepack[22m | Storing File: res://scripts/cars/mx5.gd.remap[39m[0m
[  98% ] [90m[1msavepack[22m | Storing File: res://scripts/track/billboards.gd.remap[39m[0m
[  98% ] [90m[1msavepack[22m | Storing File: res://scripts/cars/gt.gd.remap[39m[0m
[  98% ] [90m[1msavepack[22m | Storing File: res://scripts/track/l_trains.gd.remap[39m[0m
[  98% ] [90m[1msavepack[22m | Storing File: res://scripts/track/marshal_post.gd.remap[39m[0m
[  98% ] [90m[1msavepack[22m | Storing File: res://scripts/proving/track_drive.gd.remap[39m[0m
[  98% ] [90m[1msavepack[22m | Storing File: res://scripts/cars/car_kit.gd.remap[39m[0m
[  98% ] [90m[1msavepack[22m | Storing File: res://scripts/proving/test_surfaces.gd.remap[39m[0m
[  98% ] [90m[1msavepack[22m | Storing File: res://scripts/track/catch_fence.gd.remap[39m[0m
[  98% ] [90m[1msavepack[22m | Storing File: res://scripts/surface/surface_table.gd.remap[39m[0m
[  98% ] [90m[1msavepack[22m | Storing File: res://scripts/track/road_scatter.gd.remap[39m[0m
[  98% ] [90m[1msavepack[22m | Storing File: res://scripts/track/pit_building.gd.remap[39m[0m
[  98% ] [90m[1msavepack[22m | Storing File: res://scripts/track/grandstand.gd.remap[39m[0m
[  98% ] [90m[1msavepack[22m | Storing File: res://scripts/track/wall_builder.gd.remap[39m[0m
[  98% ] [90m[1msavepack[22m | Storing File: res://scripts/track/track_lights.gd.remap[39m[0m
[  98% ] [90m[1msavepack[22m | Storing File: res://scripts/props/prop_body.gd.remap[39m[0m
[  98% ] [90m[1msavepack[22m | Storing File: res://scripts/track/road_path.gd.remap[39m[0m
[  98% ] [90m[1msavepack[22m | Storing File: res://scripts/track/road_builder.gd.remap[39m[0m
[  98% ] [90m[1msavepack[22m | Storing File: res://scripts/track/track_loader.gd.remap[39m[0m
[  98% ] [90m[1msavepack[22m | Storing File: res://scripts/track/road_section.gd.remap[39m[0m
[  98% ] [90m[1msavepack[22m | Storing File: res://scripts/track/chicago_night.gd.remap[39m[0m
[  98% ] [90m[1msavepack[22m | Storing File: res://scripts/track/wall_path.gd.remap[39m[0m
[  98% ] [90m[1msavepack[22m | Storing File: res://scripts/game.gd.remap[39m[0m
[  98% ] [90m[1msavepack[22m | Storing File: res://scripts/vehicle/bot_driver.gd.remap[39m[0m
[  98% ] [90m[1msavepack[22m | Storing File: res://scripts/vehicle/tyre.gd.remap[39m[0m
[  98% ] [90m[1msavepack[22m | Storing File: res://scripts/vehicle/car_body.gd.remap[39m[0m
[  98% ] [90m[1msavepack[22m | Storing File: res://scripts/vehicle/aids.gd.remap[39m[0m
[  98% ] [90m[1msavepack[22m | Storing File: res://scripts/presentation_check.gd.remap[39m[0m
[  98% ] [90m[1msavepack[22m | Storing File: res://scripts/main.gd.remap[39m[0m
[  98% ] [90m[1msavepack[22m | Storing File: res://scripts/retro_assets.gd.remap[39m[0m
[  98% ] [90m[1msavepack[22m | Storing File: res://scripts/retro_renderer.gd.remap[39m[0m
[  98% ] [90m[1msavepack[22m | Storing File: res://scripts/v2_panels.gd.remap[39m[0m
[  98% ] [90m[1msavepack[22m | Storing File: res://scripts/vehicle/drivetrain.gd.remap[39m[0m
[  98% ] [90m[1msavepack[22m | Storing File: res://scripts/vehicle/wall_contact.gd.remap[39m[0m
[  98% ] [90m[1msavepack[22m | Storing File: res://scripts/race.gd.remap[39m[0m
[  98% ] [90m[1msavepack[22m | Storing File: res://scripts/audio.gd.remap[39m[0m
[  98% ] [90m[1msavepack[22m | Storing File: res://scripts/controls.gd.remap[39m[0m
[  98% ] [90m[1msavepack[22m | Storing File: res://scripts/vehicle/tyre_footprint.gd.remap[39m[0m
[  98% ] [90m[1msavepack[22m | Storing File: res://scripts/particles.gd.remap[39m[0m
[  98% ] [90m[1msavepack[22m | Storing File: res://scripts/record_writer.gd.remap[39m[0m
[  98% ] [90m[1msavepack[22m | Storing File: res://trackgen/capture_shot.gd.remap[39m[0m
[  98% ] [90m[1msavepack[22m | Storing File: res://scripts/instruments.gd.remap[39m[0m
[  98% ] [90m[1msavepack[22m | Storing File: res://scripts/front_end.gd.remap[39m[0m
[  98% ] [90m[1msavepack[22m | Storing File: res://scripts/retro_flare.gd.remap[39m[0m
[  98% ] [90m[1msavepack[22m | Storing File: res://scripts/visuals.gd.remap[39m[0m
[  98% ] [90m[1msavepack[22m | Storing File: res://scripts/storage.gd.remap[39m[0m
[  98% ] [90m[1msavepack[22m | Storing File: res://scripts/ferrari_296.gd.remap[39m[0m
[  98% ] [90m[1msavepack[22m | Storing File: res://trackgen/chicago_city.gd.remap[39m[0m
[  98% ] [90m[1msavepack[22m | Storing File: res://trackgen/chicago_crowns.gd.remap[39m[0m
[  98% ] [90m[1msavepack[22m | Storing File: res://trackgen/chicago_harbor.gd.remap[39m[0m
[  98% ] [90m[1msavepack[22m | Storing File: res://trackgen/chicago_kit.gd.remap[39m[0m
[  98% ] [90m[1msavepack[22m | Storing File: res://trackgen/chicago_furniture.gd.remap[39m[0m
[  98% ] [90m[1msavepack[22m | Storing File: res://trackgen/chicago.gd.remap[39m[0m
[  98% ] [90m[1msavepack[22m | Storing File: res://trackgen/spa_landmarks.gd.remap[39m[0m
[  98% ] [90m[1msavepack[22m | Storing File: res://trackgen/spa.gd.remap[39m[0m
[  98% ] [90m[1msavepack[22m | Storing File: res://trackgen/monaco.gd.remap[39m[0m
[  98% ] [90m[1msavepack[22m | Storing File: res://trackgen/kerb_map.gd.remap[39m[0m
[  98% ] [90m[1msavepack[22m | Storing File: res://trackgen/spa_drive_smoke.gd.remap[39m[0m
[  98% ] [90m[1msavepack[22m | Storing File: res://trackgen/nordschleife_s1.gd.remap[39m[0m
[  98% ] [90m[1msavepack[22m | Storing File: res://main.tscn.remap[39m[0m
[  98% ] [90m[1msavepack[22m | Storing File: res://trackgen/proving_ground.gd.remap[39m[0m
[  98% ] [90m[1msavepack[22m | Storing File: res://trackgen/nordschleife.gd.remap[39m[0m
[  98% ] [90m[1msavepack[22m | Storing File: res://trackgen/nature_scatter.gd.remap[39m[0m
[  98% ] [90m[1msavepack[22m | Storing File: res://trackgen/chicago_l.gd.remap[39m[0m
[  98% ] [90m[1msavepack[22m | Storing File: res://assets/chicago/downtown-kit/mat_brick.tres.remap[39m[0m
[  98% ] [90m[1msavepack[22m | Storing File: res://assets/chicago/downtown-kit/mat_dark.tres.remap[39m[0m
[  98% ] [90m[1msavepack[22m | Storing File: res://assets/chicago/downtown-kit/mat_dirt.tres.remap[39m[0m
[  98% ] [90m[1msavepack[22m | Storing File: res://assets/chicago/downtown-kit/mat_glass.tres.remap[39m[0m
[  98% ] [90m[1msavepack[22m | Storing File: res://assets/chicago/downtown-kit/mat_green.tres.remap[39m[0m
[  98% ] [90m[1msavepack[22m | Storing File: res://assets/chicago/downtown-kit/mat_interior.tres.remap[39m[0m
[  98% ] [90m[1msavepack[22m | Storing File: res://assets/chicago/downtown-kit/mat_metal.tres.remap[39m[0m
[  98% ] [90m[1msavepack[22m | Storing File: res://assets/chicago/downtown-kit/mat_ornament.tres.remap[39m[0m
[  98% ] [90m[1msavepack[22m | Storing File: res://assets/chicago/downtown-kit/mat_trim.tres.remap[39m[0m
[  98% ] [90m[1msavepack[22m | Storing File: res://.godot/global_script_class_cache.cfg[39m[0m
[  98% ] [90m[1msavepack[22m | Storing File: res://.godot/uid_cache.bin[39m[0m
[  98% ] [90m[1msavepack[22m | Storing File: res://project.binary[39m[0m
[92m[ DONE ][39m [1msavepack[22m
[0m
[  50% ] [90m[1mexport[22m | Code signing bundle[39m[0m
[92m[ DONE ][39m [1mexport[22m
[0m
Built /Users/zainyasin/Desktop/Racingsim-chicago-spa-polish/godot/build/macos/Racing Sim.app
Packaged /Users/zainyasin/Desktop/Racingsim-chicago-spa-polish/godot/build/RacingSim-macOS.zip
